solid road_asphalt
  facet normal 0 0 1
    outer loop
      vertex -49.4849377 48.4093408 0.04
      vertex -49.7369367 48.1243512 0.04
      vertex -44.4360756 43.551797 0.04
    endloop
  endfacet
  facet normal 0 0 1
    outer loop
      vertex -49.4849377 48.4093408 0.04
      vertex -44.4360756 43.551797 0.04
      vertex -44.2978893 43.7080741 0.04
    endloop
  endfacet
  facet normal -0 0 1
    outer loop
      vertex -49.4849377 48.4093408 0.04
      vertex -44.2978893 43.7080741 0.04
      vertex -49.2260207 48.6880602 0.04
    endloop
  endfacet
  facet normal 0 0 1
    outer loop
      vertex -49.2260207 48.6880602 0.04
      vertex -44.2978893 43.7080741 0.04
      vertex -44.1559093 43.8609129 0.04
    endloop
  endfacet
  facet normal -0 0 1
    outer loop
      vertex -49.2260207 48.6880602 0.04
      vertex -44.1559093 43.8609129 0.04
      vertex -48.9603415 48.9603415 0.04
    endloop
  endfacet
  facet normal 0 0 1
    outer loop
      vertex -48.9603415 48.9603415 0.04
      vertex -44.1559093 43.8609129 0.04
      vertex -44.0102213 44.0102213 0.04
    endloop
  endfacet
  facet normal 0 0 1
    outer loop
      vertex -48.9603415 48.9603415 0.04
      vertex -44.0102213 44.0102213 0.04
      vertex -43.8609129 44.1559093 0.04
    endloop
  endfacet
  facet normal -0 0 1
    outer loop
      vertex -48.9603415 48.9603415 0.04
      vertex -43.8609129 44.1559093 0.04
      vertex -48.6880602 49.2260207 0.04
    endloop
  endfacet
  facet normal 0 0 1
    outer loop
      vertex -48.6880602 49.2260207 0.04
      vertex -43.8609129 44.1559093 0.04
      vertex -43.7080741 44.2978893 0.04
    endloop
  endfacet
  facet normal -0 0 1
    outer loop
      vertex -48.6880602 49.2260207 0.04
      vertex -43.7080741 44.2978893 0.04
      vertex -48.4093408 49.4849377 0.04
    endloop
  endfacet
  facet normal 0 0 1
    outer loop
      vertex -48.4093408 49.4849377 0.04
      vertex -43.7080741 44.2978893 0.04
      vertex -43.551797 44.4360756 0.04
    endloop
  endfacet
  facet normal -0 0 1
    outer loop
      vertex -48.4093408 49.4849377 0.04
      vertex -43.551797 44.4360756 0.04
      vertex -48.1243512 49.7369367 0.04
    endloop
  endfacet
  facet normal -0 0 1
    outer loop
      vertex -48.1243512 49.7369367 0.04
      vertex -43.551797 44.4360756 0.04
      vertex -47.8332631 49.9818658 0.04
    endloop
  endfacet
  facet normal 0 0 1
    outer loop
      vertex -47.8332631 49.9818658 0.04
      vertex -43.551797 44.4360756 0.04
      vertex -43.3921757 44.5703851 0.04
    endloop
  endfacet
  facet normal -0 0 1
    outer loop
      vertex -47.8332631 49.9818658 0.04
      vertex -43.3921757 44.5703851 0.04
      vertex -47.5362518 50.2195774 0.04
    endloop
  endfacet
  facet normal 0 0 1
    outer loop
      vertex -47.5362518 50.2195774 0.04
      vertex -43.3921757 44.5703851 0.04
      vertex -43.2293064 44.7007369 0.04
    endloop
  endfacet
  facet normal 0 0 1
    outer loop
      vertex -47.5362518 50.2195774 0.04
      vertex -43.2293064 44.7007369 0.04
      vertex -43.0632871 44.8270523 0.04
    endloop
  endfacet
  facet normal -0 0 1
    outer loop
      vertex -47.5362518 50.2195774 0.04
      vertex -43.0632871 44.8270523 0.04
      vertex -47.2334962 50.4499284 0.04
    endloop
  endfacet
  facet normal -0 0 1
    outer loop
      vertex -47.2334962 50.4499284 0.04
      vertex -43.0632871 44.8270523 0.04
      vertex -46.9251787 50.6727801 0.04
    endloop
  endfacet
  facet normal 0 0 1
    outer loop
      vertex -46.9251787 50.6727801 0.04
      vertex -43.0632871 44.8270523 0.04
      vertex -42.8942179 44.9492554 0.04
    endloop
  endfacet
  facet normal -0 0 1
    outer loop
      vertex -46.9251787 50.6727801 0.04
      vertex -42.8942179 44.9492554 0.04
      vertex -46.611485 50.8879981 0.04
    endloop
  endfacet
  facet normal 0 0 1
    outer loop
      vertex -46.611485 50.8879981 0.04
      vertex -42.8942179 44.9492554 0.04
      vertex -42.7222006 45.0672726 0.04
    endloop
  endfacet
  facet normal -0 0 1
    outer loop
      vertex -46.611485 50.8879981 0.04
      vertex -42.7222006 45.0672726 0.04
      vertex -46.2926041 51.0954529 0.04
    endloop
  endfacet
  facet normal 0 0 1
    outer loop
      vertex -46.2926041 51.0954529 0.04
      vertex -42.7222006 45.0672726 0.04
      vertex -42.5473388 45.1810326 0.04
    endloop
  endfacet
  facet normal -0 0 1
    outer loop
      vertex -46.2926041 51.0954529 0.04
      vertex -42.5473388 45.1810326 0.04
      vertex -45.968728 51.2950195 0.04
    endloop
  endfacet
  facet normal 0 0 1
    outer loop
      vertex -45.968728 51.2950195 0.04
      vertex -42.5473388 45.1810326 0.04
      vertex -42.3697378 45.2904671 0.04
    endloop
  endfacet
  facet normal -0 0 1
    outer loop
      vertex -45.968728 51.2950195 0.04
      vertex -42.3697378 45.2904671 0.04
      vertex -45.6400519 51.4865777 0.04
    endloop
  endfacet
  facet normal 0 0 1
    outer loop
      vertex -45.6400519 51.4865777 0.04
      vertex -42.3697378 45.2904671 0.04
      vertex -42.1895047 45.3955101 0.04
    endloop
  endfacet
  facet normal 0 0 1
    outer loop
      vertex -45.6400519 51.4865777 0.04
      vertex -42.1895047 45.3955101 0.04
      vertex -42.006748 45.4960983 0.04
    endloop
  endfacet
  facet normal -0 0 1
    outer loop
      vertex -45.6400519 51.4865777 0.04
      vertex -42.006748 45.4960983 0.04
      vertex -45.3067737 51.670012 0.04
    endloop
  endfacet
  facet normal 0 0 1
    outer loop
      vertex -45.3067737 51.670012 0.04
      vertex -42.006748 45.4960983 0.04
      vertex -41.8215778 45.5921711 0.04
    endloop
  endfacet
  facet normal -0 0 1
    outer loop
      vertex -45.3067737 51.670012 0.04
      vertex -41.8215778 45.5921711 0.04
      vertex -44.9690941 51.8452121 0.04
    endloop
  endfacet
  facet normal 0 0 1
    outer loop
      vertex -44.9690941 51.8452121 0.04
      vertex -41.8215778 45.5921711 0.04
      vertex -41.6341056 45.6836707 0.04
    endloop
  endfacet
  facet normal -0 0 1
    outer loop
      vertex -44.9690941 51.8452121 0.04
      vertex -41.6341056 45.6836707 0.04
      vertex -44.6272166 52.0120723 0.04
    endloop
  endfacet
  facet normal 0 0 1
    outer loop
      vertex -44.6272166 52.0120723 0.04
      vertex -41.6341056 45.6836707 0.04
      vertex -41.4444444 45.770542 0.04
    endloop
  endfacet
  facet normal -0 0 1
    outer loop
      vertex -44.6272166 52.0120723 0.04
      vertex -41.4444444 45.770542 0.04
      vertex -44.2813472 52.1704922 0.04
    endloop
  endfacet
  facet normal 0 0 1
    outer loop
      vertex -44.2813472 52.1704922 0.04
      vertex -41.4444444 45.770542 0.04
      vertex -41.2527083 45.8527325 0.04
    endloop
  endfacet
  facet normal -0 0 1
    outer loop
      vertex -44.2813472 52.1704922 0.04
      vertex -41.2527083 45.8527325 0.04
      vertex -43.9316941 52.3203763 0.04
    endloop
  endfacet
  facet normal 0 0 1
    outer loop
      vertex -43.9316941 52.3203763 0.04
      vertex -41.2527083 45.8527325 0.04
      vertex -41.059013 45.9301929 0.04
    endloop
  endfacet
  facet normal -0 0 1
    outer loop
      vertex -43.9316941 52.3203763 0.04
      vertex -41.059013 45.9301929 0.04
      vertex -43.5784679 52.4616343 0.04
    endloop
  endfacet
  facet normal -0 0 1
    outer loop
      vertex -43.5784679 52.4616343 0.04
      vertex -41.059013 45.9301929 0.04
      vertex -43.2218815 52.5941812 0.04
    endloop
  endfacet
  facet normal 0 0 1
    outer loop
      vertex -43.2218815 52.5941812 0.04
      vertex -41.059013 45.9301929 0.04
      vertex -40.863475 46.0028764 0.04
    endloop
  endfacet
  facet normal -0 0 1
    outer loop
      vertex -43.2218815 52.5941812 0.04
      vertex -40.863475 46.0028764 0.04
      vertex -42.8621497 52.7179371 0.04
    endloop
  endfacet
  facet normal 0 0 1
    outer loop
      vertex -42.8621497 52.7179371 0.04
      vertex -40.863475 46.0028764 0.04
      vertex -40.6662121 46.0707393 0.04
    endloop
  endfacet
  facet normal -0 0 1
    outer loop
      vertex -42.8621497 52.7179371 0.04
      vertex -40.6662121 46.0707393 0.04
      vertex -42.499489 52.8328274 0.04
    endloop
  endfacet
  facet normal 0 0 1
    outer loop
      vertex -42.499489 52.8328274 0.04
      vertex -40.6662121 46.0707393 0.04
      vertex -40.4673432 46.1337406 0.04
    endloop
  endfacet
  facet normal 0 0 1
    outer loop
      vertex -42.499489 52.8328274 0.04
      vertex -40.4673432 46.1337406 0.04
      vertex -40.2669881 46.1918425 0.04
    endloop
  endfacet
  facet normal -0 0 1
    outer loop
      vertex -42.499489 52.8328274 0.04
      vertex -40.2669881 46.1918425 0.04
      vertex -42.134118 52.938783 0.04
    endloop
  endfacet
  facet normal 0 0 1
    outer loop
      vertex -42.134118 52.938783 0.04
      vertex -40.2669881 46.1918425 0.04
      vertex -40.0652675 46.24501 0.04
    endloop
  endfacet
  facet normal -0 0 1
    outer loop
      vertex -42.134118 52.938783 0.04
      vertex -40.0652675 46.24501 0.04
      vertex -41.7662568 53.0357401 0.04
    endloop
  endfacet
  facet normal 0 0 1
    outer loop
      vertex -41.7662568 53.0357401 0.04
      vertex -40.0652675 46.24501 0.04
      vertex -39.8623028 46.2932109 0.04
    endloop
  endfacet
  facet normal -0 0 1
    outer loop
      vertex -41.7662568 53.0357401 0.04
      vertex -39.8623028 46.2932109 0.04
      vertex -41.396127 53.1236402 0.04
    endloop
  endfacet
  facet normal -0 0 1
    outer loop
      vertex -41.396127 53.1236402 0.04
      vertex -39.8623028 46.2932109 0.04
      vertex -41.0239514 53.2024303 0.04
    endloop
  endfacet
  facet normal 0 0 1
    outer loop
      vertex -41.0239514 53.2024303 0.04
      vertex -39.8623028 46.2932109 0.04
      vertex -39.6582163 46.3364164 0.04
    endloop
  endfacet
  facet normal -0 0 1
    outer loop
      vertex -41.0239514 53.2024303 0.04
      vertex -39.6582163 46.3364164 0.04
      vertex -40.6499543 53.2720631 0.04
    endloop
  endfacet
  facet normal 0 0 1
    outer loop
      vertex -40.6499543 53.2720631 0.04
      vertex -39.6582163 46.3364164 0.04
      vertex -39.453131 46.3746003 0.04
    endloop
  endfacet
  facet normal -0 0 1
    outer loop
      vertex -40.6499543 53.2720631 0.04
      vertex -39.453131 46.3746003 0.04
      vertex -40.274361 53.3324966 0.04
    endloop
  endfacet
  facet normal 0 0 1
    outer loop
      vertex -40.274361 53.3324966 0.04
      vertex -39.453131 46.3746003 0.04
      vertex -39.2471704 46.4077396 0.04
    endloop
  endfacet
  facet normal 0 0 1
    outer loop
      vertex -40.274361 53.3324966 0.04
      vertex -39.2471704 46.4077396 0.04
      vertex -39.0404585 46.4358145 0.04
    endloop
  endfacet
  facet normal -0 0 1
    outer loop
      vertex -40.274361 53.3324966 0.04
      vertex -39.0404585 46.4358145 0.04
      vertex -39.8973977 53.3836944 0.04
    endloop
  endfacet
  facet normal -0 0 1
    outer loop
      vertex -39.8973977 53.3836944 0.04
      vertex -39.0404585 46.4358145 0.04
      vertex -39.5192915 53.4256256 0.04
    endloop
  endfacet
  facet normal 0 0 1
    outer loop
      vertex -39.5192915 53.4256256 0.04
      vertex -39.0404585 46.4358145 0.04
      vertex -38.8331199 46.4588079 0.04
    endloop
  endfacet
  facet normal -0 0 1
    outer loop
      vertex -39.5192915 53.4256256 0.04
      vertex -38.8331199 46.4588079 0.04
      vertex -39.1402701 53.4582649 0.04
    endloop
  endfacet
  facet normal 0 0 1
    outer loop
      vertex -39.1402701 53.4582649 0.04
      vertex -38.8331199 46.4588079 0.04
      vertex -38.6252794 46.476706 0.04
    endloop
  endfacet
  facet normal 0 0 1
    outer loop
      vertex -39.1402701 53.4582649 0.04
      vertex -38.6252794 46.476706 0.04
      vertex -38.4170623 46.4894981 0.04
    endloop
  endfacet
  facet normal -0 0 1
    outer loop
      vertex -39.1402701 53.4582649 0.04
      vertex -38.4170623 46.4894981 0.04
      vertex -38.7605619 53.4815928 0.04
    endloop
  endfacet
  facet normal -0 0 1
    outer loop
      vertex -38.7605619 53.4815928 0.04
      vertex -38.4170623 46.4894981 0.04
      vertex -38.3803955 53.4955952 0.04
    endloop
  endfacet
  facet normal 0 0 1
    outer loop
      vertex -38.3803955 53.4955952 0.04
      vertex -38.4170623 46.4894981 0.04
      vertex -38.208594 46.4971765 0.04
    endloop
  endfacet
  facet normal -0 0 1
    outer loop
      vertex -38.3803955 53.4955952 0.04
      vertex -38.208594 46.4971765 0.04
      vertex -38.021476 53.5 0.04
    endloop
  endfacet
  facet normal 0 0 1
    outer loop
      vertex -38.021476 53.5 0.04
      vertex -38.208594 46.4971765 0.04
      vertex -37.978524 46.5 0.04
    endloop
  endfacet
  facet normal 0 0 1
    outer loop
      vertex -38.021476 53.5 0.04
      vertex -37.978524 46.5 0.04
      vertex -3.5 46.5 0.04
    endloop
  endfacet
  facet normal 0 0 1
    outer loop
      vertex -38.021476 53.5 0.04
      vertex -3.5 46.5 0.04
      vertex 3.5 46.5 0.04
    endloop
  endfacet
  facet normal -0 0 1
    outer loop
      vertex -38.021476 53.5 0.04
      vertex 3.5 46.5 0.04
      vertex 38.021476 53.5 0.04
    endloop
  endfacet
  facet normal 0 0 1
    outer loop
      vertex 38.021476 53.5 0.04
      vertex 3.5 46.5 0.04
      vertex 37.978524 46.5 0.04
    endloop
  endfacet
  facet normal 0 0 1
    outer loop
      vertex 38.021476 53.5 0.04
      vertex 37.978524 46.5 0.04
      vertex 38.208594 46.4971765 0.04
    endloop
  endfacet
  facet normal 0 0 1
    outer loop
      vertex 38.021476 53.5 0.04
      vertex 38.208594 46.4971765 0.04
      vertex 38.3803955 53.4955952 0.04
    endloop
  endfacet
  facet normal 0 0 1
    outer loop
      vertex 38.3803955 53.4955952 0.04
      vertex 38.208594 46.4971765 0.04
      vertex 38.4170623 46.4894981 0.04
    endloop
  endfacet
  facet normal 0 0 1
    outer loop
      vertex 38.3803955 53.4955952 0.04
      vertex 38.4170623 46.4894981 0.04
      vertex 38.7605619 53.4815928 0.04
    endloop
  endfacet
  facet normal 0 0 1
    outer loop
      vertex 38.7605619 53.4815928 0.04
      vertex 38.4170623 46.4894981 0.04
      vertex 39.1402701 53.4582649 0.04
    endloop
  endfacet
  facet normal 0 0 1
    outer loop
      vertex 39.1402701 53.4582649 0.04
      vertex 38.4170623 46.4894981 0.04
      vertex 38.6252794 46.476706 0.04
    endloop
  endfacet
  facet normal 0 0 1
    outer loop
      vertex 39.1402701 53.4582649 0.04
      vertex 38.6252794 46.476706 0.04
      vertex 38.8331199 46.4588079 0.04
    endloop
  endfacet
  facet normal 0 0 1
    outer loop
      vertex 39.1402701 53.4582649 0.04
      vertex 38.8331199 46.4588079 0.04
      vertex 39.5192915 53.4256256 0.04
    endloop
  endfacet
  facet normal 0 0 1
    outer loop
      vertex 39.5192915 53.4256256 0.04
      vertex 38.8331199 46.4588079 0.04
      vertex 39.0404585 46.4358145 0.04
    endloop
  endfacet
  facet normal 0 0 1
    outer loop
      vertex 39.5192915 53.4256256 0.04
      vertex 39.0404585 46.4358145 0.04
      vertex 39.8973977 53.3836944 0.04
    endloop
  endfacet
  facet normal 0 0 1
    outer loop
      vertex 39.8973977 53.3836944 0.04
      vertex 39.0404585 46.4358145 0.04
      vertex 40.274361 53.3324966 0.04
    endloop
  endfacet
  facet normal 0 0 1
    outer loop
      vertex 40.274361 53.3324966 0.04
      vertex 39.0404585 46.4358145 0.04
      vertex 39.2471704 46.4077396 0.04
    endloop
  endfacet
  facet normal 0 0 1
    outer loop
      vertex 40.274361 53.3324966 0.04
      vertex 39.2471704 46.4077396 0.04
      vertex 40.6499543 53.2720631 0.04
    endloop
  endfacet
  facet normal 0 0 1
    outer loop
      vertex 40.6499543 53.2720631 0.04
      vertex 39.2471704 46.4077396 0.04
      vertex 39.453131 46.3746003 0.04
    endloop
  endfacet
  facet normal 0 0 1
    outer loop
      vertex 40.6499543 53.2720631 0.04
      vertex 39.453131 46.3746003 0.04
      vertex 41.0239514 53.2024303 0.04
    endloop
  endfacet
  facet normal 0 0 1
    outer loop
      vertex 41.0239514 53.2024303 0.04
      vertex 39.453131 46.3746003 0.04
      vertex 39.6582163 46.3364164 0.04
    endloop
  endfacet
  facet normal 0 0 1
    outer loop
      vertex 41.0239514 53.2024303 0.04
      vertex 39.6582163 46.3364164 0.04
      vertex 39.8623028 46.2932109 0.04
    endloop
  endfacet
  facet normal 0 0 1
    outer loop
      vertex 41.0239514 53.2024303 0.04
      vertex 39.8623028 46.2932109 0.04
      vertex 41.396127 53.1236402 0.04
    endloop
  endfacet
  facet normal 0 0 1
    outer loop
      vertex 41.396127 53.1236402 0.04
      vertex 39.8623028 46.2932109 0.04
      vertex 40.0652675 46.24501 0.04
    endloop
  endfacet
  facet normal 0 0 1
    outer loop
      vertex 41.396127 53.1236402 0.04
      vertex 40.0652675 46.24501 0.04
      vertex 41.7662568 53.0357401 0.04
    endloop
  endfacet
  facet normal 0 0 1
    outer loop
      vertex 41.7662568 53.0357401 0.04
      vertex 40.0652675 46.24501 0.04
      vertex 42.134118 52.938783 0.04
    endloop
  endfacet
  facet normal 0 0 1
    outer loop
      vertex 42.134118 52.938783 0.04
      vertex 40.0652675 46.24501 0.04
      vertex 40.2669881 46.1918425 0.04
    endloop
  endfacet
  facet normal 0 0 1
    outer loop
      vertex 42.134118 52.938783 0.04
      vertex 40.2669881 46.1918425 0.04
      vertex 42.499489 52.8328274 0.04
    endloop
  endfacet
  facet normal 0 0 1
    outer loop
      vertex 42.499489 52.8328274 0.04
      vertex 40.2669881 46.1918425 0.04
      vertex 40.4673432 46.1337406 0.04
    endloop
  endfacet
  facet normal 0 0 1
    outer loop
      vertex 42.499489 52.8328274 0.04
      vertex 40.4673432 46.1337406 0.04
      vertex 40.6662121 46.0707393 0.04
    endloop
  endfacet
  facet normal 0 0 1
    outer loop
      vertex 42.499489 52.8328274 0.04
      vertex 40.6662121 46.0707393 0.04
      vertex 42.8621497 52.7179371 0.04
    endloop
  endfacet
  facet normal 0 0 1
    outer loop
      vertex 42.8621497 52.7179371 0.04
      vertex 40.6662121 46.0707393 0.04
      vertex 43.2218815 52.5941812 0.04
    endloop
  endfacet
  facet normal 0 0 1
    outer loop
      vertex 43.2218815 52.5941812 0.04
      vertex 40.6662121 46.0707393 0.04
      vertex 40.863475 46.0028764 0.04
    endloop
  endfacet
  facet normal 0 0 1
    outer loop
      vertex 43.2218815 52.5941812 0.04
      vertex 40.863475 46.0028764 0.04
      vertex 41.059013 45.9301929 0.04
    endloop
  endfacet
  facet normal 0 0 1
    outer loop
      vertex 43.2218815 52.5941812 0.04
      vertex 41.059013 45.9301929 0.04
      vertex 43.5784679 52.4616343 0.04
    endloop
  endfacet
  facet normal 0 0 1
    outer loop
      vertex 43.5784679 52.4616343 0.04
      vertex 41.059013 45.9301929 0.04
      vertex 41.2527083 45.8527325 0.04
    endloop
  endfacet
  facet normal 0 0 1
    outer loop
      vertex 43.5784679 52.4616343 0.04
      vertex 41.2527083 45.8527325 0.04
      vertex 43.9316941 52.3203763 0.04
    endloop
  endfacet
  facet normal 0 0 1
    outer loop
      vertex 43.9316941 52.3203763 0.04
      vertex 41.2527083 45.8527325 0.04
      vertex 44.2813472 52.1704922 0.04
    endloop
  endfacet
  facet normal 0 0 1
    outer loop
      vertex 44.2813472 52.1704922 0.04
      vertex 41.2527083 45.8527325 0.04
      vertex 41.4444444 45.770542 0.04
    endloop
  endfacet
  facet normal 0 0 1
    outer loop
      vertex 44.2813472 52.1704922 0.04
      vertex 41.4444444 45.770542 0.04
      vertex 44.6272166 52.0120723 0.04
    endloop
  endfacet
  facet normal 0 0 1
    outer loop
      vertex 44.6272166 52.0120723 0.04
      vertex 41.4444444 45.770542 0.04
      vertex 41.6341056 45.6836707 0.04
    endloop
  endfacet
  facet normal 0 0 1
    outer loop
      vertex 44.6272166 52.0120723 0.04
      vertex 41.6341056 45.6836707 0.04
      vertex 44.9690941 51.8452121 0.04
    endloop
  endfacet
  facet normal 0 0 1
    outer loop
      vertex 44.9690941 51.8452121 0.04
      vertex 41.6341056 45.6836707 0.04
      vertex 41.8215778 45.5921711 0.04
    endloop
  endfacet
  facet normal 0 0 1
    outer loop
      vertex 44.9690941 51.8452121 0.04
      vertex 41.8215778 45.5921711 0.04
      vertex 45.3067737 51.670012 0.04
    endloop
  endfacet
  facet normal 0 0 1
    outer loop
      vertex 45.3067737 51.670012 0.04
      vertex 41.8215778 45.5921711 0.04
      vertex 42.006748 45.4960983 0.04
    endloop
  endfacet
  facet normal 0 0 1
    outer loop
      vertex 45.3067737 51.670012 0.04
      vertex 42.006748 45.4960983 0.04
      vertex 42.1895047 45.3955101 0.04
    endloop
  endfacet
  facet normal 0 0 1
    outer loop
      vertex 45.3067737 51.670012 0.04
      vertex 42.1895047 45.3955101 0.04
      vertex 45.6400519 51.4865777 0.04
    endloop
  endfacet
  facet normal 0 0 1
    outer loop
      vertex 45.6400519 51.4865777 0.04
      vertex 42.1895047 45.3955101 0.04
      vertex 45.968728 51.2950195 0.04
    endloop
  endfacet
  facet normal 0 0 1
    outer loop
      vertex 45.968728 51.2950195 0.04
      vertex 42.1895047 45.3955101 0.04
      vertex 42.3697378 45.2904671 0.04
    endloop
  endfacet
  facet normal 0 0 1
    outer loop
      vertex 45.968728 51.2950195 0.04
      vertex 42.3697378 45.2904671 0.04
      vertex 46.2926041 51.0954529 0.04
    endloop
  endfacet
  facet normal 0 0 1
    outer loop
      vertex 46.2926041 51.0954529 0.04
      vertex 42.3697378 45.2904671 0.04
      vertex 42.5473388 45.1810326 0.04
    endloop
  endfacet
  facet normal 0 0 1
    outer loop
      vertex 46.2926041 51.0954529 0.04
      vertex 42.5473388 45.1810326 0.04
      vertex 42.7222006 45.0672726 0.04
    endloop
  endfacet
  facet normal 0 0 1
    outer loop
      vertex 46.2926041 51.0954529 0.04
      vertex 42.7222006 45.0672726 0.04
      vertex 46.611485 50.8879981 0.04
    endloop
  endfacet
  facet normal 0 0 1
    outer loop
      vertex 46.611485 50.8879981 0.04
      vertex 42.7222006 45.0672726 0.04
      vertex 42.8942179 44.9492554 0.04
    endloop
  endfacet
  facet normal 0 0 1
    outer loop
      vertex 46.611485 50.8879981 0.04
      vertex 42.8942179 44.9492554 0.04
      vertex 46.9251787 50.6727801 0.04
    endloop
  endfacet
  facet normal 0 0 1
    outer loop
      vertex 46.9251787 50.6727801 0.04
      vertex 42.8942179 44.9492554 0.04
      vertex 47.2334962 50.4499284 0.04
    endloop
  endfacet
  facet normal 0 0 1
    outer loop
      vertex 47.2334962 50.4499284 0.04
      vertex 42.8942179 44.9492554 0.04
      vertex 43.0632871 44.8270523 0.04
    endloop
  endfacet
  facet normal 0 0 1
    outer loop
      vertex 47.2334962 50.4499284 0.04
      vertex 43.0632871 44.8270523 0.04
      vertex 43.2293064 44.7007369 0.04
    endloop
  endfacet
  facet normal 0 0 1
    outer loop
      vertex 47.2334962 50.4499284 0.04
      vertex 43.2293064 44.7007369 0.04
      vertex 47.5362518 50.2195774 0.04
    endloop
  endfacet
  facet normal 0 0 1
    outer loop
      vertex 47.5362518 50.2195774 0.04
      vertex 43.2293064 44.7007369 0.04
      vertex 43.3921757 44.5703851 0.04
    endloop
  endfacet
  facet normal 0 0 1
    outer loop
      vertex 47.5362518 50.2195774 0.04
      vertex 43.3921757 44.5703851 0.04
      vertex 47.8332631 49.9818658 0.04
    endloop
  endfacet
  facet normal 0 0 1
    outer loop
      vertex 47.8332631 49.9818658 0.04
      vertex 43.3921757 44.5703851 0.04
      vertex 48.1243512 49.7369367 0.04
    endloop
  endfacet
  facet normal 0 0 1
    outer loop
      vertex 48.1243512 49.7369367 0.04
      vertex 43.3921757 44.5703851 0.04
      vertex 43.551797 44.4360756 0.04
    endloop
  endfacet
  facet normal 0 0 1
    outer loop
      vertex 48.1243512 49.7369367 0.04
      vertex 43.551797 44.4360756 0.04
      vertex 48.4093408 49.4849377 0.04
    endloop
  endfacet
  facet normal 0 0 1
    outer loop
      vertex 48.4093408 49.4849377 0.04
      vertex 43.551797 44.4360756 0.04
      vertex 43.7080741 44.2978893 0.04
    endloop
  endfacet
  facet normal 0 0 1
    outer loop
      vertex 48.4093408 49.4849377 0.04
      vertex 43.7080741 44.2978893 0.04
      vertex 48.6880602 49.2260207 0.04
    endloop
  endfacet
  facet normal 0 0 1
    outer loop
      vertex 48.6880602 49.2260207 0.04
      vertex 43.7080741 44.2978893 0.04
      vertex 43.8609129 44.1559093 0.04
    endloop
  endfacet
  facet normal 0 0 1
    outer loop
      vertex 48.6880602 49.2260207 0.04
      vertex 43.8609129 44.1559093 0.04
      vertex 48.9603415 48.9603415 0.04
    endloop
  endfacet
  facet normal 0 0 1
    outer loop
      vertex 48.9603415 48.9603415 0.04
      vertex 43.8609129 44.1559093 0.04
      vertex 44.0102213 44.0102213 0.04
    endloop
  endfacet
  facet normal 0 0 1
    outer loop
      vertex 48.9603415 48.9603415 0.04
      vertex 44.0102213 44.0102213 0.04
      vertex 44.1559093 43.8609129 0.04
    endloop
  endfacet
  facet normal 0 0 1
    outer loop
      vertex 48.9603415 48.9603415 0.04
      vertex 44.1559093 43.8609129 0.04
      vertex 49.2260207 48.6880602 0.04
    endloop
  endfacet
  facet normal 0 0 1
    outer loop
      vertex 49.2260207 48.6880602 0.04
      vertex 44.1559093 43.8609129 0.04
      vertex 44.2978893 43.7080741 0.04
    endloop
  endfacet
  facet normal 0 0 1
    outer loop
      vertex 49.2260207 48.6880602 0.04
      vertex 44.2978893 43.7080741 0.04
      vertex 49.4849377 48.4093408 0.04
    endloop
  endfacet
  facet normal 0 0 1
    outer loop
      vertex 49.4849377 48.4093408 0.04
      vertex 44.2978893 43.7080741 0.04
      vertex 44.4360756 43.551797 0.04
    endloop
  endfacet
  facet normal 0 0 1
    outer loop
      vertex 49.4849377 48.4093408 0.04
      vertex 44.4360756 43.551797 0.04
      vertex 49.7369367 48.1243512 0.04
    endloop
  endfacet
  facet normal 0 0 1
    outer loop
      vertex 49.7369367 48.1243512 0.04
      vertex 44.4360756 43.551797 0.04
      vertex 44.5703851 43.3921757 0.04
    endloop
  endfacet
  facet normal 0 0 1
    outer loop
      vertex 49.7369367 48.1243512 0.04
      vertex 44.5703851 43.3921757 0.04
      vertex 49.9818658 47.8332631 0.04
    endloop
  endfacet
  facet normal 0 0 1
    outer loop
      vertex 49.9818658 47.8332631 0.04
      vertex 44.5703851 43.3921757 0.04
      vertex 50.2195774 47.5362518 0.04
    endloop
  endfacet
  facet normal 0 0 1
    outer loop
      vertex 50.2195774 47.5362518 0.04
      vertex 44.5703851 43.3921757 0.04
      vertex 44.7007369 43.2293064 0.04
    endloop
  endfacet
  facet normal 0 0 1
    outer loop
      vertex 50.2195774 47.5362518 0.04
      vertex 44.7007369 43.2293064 0.04
      vertex 50.4499284 47.2334962 0.04
    endloop
  endfacet
  facet normal 0 0 1
    outer loop
      vertex 50.4499284 47.2334962 0.04
      vertex 44.7007369 43.2293064 0.04
      vertex 44.8270523 43.0632871 0.04
    endloop
  endfacet
  facet normal 0 0 1
    outer loop
      vertex 50.4499284 47.2334962 0.04
      vertex 44.8270523 43.0632871 0.04
      vertex 44.9492554 42.8942179 0.04
    endloop
  endfacet
  facet normal 0 0 1
    outer loop
      vertex 50.4499284 47.2334962 0.04
      vertex 44.9492554 42.8942179 0.04
      vertex 50.6727801 46.9251787 0.04
    endloop
  endfacet
  facet normal 0 0 1
    outer loop
      vertex 50.6727801 46.9251787 0.04
      vertex 44.9492554 42.8942179 0.04
      vertex 50.8879981 46.611485 0.04
    endloop
  endfacet
  facet normal 0 0 1
    outer loop
      vertex 50.8879981 46.611485 0.04
      vertex 44.9492554 42.8942179 0.04
      vertex 45.0672726 42.7222006 0.04
    endloop
  endfacet
  facet normal 0 0 1
    outer loop
      vertex 50.8879981 46.611485 0.04
      vertex 45.0672726 42.7222006 0.04
      vertex 51.0954529 46.2926041 0.04
    endloop
  endfacet
  facet normal 0 0 1
    outer loop
      vertex 51.0954529 46.2926041 0.04
      vertex 45.0672726 42.7222006 0.04
      vertex 45.1810326 42.5473388 0.04
    endloop
  endfacet
  facet normal 0 0 1
    outer loop
      vertex 51.0954529 46.2926041 0.04
      vertex 45.1810326 42.5473388 0.04
      vertex 51.2950195 45.968728 0.04
    endloop
  endfacet
  facet normal 0 0 1
    outer loop
      vertex 51.2950195 45.968728 0.04
      vertex 45.1810326 42.5473388 0.04
      vertex 45.2904671 42.3697378 0.04
    endloop
  endfacet
  facet normal 0 0 1
    outer loop
      vertex 51.2950195 45.968728 0.04
      vertex 45.2904671 42.3697378 0.04
      vertex 51.4865777 45.6400519 0.04
    endloop
  endfacet
  facet normal 0 0 1
    outer loop
      vertex 51.4865777 45.6400519 0.04
      vertex 45.2904671 42.3697378 0.04
      vertex 45.3955101 42.1895047 0.04
    endloop
  endfacet
  facet normal 0 0 1
    outer loop
      vertex 51.4865777 45.6400519 0.04
      vertex 45.3955101 42.1895047 0.04
      vertex 45.4960983 42.006748 0.04
    endloop
  endfacet
  facet normal 0 0 1
    outer loop
      vertex 51.4865777 45.6400519 0.04
      vertex 45.4960983 42.006748 0.04
      vertex 51.670012 45.3067737 0.04
    endloop
  endfacet
  facet normal 0 0 1
    outer loop
      vertex 51.670012 45.3067737 0.04
      vertex 45.4960983 42.006748 0.04
      vertex 45.5921711 41.8215778 0.04
    endloop
  endfacet
  facet normal 0 0 1
    outer loop
      vertex 51.670012 45.3067737 0.04
      vertex 45.5921711 41.8215778 0.04
      vertex 51.8452121 44.9690941 0.04
    endloop
  endfacet
  facet normal 0 0 1
    outer loop
      vertex 51.8452121 44.9690941 0.04
      vertex 45.5921711 41.8215778 0.04
      vertex 45.6836707 41.6341056 0.04
    endloop
  endfacet
  facet normal 0 0 1
    outer loop
      vertex 51.8452121 44.9690941 0.04
      vertex 45.6836707 41.6341056 0.04
      vertex 52.0120723 44.6272166 0.04
    endloop
  endfacet
  facet normal 0 0 1
    outer loop
      vertex 52.0120723 44.6272166 0.04
      vertex 45.6836707 41.6341056 0.04
      vertex 45.770542 41.4444444 0.04
    endloop
  endfacet
  facet normal 0 0 1
    outer loop
      vertex 52.0120723 44.6272166 0.04
      vertex 45.770542 41.4444444 0.04
      vertex 52.1704922 44.2813472 0.04
    endloop
  endfacet
  facet normal 0 0 1
    outer loop
      vertex 52.1704922 44.2813472 0.04
      vertex 45.770542 41.4444444 0.04
      vertex 45.8527325 41.2527083 0.04
    endloop
  endfacet
  facet normal 0 0 1
    outer loop
      vertex 52.1704922 44.2813472 0.04
      vertex 45.8527325 41.2527083 0.04
      vertex 52.3203763 43.9316941 0.04
    endloop
  endfacet
  facet normal 0 0 1
    outer loop
      vertex 52.3203763 43.9316941 0.04
      vertex 45.8527325 41.2527083 0.04
      vertex 52.4616343 43.5784679 0.04
    endloop
  endfacet
  facet normal 0 0 1
    outer loop
      vertex 52.4616343 43.5784679 0.04
      vertex 45.8527325 41.2527083 0.04
      vertex 45.9301929 41.059013 0.04
    endloop
  endfacet
  facet normal 0 0 1
    outer loop
      vertex 52.4616343 43.5784679 0.04
      vertex 45.9301929 41.059013 0.04
      vertex 52.5941812 43.2218815 0.04
    endloop
  endfacet
  facet normal 0 0 1
    outer loop
      vertex 52.5941812 43.2218815 0.04
      vertex 45.9301929 41.059013 0.04
      vertex 46.0028764 40.863475 0.04
    endloop
  endfacet
  facet normal 0 0 1
    outer loop
      vertex 52.5941812 43.2218815 0.04
      vertex 46.0028764 40.863475 0.04
      vertex 46.0707393 40.6662121 0.04
    endloop
  endfacet
  facet normal 0 0 1
    outer loop
      vertex 52.5941812 43.2218815 0.04
      vertex 46.0707393 40.6662121 0.04
      vertex 52.7179371 42.8621497 0.04
    endloop
  endfacet
  facet normal 0 0 1
    outer loop
      vertex 52.7179371 42.8621497 0.04
      vertex 46.0707393 40.6662121 0.04
      vertex 52.8328274 42.499489 0.04
    endloop
  endfacet
  facet normal 0 0 1
    outer loop
      vertex 52.8328274 42.499489 0.04
      vertex 46.0707393 40.6662121 0.04
      vertex 46.1337406 40.4673432 0.04
    endloop
  endfacet
  facet normal 0 0 1
    outer loop
      vertex 52.8328274 42.499489 0.04
      vertex 46.1337406 40.4673432 0.04
      vertex 46.1918425 40.2669881 0.04
    endloop
  endfacet
  facet normal 0 0 1
    outer loop
      vertex 52.8328274 42.499489 0.04
      vertex 46.1918425 40.2669881 0.04
      vertex 52.938783 42.134118 0.04
    endloop
  endfacet
  facet normal 0 0 1
    outer loop
      vertex 52.938783 42.134118 0.04
      vertex 46.1918425 40.2669881 0.04
      vertex 46.24501 40.0652675 0.04
    endloop
  endfacet
  facet normal 0 0 1
    outer loop
      vertex 52.938783 42.134118 0.04
      vertex 46.24501 40.0652675 0.04
      vertex 53.0357401 41.7662568 0.04
    endloop
  endfacet
  facet normal 0 0 1
    outer loop
      vertex 53.0357401 41.7662568 0.04
      vertex 46.24501 40.0652675 0.04
      vertex 46.2932109 39.8623028 0.04
    endloop
  endfacet
  facet normal 0 0 1
    outer loop
      vertex 53.0357401 41.7662568 0.04
      vertex 46.2932109 39.8623028 0.04
      vertex 53.1236402 41.396127 0.04
    endloop
  endfacet
  facet normal 0 0 1
    outer loop
      vertex 53.1236402 41.396127 0.04
      vertex 46.2932109 39.8623028 0.04
      vertex 53.2024303 41.0239514 0.04
    endloop
  endfacet
  facet normal 0 0 1
    outer loop
      vertex 53.2024303 41.0239514 0.04
      vertex 46.2932109 39.8623028 0.04
      vertex 46.3364164 39.6582163 0.04
    endloop
  endfacet
  facet normal 0 0 1
    outer loop
      vertex 53.2024303 41.0239514 0.04
      vertex 46.3364164 39.6582163 0.04
      vertex 53.2720631 40.6499543 0.04
    endloop
  endfacet
  facet normal 0 0 1
    outer loop
      vertex 53.2720631 40.6499543 0.04
      vertex 46.3364164 39.6582163 0.04
      vertex 46.3746003 39.453131 0.04
    endloop
  endfacet
  facet normal 0 0 1
    outer loop
      vertex 53.2720631 40.6499543 0.04
      vertex 46.3746003 39.453131 0.04
      vertex 53.3324966 40.274361 0.04
    endloop
  endfacet
  facet normal 0 0 1
    outer loop
      vertex 53.3324966 40.274361 0.04
      vertex 46.3746003 39.453131 0.04
      vertex 46.4077396 39.2471704 0.04
    endloop
  endfacet
  facet normal 0 0 1
    outer loop
      vertex 53.3324966 40.274361 0.04
      vertex 46.4077396 39.2471704 0.04
      vertex 46.4358145 39.0404585 0.04
    endloop
  endfacet
  facet normal 0 0 1
    outer loop
      vertex 53.3324966 40.274361 0.04
      vertex 46.4358145 39.0404585 0.04
      vertex 53.3836944 39.8973977 0.04
    endloop
  endfacet
  facet normal 0 0 1
    outer loop
      vertex 53.3836944 39.8973977 0.04
      vertex 46.4358145 39.0404585 0.04
      vertex 53.4256256 39.5192915 0.04
    endloop
  endfacet
  facet normal 0 0 1
    outer loop
      vertex 53.4256256 39.5192915 0.04
      vertex 46.4358145 39.0404585 0.04
      vertex 46.4588079 38.8331199 0.04
    endloop
  endfacet
  facet normal 0 0 1
    outer loop
      vertex 53.4256256 39.5192915 0.04
      vertex 46.4588079 38.8331199 0.04
      vertex 53.4582649 39.1402701 0.04
    endloop
  endfacet
  facet normal 0 0 1
    outer loop
      vertex 53.4582649 39.1402701 0.04
      vertex 46.4588079 38.8331199 0.04
      vertex 46.476706 38.6252794 0.04
    endloop
  endfacet
  facet normal 0 0 1
    outer loop
      vertex 53.4582649 39.1402701 0.04
      vertex 46.476706 38.6252794 0.04
      vertex 46.4894981 38.4170623 0.04
    endloop
  endfacet
  facet normal 0 0 1
    outer loop
      vertex 53.4582649 39.1402701 0.04
      vertex 46.4894981 38.4170623 0.04
      vertex 53.4815928 38.7605619 0.04
    endloop
  endfacet
  facet normal 0 0 1
    outer loop
      vertex 53.4815928 38.7605619 0.04
      vertex 46.4894981 38.4170623 0.04
      vertex 53.4955952 38.3803955 0.04
    endloop
  endfacet
  facet normal 0 -0 1
    outer loop
      vertex 48.4093408 -49.4849377 0.04
      vertex 48.6880602 -49.2260207 0.04
      vertex 43.7080741 -44.2978893 0.04
    endloop
  endfacet
  facet normal 0 0 1
    outer loop
      vertex 48.4093408 -49.4849377 0.04
      vertex 43.7080741 -44.2978893 0.04
      vertex 43.551797 -44.4360756 0.04
    endloop
  endfacet
  facet normal 0 0 1
    outer loop
      vertex 48.4093408 -49.4849377 0.04
      vertex 43.551797 -44.4360756 0.04
      vertex 48.1243512 -49.7369367 0.04
    endloop
  endfacet
  facet normal 0 0 1
    outer loop
      vertex 48.1243512 -49.7369367 0.04
      vertex 43.551797 -44.4360756 0.04
      vertex 43.3921757 -44.5703851 0.04
    endloop
  endfacet
  facet normal 0 0 1
    outer loop
      vertex 48.1243512 -49.7369367 0.04
      vertex 43.3921757 -44.5703851 0.04
      vertex 47.8332631 -49.9818658 0.04
    endloop
  endfacet
  facet normal 0 0 1
    outer loop
      vertex 47.8332631 -49.9818658 0.04
      vertex 43.3921757 -44.5703851 0.04
      vertex 47.5362518 -50.2195774 0.04
    endloop
  endfacet
  facet normal 0 0 1
    outer loop
      vertex 47.5362518 -50.2195774 0.04
      vertex 43.3921757 -44.5703851 0.04
      vertex 43.2293064 -44.7007369 0.04
    endloop
  endfacet
  facet normal 0 0 1
    outer loop
      vertex 47.5362518 -50.2195774 0.04
      vertex 43.2293064 -44.7007369 0.04
      vertex 47.2334962 -50.4499284 0.04
    endloop
  endfacet
  facet normal 0 0 1
    outer loop
      vertex 47.2334962 -50.4499284 0.04
      vertex 43.2293064 -44.7007369 0.04
      vertex 43.0632871 -44.8270523 0.04
    endloop
  endfacet
  facet normal 0 0 1
    outer loop
      vertex 47.2334962 -50.4499284 0.04
      vertex 43.0632871 -44.8270523 0.04
      vertex 42.8942179 -44.9492554 0.04
    endloop
  endfacet
  facet normal 0 0 1
    outer loop
      vertex 47.2334962 -50.4499284 0.04
      vertex 42.8942179 -44.9492554 0.04
      vertex 46.9251787 -50.6727801 0.04
    endloop
  endfacet
  facet normal 0 0 1
    outer loop
      vertex 46.9251787 -50.6727801 0.04
      vertex 42.8942179 -44.9492554 0.04
      vertex 46.611485 -50.8879981 0.04
    endloop
  endfacet
  facet normal 0 0 1
    outer loop
      vertex 46.611485 -50.8879981 0.04
      vertex 42.8942179 -44.9492554 0.04
      vertex 42.7222006 -45.0672726 0.04
    endloop
  endfacet
  facet normal 0 0 1
    outer loop
      vertex 46.611485 -50.8879981 0.04
      vertex 42.7222006 -45.0672726 0.04
      vertex 46.2926041 -51.0954529 0.04
    endloop
  endfacet
  facet normal 0 0 1
    outer loop
      vertex 46.2926041 -51.0954529 0.04
      vertex 42.7222006 -45.0672726 0.04
      vertex 42.5473388 -45.1810326 0.04
    endloop
  endfacet
  facet normal 0 0 1
    outer loop
      vertex 46.2926041 -51.0954529 0.04
      vertex 42.5473388 -45.1810326 0.04
      vertex 42.3697378 -45.2904671 0.04
    endloop
  endfacet
  facet normal 0 0 1
    outer loop
      vertex 46.2926041 -51.0954529 0.04
      vertex 42.3697378 -45.2904671 0.04
      vertex 45.968728 -51.2950195 0.04
    endloop
  endfacet
  facet normal 0 0 1
    outer loop
      vertex 45.968728 -51.2950195 0.04
      vertex 42.3697378 -45.2904671 0.04
      vertex 42.1895047 -45.3955101 0.04
    endloop
  endfacet
  facet normal 0 0 1
    outer loop
      vertex 45.968728 -51.2950195 0.04
      vertex 42.1895047 -45.3955101 0.04
      vertex 45.6400519 -51.4865777 0.04
    endloop
  endfacet
  facet normal 0 0 1
    outer loop
      vertex 45.6400519 -51.4865777 0.04
      vertex 42.1895047 -45.3955101 0.04
      vertex 45.3067737 -51.670012 0.04
    endloop
  endfacet
  facet normal 0 0 1
    outer loop
      vertex 45.3067737 -51.670012 0.04
      vertex 42.1895047 -45.3955101 0.04
      vertex 42.006748 -45.4960983 0.04
    endloop
  endfacet
  facet normal 0 0 1
    outer loop
      vertex 45.3067737 -51.670012 0.04
      vertex 42.006748 -45.4960983 0.04
      vertex 41.8215778 -45.5921711 0.04
    endloop
  endfacet
  facet normal 0 0 1
    outer loop
      vertex 45.3067737 -51.670012 0.04
      vertex 41.8215778 -45.5921711 0.04
      vertex 44.9690941 -51.8452121 0.04
    endloop
  endfacet
  facet normal 0 0 1
    outer loop
      vertex 44.9690941 -51.8452121 0.04
      vertex 41.8215778 -45.5921711 0.04
      vertex 41.6341056 -45.6836707 0.04
    endloop
  endfacet
  facet normal 0 0 1
    outer loop
      vertex 44.9690941 -51.8452121 0.04
      vertex 41.6341056 -45.6836707 0.04
      vertex 44.6272166 -52.0120723 0.04
    endloop
  endfacet
  facet normal 0 0 1
    outer loop
      vertex 44.6272166 -52.0120723 0.04
      vertex 41.6341056 -45.6836707 0.04
      vertex 41.4444444 -45.770542 0.04
    endloop
  endfacet
  facet normal 0 0 1
    outer loop
      vertex 44.6272166 -52.0120723 0.04
      vertex 41.4444444 -45.770542 0.04
      vertex 44.2813472 -52.1704922 0.04
    endloop
  endfacet
  facet normal 0 0 1
    outer loop
      vertex 44.2813472 -52.1704922 0.04
      vertex 41.4444444 -45.770542 0.04
      vertex 41.2527083 -45.8527325 0.04
    endloop
  endfacet
  facet normal 0 0 1
    outer loop
      vertex 44.2813472 -52.1704922 0.04
      vertex 41.2527083 -45.8527325 0.04
      vertex 43.9316941 -52.3203763 0.04
    endloop
  endfacet
  facet normal 0 0 1
    outer loop
      vertex 43.9316941 -52.3203763 0.04
      vertex 41.2527083 -45.8527325 0.04
      vertex 43.5784679 -52.4616343 0.04
    endloop
  endfacet
  facet normal 0 0 1
    outer loop
      vertex 43.5784679 -52.4616343 0.04
      vertex 41.2527083 -45.8527325 0.04
      vertex 41.059013 -45.9301929 0.04
    endloop
  endfacet
  facet normal 0 0 1
    outer loop
      vertex 43.5784679 -52.4616343 0.04
      vertex 41.059013 -45.9301929 0.04
      vertex 43.2218815 -52.5941812 0.04
    endloop
  endfacet
  facet normal 0 0 1
    outer loop
      vertex 43.2218815 -52.5941812 0.04
      vertex 41.059013 -45.9301929 0.04
      vertex 40.863475 -46.0028764 0.04
    endloop
  endfacet
  facet normal 0 0 1
    outer loop
      vertex 43.2218815 -52.5941812 0.04
      vertex 40.863475 -46.0028764 0.04
      vertex 40.6662121 -46.0707393 0.04
    endloop
  endfacet
  facet normal 0 0 1
    outer loop
      vertex 43.2218815 -52.5941812 0.04
      vertex 40.6662121 -46.0707393 0.04
      vertex 42.8621497 -52.7179371 0.04
    endloop
  endfacet
  facet normal 0 0 1
    outer loop
      vertex 42.8621497 -52.7179371 0.04
      vertex 40.6662121 -46.0707393 0.04
      vertex 42.499489 -52.8328274 0.04
    endloop
  endfacet
  facet normal 0 0 1
    outer loop
      vertex 42.499489 -52.8328274 0.04
      vertex 40.6662121 -46.0707393 0.04
      vertex 40.4673432 -46.1337406 0.04
    endloop
  endfacet
  facet normal 0 0 1
    outer loop
      vertex 42.499489 -52.8328274 0.04
      vertex 40.4673432 -46.1337406 0.04
      vertex 40.2669881 -46.1918425 0.04
    endloop
  endfacet
  facet normal 0 0 1
    outer loop
      vertex 42.499489 -52.8328274 0.04
      vertex 40.2669881 -46.1918425 0.04
      vertex 42.134118 -52.938783 0.04
    endloop
  endfacet
  facet normal 0 0 1
    outer loop
      vertex 42.134118 -52.938783 0.04
      vertex 40.2669881 -46.1918425 0.04
      vertex 40.0652675 -46.24501 0.04
    endloop
  endfacet
  facet normal 0 0 1
    outer loop
      vertex 42.134118 -52.938783 0.04
      vertex 40.0652675 -46.24501 0.04
      vertex 41.7662568 -53.0357401 0.04
    endloop
  endfacet
  facet normal 0 0 1
    outer loop
      vertex 41.7662568 -53.0357401 0.04
      vertex 40.0652675 -46.24501 0.04
      vertex 41.396127 -53.1236402 0.04
    endloop
  endfacet
  facet normal 0 0 1
    outer loop
      vertex 41.396127 -53.1236402 0.04
      vertex 40.0652675 -46.24501 0.04
      vertex 39.8623028 -46.2932109 0.04
    endloop
  endfacet
  facet normal 0 0 1
    outer loop
      vertex 41.396127 -53.1236402 0.04
      vertex 39.8623028 -46.2932109 0.04
      vertex 41.0239514 -53.2024303 0.04
    endloop
  endfacet
  facet normal 0 0 1
    outer loop
      vertex 41.0239514 -53.2024303 0.04
      vertex 39.8623028 -46.2932109 0.04
      vertex 39.6582163 -46.3364164 0.04
    endloop
  endfacet
  facet normal 0 0 1
    outer loop
      vertex 41.0239514 -53.2024303 0.04
      vertex 39.6582163 -46.3364164 0.04
      vertex 39.453131 -46.3746003 0.04
    endloop
  endfacet
  facet normal 0 0 1
    outer loop
      vertex 41.0239514 -53.2024303 0.04
      vertex 39.453131 -46.3746003 0.04
      vertex 40.6499543 -53.2720631 0.04
    endloop
  endfacet
  facet normal 0 0 1
    outer loop
      vertex 40.6499543 -53.2720631 0.04
      vertex 39.453131 -46.3746003 0.04
      vertex 39.2471704 -46.4077396 0.04
    endloop
  endfacet
  facet normal 0 0 1
    outer loop
      vertex 40.6499543 -53.2720631 0.04
      vertex 39.2471704 -46.4077396 0.04
      vertex 40.274361 -53.3324966 0.04
    endloop
  endfacet
  facet normal 0 0 1
    outer loop
      vertex 40.274361 -53.3324966 0.04
      vertex 39.2471704 -46.4077396 0.04
      vertex 39.0404585 -46.4358145 0.04
    endloop
  endfacet
  facet normal 0 0 1
    outer loop
      vertex 40.274361 -53.3324966 0.04
      vertex 39.0404585 -46.4358145 0.04
      vertex 39.8973977 -53.3836944 0.04
    endloop
  endfacet
  facet normal 0 0 1
    outer loop
      vertex 39.8973977 -53.3836944 0.04
      vertex 39.0404585 -46.4358145 0.04
      vertex 39.5192915 -53.4256256 0.04
    endloop
  endfacet
  facet normal 0 0 1
    outer loop
      vertex 39.5192915 -53.4256256 0.04
      vertex 39.0404585 -46.4358145 0.04
      vertex 38.8331199 -46.4588079 0.04
    endloop
  endfacet
  facet normal 0 0 1
    outer loop
      vertex 39.5192915 -53.4256256 0.04
      vertex 38.8331199 -46.4588079 0.04
      vertex 39.1402701 -53.4582649 0.04
    endloop
  endfacet
  facet normal 0 0 1
    outer loop
      vertex 39.1402701 -53.4582649 0.04
      vertex 38.8331199 -46.4588079 0.04
      vertex 38.6252794 -46.476706 0.04
    endloop
  endfacet
  facet normal 0 0 1
    outer loop
      vertex 39.1402701 -53.4582649 0.04
      vertex 38.6252794 -46.476706 0.04
      vertex 38.4170623 -46.4894981 0.04
    endloop
  endfacet
  facet normal 0 0 1
    outer loop
      vertex 39.1402701 -53.4582649 0.04
      vertex 38.4170623 -46.4894981 0.04
      vertex 38.7605619 -53.4815928 0.04
    endloop
  endfacet
  facet normal 0 0 1
    outer loop
      vertex 38.7605619 -53.4815928 0.04
      vertex 38.4170623 -46.4894981 0.04
      vertex 38.3803955 -53.4955952 0.04
    endloop
  endfacet
  facet normal 0 -0 1
    outer loop
      vertex 38.3803955 -53.4955952 0.04
      vertex 38.4170623 -46.4894981 0.04
      vertex 38.208594 -46.4971765 0.04
    endloop
  endfacet
  facet normal 0 0 1
    outer loop
      vertex 38.3803955 -53.4955952 0.04
      vertex 38.208594 -46.4971765 0.04
      vertex 38.021476 -53.5 0.04
    endloop
  endfacet
  facet normal 0 -0 1
    outer loop
      vertex 38.021476 -53.5 0.04
      vertex 38.208594 -46.4971765 0.04
      vertex 37.978524 -46.5 0.04
    endloop
  endfacet
  facet normal 0 0 1
    outer loop
      vertex 38.021476 -53.5 0.04
      vertex 37.978524 -46.5 0.04
      vertex 3.5 -46.5 0.04
    endloop
  endfacet
  facet normal 0 0 1
    outer loop
      vertex 38.021476 -53.5 0.04
      vertex 3.5 -46.5 0.04
      vertex -38.021476 -53.5 0.04
    endloop
  endfacet
  facet normal 0 0 1
    outer loop
      vertex -38.021476 -53.5 0.04
      vertex 3.5 -46.5 0.04
      vertex -3.5 -46.5 0.04
    endloop
  endfacet
  facet normal 0 0 1
    outer loop
      vertex -38.021476 -53.5 0.04
      vertex -3.5 -46.5 0.04
      vertex -37.978524 -46.5 0.04
    endloop
  endfacet
  facet normal 0 -0 1
    outer loop
      vertex -38.021476 -53.5 0.04
      vertex -37.978524 -46.5 0.04
      vertex -38.208594 -46.4971765 0.04
    endloop
  endfacet
  facet normal 0 0 1
    outer loop
      vertex -38.021476 -53.5 0.04
      vertex -38.208594 -46.4971765 0.04
      vertex -38.3803955 -53.4955952 0.04
    endloop
  endfacet
  facet normal 0 -0 1
    outer loop
      vertex -38.3803955 -53.4955952 0.04
      vertex -38.208594 -46.4971765 0.04
      vertex -38.4170623 -46.4894981 0.04
    endloop
  endfacet
  facet normal 0 0 1
    outer loop
      vertex -38.3803955 -53.4955952 0.04
      vertex -38.4170623 -46.4894981 0.04
      vertex -38.7605619 -53.4815928 0.04
    endloop
  endfacet
  facet normal 0 -0 1
    outer loop
      vertex -38.7605619 -53.4815928 0.04
      vertex -38.4170623 -46.4894981 0.04
      vertex -39.1402701 -53.4582649 0.04
    endloop
  endfacet
  facet normal 0 0 1
    outer loop
      vertex -39.1402701 -53.4582649 0.04
      vertex -38.4170623 -46.4894981 0.04
      vertex -38.6252794 -46.476706 0.04
    endloop
  endfacet
  facet normal 0 0 1
    outer loop
      vertex -39.1402701 -53.4582649 0.04
      vertex -38.6252794 -46.476706 0.04
      vertex -38.8331199 -46.4588079 0.04
    endloop
  endfacet
  facet normal 0 -0 1
    outer loop
      vertex -39.1402701 -53.4582649 0.04
      vertex -38.8331199 -46.4588079 0.04
      vertex -39.5192915 -53.4256256 0.04
    endloop
  endfacet
  facet normal 0 0 1
    outer loop
      vertex -39.5192915 -53.4256256 0.04
      vertex -38.8331199 -46.4588079 0.04
      vertex -39.0404585 -46.4358145 0.04
    endloop
  endfacet
  facet normal 0 -0 1
    outer loop
      vertex -39.5192915 -53.4256256 0.04
      vertex -39.0404585 -46.4358145 0.04
      vertex -39.8973977 -53.3836944 0.04
    endloop
  endfacet
  facet normal 0 0 1
    outer loop
      vertex -39.8973977 -53.3836944 0.04
      vertex -39.0404585 -46.4358145 0.04
      vertex -39.2471704 -46.4077396 0.04
    endloop
  endfacet
  facet normal 0 -0 1
    outer loop
      vertex -39.8973977 -53.3836944 0.04
      vertex -39.2471704 -46.4077396 0.04
      vertex -40.274361 -53.3324966 0.04
    endloop
  endfacet
  facet normal 0 0 1
    outer loop
      vertex -40.274361 -53.3324966 0.04
      vertex -39.2471704 -46.4077396 0.04
      vertex -39.453131 -46.3746003 0.04
    endloop
  endfacet
  facet normal 0 -0 1
    outer loop
      vertex -40.274361 -53.3324966 0.04
      vertex -39.453131 -46.3746003 0.04
      vertex -40.6499543 -53.2720631 0.04
    endloop
  endfacet
  facet normal 0 -0 1
    outer loop
      vertex -40.6499543 -53.2720631 0.04
      vertex -39.453131 -46.3746003 0.04
      vertex -41.0239514 -53.2024303 0.04
    endloop
  endfacet
  facet normal 0 0 1
    outer loop
      vertex -41.0239514 -53.2024303 0.04
      vertex -39.453131 -46.3746003 0.04
      vertex -39.6582163 -46.3364164 0.04
    endloop
  endfacet
  facet normal 0 -0 1
    outer loop
      vertex -41.0239514 -53.2024303 0.04
      vertex -39.6582163 -46.3364164 0.04
      vertex -41.396127 -53.1236402 0.04
    endloop
  endfacet
  facet normal 0 0 1
    outer loop
      vertex -41.396127 -53.1236402 0.04
      vertex -39.6582163 -46.3364164 0.04
      vertex -39.8623028 -46.2932109 0.04
    endloop
  endfacet
  facet normal 0 0 1
    outer loop
      vertex -41.396127 -53.1236402 0.04
      vertex -39.8623028 -46.2932109 0.04
      vertex -40.0652675 -46.24501 0.04
    endloop
  endfacet
  facet normal 0 -0 1
    outer loop
      vertex -41.396127 -53.1236402 0.04
      vertex -40.0652675 -46.24501 0.04
      vertex -41.7662568 -53.0357401 0.04
    endloop
  endfacet
  facet normal 0 -0 1
    outer loop
      vertex -41.7662568 -53.0357401 0.04
      vertex -40.0652675 -46.24501 0.04
      vertex -42.134118 -52.938783 0.04
    endloop
  endfacet
  facet normal 0 0 1
    outer loop
      vertex -42.134118 -52.938783 0.04
      vertex -40.0652675 -46.24501 0.04
      vertex -40.2669881 -46.1918425 0.04
    endloop
  endfacet
  facet normal 0 0 1
    outer loop
      vertex -42.134118 -52.938783 0.04
      vertex -40.2669881 -46.1918425 0.04
      vertex -40.4673432 -46.1337406 0.04
    endloop
  endfacet
  facet normal 0 -0 1
    outer loop
      vertex -42.134118 -52.938783 0.04
      vertex -40.4673432 -46.1337406 0.04
      vertex -42.499489 -52.8328274 0.04
    endloop
  endfacet
  facet normal 0 0 1
    outer loop
      vertex -42.499489 -52.8328274 0.04
      vertex -40.4673432 -46.1337406 0.04
      vertex -40.6662121 -46.0707393 0.04
    endloop
  endfacet
  facet normal 0 -0 1
    outer loop
      vertex -42.499489 -52.8328274 0.04
      vertex -40.6662121 -46.0707393 0.04
      vertex -42.8621497 -52.7179371 0.04
    endloop
  endfacet
  facet normal 0 -0 1
    outer loop
      vertex -42.8621497 -52.7179371 0.04
      vertex -40.6662121 -46.0707393 0.04
      vertex -43.2218815 -52.5941812 0.04
    endloop
  endfacet
  facet normal 0 0 1
    outer loop
      vertex -43.2218815 -52.5941812 0.04
      vertex -40.6662121 -46.0707393 0.04
      vertex -40.863475 -46.0028764 0.04
    endloop
  endfacet
  facet normal 0 0 1
    outer loop
      vertex -43.2218815 -52.5941812 0.04
      vertex -40.863475 -46.0028764 0.04
      vertex -41.059013 -45.9301929 0.04
    endloop
  endfacet
  facet normal 0 -0 1
    outer loop
      vertex -43.2218815 -52.5941812 0.04
      vertex -41.059013 -45.9301929 0.04
      vertex -43.5784679 -52.4616343 0.04
    endloop
  endfacet
  facet normal 0 0 1
    outer loop
      vertex -43.5784679 -52.4616343 0.04
      vertex -41.059013 -45.9301929 0.04
      vertex -41.2527083 -45.8527325 0.04
    endloop
  endfacet
  facet normal 0 -0 1
    outer loop
      vertex -43.5784679 -52.4616343 0.04
      vertex -41.2527083 -45.8527325 0.04
      vertex -43.9316941 -52.3203763 0.04
    endloop
  endfacet
  facet normal 0 0 1
    outer loop
      vertex -43.9316941 -52.3203763 0.04
      vertex -41.2527083 -45.8527325 0.04
      vertex -41.4444444 -45.770542 0.04
    endloop
  endfacet
  facet normal 0 -0 1
    outer loop
      vertex -43.9316941 -52.3203763 0.04
      vertex -41.4444444 -45.770542 0.04
      vertex -44.2813472 -52.1704922 0.04
    endloop
  endfacet
  facet normal 0 -0 1
    outer loop
      vertex -44.2813472 -52.1704922 0.04
      vertex -41.4444444 -45.770542 0.04
      vertex -44.6272166 -52.0120723 0.04
    endloop
  endfacet
  facet normal 0 0 1
    outer loop
      vertex -44.6272166 -52.0120723 0.04
      vertex -41.4444444 -45.770542 0.04
      vertex -41.6341056 -45.6836707 0.04
    endloop
  endfacet
  facet normal 0 -0 1
    outer loop
      vertex -44.6272166 -52.0120723 0.04
      vertex -41.6341056 -45.6836707 0.04
      vertex -44.9690941 -51.8452121 0.04
    endloop
  endfacet
  facet normal 0 0 1
    outer loop
      vertex -44.9690941 -51.8452121 0.04
      vertex -41.6341056 -45.6836707 0.04
      vertex -41.8215778 -45.5921711 0.04
    endloop
  endfacet
  facet normal 0 -0 1
    outer loop
      vertex -44.9690941 -51.8452121 0.04
      vertex -41.8215778 -45.5921711 0.04
      vertex -45.3067737 -51.670012 0.04
    endloop
  endfacet
  facet normal 0 0 1
    outer loop
      vertex -45.3067737 -51.670012 0.04
      vertex -41.8215778 -45.5921711 0.04
      vertex -42.006748 -45.4960983 0.04
    endloop
  endfacet
  facet normal 0 -0 1
    outer loop
      vertex -45.3067737 -51.670012 0.04
      vertex -42.006748 -45.4960983 0.04
      vertex -45.6400519 -51.4865777 0.04
    endloop
  endfacet
  facet normal 0 0 1
    outer loop
      vertex -45.6400519 -51.4865777 0.04
      vertex -42.006748 -45.4960983 0.04
      vertex -42.1895047 -45.3955101 0.04
    endloop
  endfacet
  facet normal 0 0 1
    outer loop
      vertex -45.6400519 -51.4865777 0.04
      vertex -42.1895047 -45.3955101 0.04
      vertex -42.3697378 -45.2904671 0.04
    endloop
  endfacet
  facet normal 0 -0 1
    outer loop
      vertex -45.6400519 -51.4865777 0.04
      vertex -42.3697378 -45.2904671 0.04
      vertex -45.968728 -51.2950195 0.04
    endloop
  endfacet
  facet normal 0 0 1
    outer loop
      vertex -45.968728 -51.2950195 0.04
      vertex -42.3697378 -45.2904671 0.04
      vertex -42.5473388 -45.1810326 0.04
    endloop
  endfacet
  facet normal 0 -0 1
    outer loop
      vertex -45.968728 -51.2950195 0.04
      vertex -42.5473388 -45.1810326 0.04
      vertex -46.2926041 -51.0954529 0.04
    endloop
  endfacet
  facet normal 0 0 1
    outer loop
      vertex -46.2926041 -51.0954529 0.04
      vertex -42.5473388 -45.1810326 0.04
      vertex -42.7222006 -45.0672726 0.04
    endloop
  endfacet
  facet normal 0 -0 1
    outer loop
      vertex -46.2926041 -51.0954529 0.04
      vertex -42.7222006 -45.0672726 0.04
      vertex -46.611485 -50.8879981 0.04
    endloop
  endfacet
  facet normal 0 0 1
    outer loop
      vertex -46.611485 -50.8879981 0.04
      vertex -42.7222006 -45.0672726 0.04
      vertex -42.8942179 -44.9492554 0.04
    endloop
  endfacet
  facet normal 0 -0 1
    outer loop
      vertex -46.611485 -50.8879981 0.04
      vertex -42.8942179 -44.9492554 0.04
      vertex -46.9251787 -50.6727801 0.04
    endloop
  endfacet
  facet normal 0 -0 1
    outer loop
      vertex -46.9251787 -50.6727801 0.04
      vertex -42.8942179 -44.9492554 0.04
      vertex -47.2334962 -50.4499284 0.04
    endloop
  endfacet
  facet normal 0 0 1
    outer loop
      vertex -47.2334962 -50.4499284 0.04
      vertex -42.8942179 -44.9492554 0.04
      vertex -43.0632871 -44.8270523 0.04
    endloop
  endfacet
  facet normal 0 -0 1
    outer loop
      vertex -47.2334962 -50.4499284 0.04
      vertex -43.0632871 -44.8270523 0.04
      vertex -47.5362518 -50.2195774 0.04
    endloop
  endfacet
  facet normal 0 0 1
    outer loop
      vertex -47.5362518 -50.2195774 0.04
      vertex -43.0632871 -44.8270523 0.04
      vertex -43.2293064 -44.7007369 0.04
    endloop
  endfacet
  facet normal 0 -0 1
    outer loop
      vertex -47.5362518 -50.2195774 0.04
      vertex -43.2293064 -44.7007369 0.04
      vertex -47.8332631 -49.9818658 0.04
    endloop
  endfacet
  facet normal 0 0 1
    outer loop
      vertex -47.8332631 -49.9818658 0.04
      vertex -43.2293064 -44.7007369 0.04
      vertex -43.3921757 -44.5703851 0.04
    endloop
  endfacet
  facet normal 0 -0 1
    outer loop
      vertex -47.8332631 -49.9818658 0.04
      vertex -43.3921757 -44.5703851 0.04
      vertex -48.1243512 -49.7369367 0.04
    endloop
  endfacet
  facet normal 0 0 1
    outer loop
      vertex -48.1243512 -49.7369367 0.04
      vertex -43.3921757 -44.5703851 0.04
      vertex -43.551797 -44.4360756 0.04
    endloop
  endfacet
  facet normal 0 -0 1
    outer loop
      vertex -48.1243512 -49.7369367 0.04
      vertex -43.551797 -44.4360756 0.04
      vertex -48.4093408 -49.4849377 0.04
    endloop
  endfacet
  facet normal 0 0 1
    outer loop
      vertex -48.4093408 -49.4849377 0.04
      vertex -43.551797 -44.4360756 0.04
      vertex -43.7080741 -44.2978893 0.04
    endloop
  endfacet
  facet normal 0 -0 1
    outer loop
      vertex -48.4093408 -49.4849377 0.04
      vertex -43.7080741 -44.2978893 0.04
      vertex -48.6880602 -49.2260207 0.04
    endloop
  endfacet
  facet normal 0 0 1
    outer loop
      vertex -48.6880602 -49.2260207 0.04
      vertex -43.7080741 -44.2978893 0.04
      vertex -43.8609129 -44.1559093 0.04
    endloop
  endfacet
  facet normal 0 -0 1
    outer loop
      vertex -48.6880602 -49.2260207 0.04
      vertex -43.8609129 -44.1559093 0.04
      vertex -48.9603415 -48.9603415 0.04
    endloop
  endfacet
  facet normal 0 0 1
    outer loop
      vertex -48.9603415 -48.9603415 0.04
      vertex -43.8609129 -44.1559093 0.04
      vertex -44.0102213 -44.0102213 0.04
    endloop
  endfacet
  facet normal 0 0 1
    outer loop
      vertex -48.9603415 -48.9603415 0.04
      vertex -44.0102213 -44.0102213 0.04
      vertex -44.1559093 -43.8609129 0.04
    endloop
  endfacet
  facet normal 0 -0 1
    outer loop
      vertex -48.9603415 -48.9603415 0.04
      vertex -44.1559093 -43.8609129 0.04
      vertex -49.2260207 -48.6880602 0.04
    endloop
  endfacet
  facet normal 0 0 1
    outer loop
      vertex -49.2260207 -48.6880602 0.04
      vertex -44.1559093 -43.8609129 0.04
      vertex -44.2978893 -43.7080741 0.04
    endloop
  endfacet
  facet normal 0 -0 1
    outer loop
      vertex -49.2260207 -48.6880602 0.04
      vertex -44.2978893 -43.7080741 0.04
      vertex -49.4849377 -48.4093408 0.04
    endloop
  endfacet
  facet normal 0 0 1
    outer loop
      vertex -49.4849377 -48.4093408 0.04
      vertex -44.2978893 -43.7080741 0.04
      vertex -44.4360756 -43.551797 0.04
    endloop
  endfacet
  facet normal 0 -0 1
    outer loop
      vertex -49.4849377 -48.4093408 0.04
      vertex -44.4360756 -43.551797 0.04
      vertex -49.7369367 -48.1243512 0.04
    endloop
  endfacet
  facet normal 0 -0 1
    outer loop
      vertex -49.7369367 -48.1243512 0.04
      vertex -44.4360756 -43.551797 0.04
      vertex -49.9818658 -47.8332631 0.04
    endloop
  endfacet
  facet normal 0 0 1
    outer loop
      vertex -49.9818658 -47.8332631 0.04
      vertex -44.4360756 -43.551797 0.04
      vertex -44.5703851 -43.3921757 0.04
    endloop
  endfacet
  facet normal 0 -0 1
    outer loop
      vertex -49.9818658 -47.8332631 0.04
      vertex -44.5703851 -43.3921757 0.04
      vertex -50.2195774 -47.5362518 0.04
    endloop
  endfacet
  facet normal 0 0 1
    outer loop
      vertex -50.2195774 -47.5362518 0.04
      vertex -44.5703851 -43.3921757 0.04
      vertex -44.7007369 -43.2293064 0.04
    endloop
  endfacet
  facet normal 0 0 1
    outer loop
      vertex -50.2195774 -47.5362518 0.04
      vertex -44.7007369 -43.2293064 0.04
      vertex -44.8270523 -43.0632871 0.04
    endloop
  endfacet
  facet normal 0 -0 1
    outer loop
      vertex -50.2195774 -47.5362518 0.04
      vertex -44.8270523 -43.0632871 0.04
      vertex -50.4499284 -47.2334962 0.04
    endloop
  endfacet
  facet normal 0 -0 1
    outer loop
      vertex -50.4499284 -47.2334962 0.04
      vertex -44.8270523 -43.0632871 0.04
      vertex -50.6727801 -46.9251787 0.04
    endloop
  endfacet
  facet normal 0 0 1
    outer loop
      vertex -50.6727801 -46.9251787 0.04
      vertex -44.8270523 -43.0632871 0.04
      vertex -44.9492554 -42.8942179 0.04
    endloop
  endfacet
  facet normal 0 -0 1
    outer loop
      vertex -50.6727801 -46.9251787 0.04
      vertex -44.9492554 -42.8942179 0.04
      vertex -50.8879981 -46.611485 0.04
    endloop
  endfacet
  facet normal 0 0 1
    outer loop
      vertex -50.8879981 -46.611485 0.04
      vertex -44.9492554 -42.8942179 0.04
      vertex -45.0672726 -42.7222006 0.04
    endloop
  endfacet
  facet normal 0 -0 1
    outer loop
      vertex -50.8879981 -46.611485 0.04
      vertex -45.0672726 -42.7222006 0.04
      vertex -51.0954529 -46.2926041 0.04
    endloop
  endfacet
  facet normal 0 0 1
    outer loop
      vertex -51.0954529 -46.2926041 0.04
      vertex -45.0672726 -42.7222006 0.04
      vertex -45.1810326 -42.5473388 0.04
    endloop
  endfacet
  facet normal 0 -0 1
    outer loop
      vertex -51.0954529 -46.2926041 0.04
      vertex -45.1810326 -42.5473388 0.04
      vertex -51.2950195 -45.968728 0.04
    endloop
  endfacet
  facet normal 0 0 1
    outer loop
      vertex -51.2950195 -45.968728 0.04
      vertex -45.1810326 -42.5473388 0.04
      vertex -45.2904671 -42.3697378 0.04
    endloop
  endfacet
  facet normal 0 -0 1
    outer loop
      vertex -51.2950195 -45.968728 0.04
      vertex -45.2904671 -42.3697378 0.04
      vertex -51.4865777 -45.6400519 0.04
    endloop
  endfacet
  facet normal 0 0 1
    outer loop
      vertex -51.4865777 -45.6400519 0.04
      vertex -45.2904671 -42.3697378 0.04
      vertex -45.3955101 -42.1895047 0.04
    endloop
  endfacet
  facet normal 0 0 1
    outer loop
      vertex -51.4865777 -45.6400519 0.04
      vertex -45.3955101 -42.1895047 0.04
      vertex -45.4960983 -42.006748 0.04
    endloop
  endfacet
  facet normal 0 -0 1
    outer loop
      vertex -51.4865777 -45.6400519 0.04
      vertex -45.4960983 -42.006748 0.04
      vertex -51.670012 -45.3067737 0.04
    endloop
  endfacet
  facet normal 0 0 1
    outer loop
      vertex -51.670012 -45.3067737 0.04
      vertex -45.4960983 -42.006748 0.04
      vertex -45.5921711 -41.8215778 0.04
    endloop
  endfacet
  facet normal 0 -0 1
    outer loop
      vertex -51.670012 -45.3067737 0.04
      vertex -45.5921711 -41.8215778 0.04
      vertex -51.8452121 -44.9690941 0.04
    endloop
  endfacet
  facet normal 0 0 1
    outer loop
      vertex -51.8452121 -44.9690941 0.04
      vertex -45.5921711 -41.8215778 0.04
      vertex -45.6836707 -41.6341056 0.04
    endloop
  endfacet
  facet normal 0 -0 1
    outer loop
      vertex -51.8452121 -44.9690941 0.04
      vertex -45.6836707 -41.6341056 0.04
      vertex -52.0120723 -44.6272166 0.04
    endloop
  endfacet
  facet normal 0 0 1
    outer loop
      vertex -52.0120723 -44.6272166 0.04
      vertex -45.6836707 -41.6341056 0.04
      vertex -45.770542 -41.4444444 0.04
    endloop
  endfacet
  facet normal 0 -0 1
    outer loop
      vertex -52.0120723 -44.6272166 0.04
      vertex -45.770542 -41.4444444 0.04
      vertex -52.1704922 -44.2813472 0.04
    endloop
  endfacet
  facet normal 0 -0 1
    outer loop
      vertex -52.1704922 -44.2813472 0.04
      vertex -45.770542 -41.4444444 0.04
      vertex -52.3203763 -43.9316941 0.04
    endloop
  endfacet
  facet normal 0 0 1
    outer loop
      vertex -52.3203763 -43.9316941 0.04
      vertex -45.770542 -41.4444444 0.04
      vertex -45.8527325 -41.2527083 0.04
    endloop
  endfacet
  facet normal 0 -0 1
    outer loop
      vertex -52.3203763 -43.9316941 0.04
      vertex -45.8527325 -41.2527083 0.04
      vertex -52.4616343 -43.5784679 0.04
    endloop
  endfacet
  facet normal 0 0 1
    outer loop
      vertex -52.4616343 -43.5784679 0.04
      vertex -45.8527325 -41.2527083 0.04
      vertex -45.9301929 -41.059013 0.04
    endloop
  endfacet
  facet normal 0 -0 1
    outer loop
      vertex -52.4616343 -43.5784679 0.04
      vertex -45.9301929 -41.059013 0.04
      vertex -52.5941812 -43.2218815 0.04
    endloop
  endfacet
  facet normal 0 0 1
    outer loop
      vertex -52.5941812 -43.2218815 0.04
      vertex -45.9301929 -41.059013 0.04
      vertex -46.0028764 -40.863475 0.04
    endloop
  endfacet
  facet normal 0 0 1
    outer loop
      vertex -52.5941812 -43.2218815 0.04
      vertex -46.0028764 -40.863475 0.04
      vertex -46.0707393 -40.6662121 0.04
    endloop
  endfacet
  facet normal 0 -0 1
    outer loop
      vertex -52.5941812 -43.2218815 0.04
      vertex -46.0707393 -40.6662121 0.04
      vertex -52.7179371 -42.8621497 0.04
    endloop
  endfacet
  facet normal 0 0 1
    outer loop
      vertex -52.7179371 -42.8621497 0.04
      vertex -46.0707393 -40.6662121 0.04
      vertex -46.1337406 -40.4673432 0.04
    endloop
  endfacet
  facet normal 0 -0 1
    outer loop
      vertex -52.7179371 -42.8621497 0.04
      vertex -46.1337406 -40.4673432 0.04
      vertex -52.8328274 -42.499489 0.04
    endloop
  endfacet
  facet normal 0 0 1
    outer loop
      vertex -52.8328274 -42.499489 0.04
      vertex -46.1337406 -40.4673432 0.04
      vertex -46.1918425 -40.2669881 0.04
    endloop
  endfacet
  facet normal 0 -0 1
    outer loop
      vertex -52.8328274 -42.499489 0.04
      vertex -46.1918425 -40.2669881 0.04
      vertex -52.938783 -42.134118 0.04
    endloop
  endfacet
  facet normal 0 -0 1
    outer loop
      vertex -52.938783 -42.134118 0.04
      vertex -46.1918425 -40.2669881 0.04
      vertex -53.0357401 -41.7662568 0.04
    endloop
  endfacet
  facet normal 0 0 1
    outer loop
      vertex -53.0357401 -41.7662568 0.04
      vertex -46.1918425 -40.2669881 0.04
      vertex -46.24501 -40.0652675 0.04
    endloop
  endfacet
  facet normal 0 0 1
    outer loop
      vertex -53.0357401 -41.7662568 0.04
      vertex -46.24501 -40.0652675 0.04
      vertex -46.2932109 -39.8623028 0.04
    endloop
  endfacet
  facet normal 0 -0 1
    outer loop
      vertex -53.0357401 -41.7662568 0.04
      vertex -46.2932109 -39.8623028 0.04
      vertex -53.1236402 -41.396127 0.04
    endloop
  endfacet
  facet normal 0 -0 1
    outer loop
      vertex -53.1236402 -41.396127 0.04
      vertex -46.2932109 -39.8623028 0.04
      vertex -53.2024303 -41.0239514 0.04
    endloop
  endfacet
  facet normal 0 0 1
    outer loop
      vertex -53.2024303 -41.0239514 0.04
      vertex -46.2932109 -39.8623028 0.04
      vertex -46.3364164 -39.6582163 0.04
    endloop
  endfacet
  facet normal 0 0 1
    outer loop
      vertex -53.2024303 -41.0239514 0.04
      vertex -46.3364164 -39.6582163 0.04
      vertex -46.3746003 -39.453131 0.04
    endloop
  endfacet
  facet normal 0 -0 1
    outer loop
      vertex -53.2024303 -41.0239514 0.04
      vertex -46.3746003 -39.453131 0.04
      vertex -53.2720631 -40.6499543 0.04
    endloop
  endfacet
  facet normal 0 -0 1
    outer loop
      vertex -53.2720631 -40.6499543 0.04
      vertex -46.3746003 -39.453131 0.04
      vertex -53.3324966 -40.274361 0.04
    endloop
  endfacet
  facet normal 0 0 1
    outer loop
      vertex -53.3324966 -40.274361 0.04
      vertex -46.3746003 -39.453131 0.04
      vertex -46.4077396 -39.2471704 0.04
    endloop
  endfacet
  facet normal 0 -0 1
    outer loop
      vertex -53.3324966 -40.274361 0.04
      vertex -46.4077396 -39.2471704 0.04
      vertex -53.3836944 -39.8973977 0.04
    endloop
  endfacet
  facet normal 0 0 1
    outer loop
      vertex -53.3836944 -39.8973977 0.04
      vertex -46.4077396 -39.2471704 0.04
      vertex -46.4358145 -39.0404585 0.04
    endloop
  endfacet
  facet normal 0 -0 1
    outer loop
      vertex -53.3836944 -39.8973977 0.04
      vertex -46.4358145 -39.0404585 0.04
      vertex -53.4256256 -39.5192915 0.04
    endloop
  endfacet
  facet normal 0 0 1
    outer loop
      vertex -53.4256256 -39.5192915 0.04
      vertex -46.4358145 -39.0404585 0.04
      vertex -46.4588079 -38.8331199 0.04
    endloop
  endfacet
  facet normal 0 -0 1
    outer loop
      vertex -53.4256256 -39.5192915 0.04
      vertex -46.4588079 -38.8331199 0.04
      vertex -53.4582649 -39.1402701 0.04
    endloop
  endfacet
  facet normal 0 0 1
    outer loop
      vertex -53.4582649 -39.1402701 0.04
      vertex -46.4588079 -38.8331199 0.04
      vertex -46.476706 -38.6252794 0.04
    endloop
  endfacet
  facet normal 0 0 1
    outer loop
      vertex -53.4582649 -39.1402701 0.04
      vertex -46.476706 -38.6252794 0.04
      vertex -46.4894981 -38.4170623 0.04
    endloop
  endfacet
  facet normal 0 -0 1
    outer loop
      vertex -53.4582649 -39.1402701 0.04
      vertex -46.4894981 -38.4170623 0.04
      vertex -53.4815928 -38.7605619 0.04
    endloop
  endfacet
  facet normal 0 -0 1
    outer loop
      vertex -53.4815928 -38.7605619 0.04
      vertex -46.4894981 -38.4170623 0.04
      vertex -53.4955952 -38.3803955 0.04
    endloop
  endfacet
  facet normal -0 0 1
    outer loop
      vertex -53.4955952 -38.3803955 0.04
      vertex -46.4894981 -38.4170623 0.04
      vertex -46.4971765 -38.208594 0.04
    endloop
  endfacet
  facet normal 0 -0 1
    outer loop
      vertex -53.4955952 -38.3803955 0.04
      vertex -46.4971765 -38.208594 0.04
      vertex -53.5 -38.021476 0.04
    endloop
  endfacet
  facet normal -0 0 1
    outer loop
      vertex -53.5 -38.021476 0.04
      vertex -46.4971765 -38.208594 0.04
      vertex -46.5 -37.978524 0.04
    endloop
  endfacet
  facet normal 0 0 1
    outer loop
      vertex -53.5 -38.021476 0.04
      vertex -46.5 -37.978524 0.04
      vertex -46.5 -3.5 0.04
    endloop
  endfacet
  facet normal 0 0 1
    outer loop
      vertex -53.5 -38.021476 0.04
      vertex -46.5 -3.5 0.04
      vertex -46.5 3.5 0.04
    endloop
  endfacet
  facet normal 0 0 1
    outer loop
      vertex -53.5 -38.021476 0.04
      vertex -46.5 3.5 0.04
      vertex -53.5 38.021476 0.04
    endloop
  endfacet
  facet normal 0 0 1
    outer loop
      vertex -53.5 38.021476 0.04
      vertex -46.5 3.5 0.04
      vertex -46.5 37.978524 0.04
    endloop
  endfacet
  facet normal -0 0 1
    outer loop
      vertex -53.5 38.021476 0.04
      vertex -46.5 37.978524 0.04
      vertex -46.4971765 38.208594 0.04
    endloop
  endfacet
  facet normal 0 0 1
    outer loop
      vertex -53.5 38.021476 0.04
      vertex -46.4971765 38.208594 0.04
      vertex -53.4955952 38.3803955 0.04
    endloop
  endfacet
  facet normal -0 0 1
    outer loop
      vertex -53.4955952 38.3803955 0.04
      vertex -46.4971765 38.208594 0.04
      vertex -46.4894981 38.4170623 0.04
    endloop
  endfacet
  facet normal 0 0 1
    outer loop
      vertex -53.4955952 38.3803955 0.04
      vertex -46.4894981 38.4170623 0.04
      vertex -53.4815928 38.7605619 0.04
    endloop
  endfacet
  facet normal -0 0 1
    outer loop
      vertex -53.4815928 38.7605619 0.04
      vertex -46.4894981 38.4170623 0.04
      vertex -53.4582649 39.1402701 0.04
    endloop
  endfacet
  facet normal 0 0 1
    outer loop
      vertex -53.4582649 39.1402701 0.04
      vertex -46.4894981 38.4170623 0.04
      vertex -46.476706 38.6252794 0.04
    endloop
  endfacet
  facet normal -0 0 1
    outer loop
      vertex -53.4582649 39.1402701 0.04
      vertex -46.476706 38.6252794 0.04
      vertex -53.4256256 39.5192915 0.04
    endloop
  endfacet
  facet normal 0 0 1
    outer loop
      vertex -53.4256256 39.5192915 0.04
      vertex -46.476706 38.6252794 0.04
      vertex -46.4588079 38.8331199 0.04
    endloop
  endfacet
  facet normal 0 0 1
    outer loop
      vertex -53.4256256 39.5192915 0.04
      vertex -46.4588079 38.8331199 0.04
      vertex -46.4358145 39.0404585 0.04
    endloop
  endfacet
  facet normal -0 0 1
    outer loop
      vertex -53.4256256 39.5192915 0.04
      vertex -46.4358145 39.0404585 0.04
      vertex -53.3836944 39.8973977 0.04
    endloop
  endfacet
  facet normal -0 0 1
    outer loop
      vertex -53.3836944 39.8973977 0.04
      vertex -46.4358145 39.0404585 0.04
      vertex -53.3324966 40.274361 0.04
    endloop
  endfacet
  facet normal 0 0 1
    outer loop
      vertex -53.3324966 40.274361 0.04
      vertex -46.4358145 39.0404585 0.04
      vertex -46.4077396 39.2471704 0.04
    endloop
  endfacet
  facet normal 0 0 1
    outer loop
      vertex -53.3324966 40.274361 0.04
      vertex -46.4077396 39.2471704 0.04
      vertex -46.3746003 39.453131 0.04
    endloop
  endfacet
  facet normal -0 0 1
    outer loop
      vertex -53.3324966 40.274361 0.04
      vertex -46.3746003 39.453131 0.04
      vertex -53.2720631 40.6499543 0.04
    endloop
  endfacet
  facet normal 0 0 1
    outer loop
      vertex -53.2720631 40.6499543 0.04
      vertex -46.3746003 39.453131 0.04
      vertex -46.3364164 39.6582163 0.04
    endloop
  endfacet
  facet normal -0 0 1
    outer loop
      vertex -53.2720631 40.6499543 0.04
      vertex -46.3364164 39.6582163 0.04
      vertex -53.2024303 41.0239514 0.04
    endloop
  endfacet
  facet normal 0 0 1
    outer loop
      vertex -53.2024303 41.0239514 0.04
      vertex -46.3364164 39.6582163 0.04
      vertex -46.2932109 39.8623028 0.04
    endloop
  endfacet
  facet normal -0 0 1
    outer loop
      vertex -53.2024303 41.0239514 0.04
      vertex -46.2932109 39.8623028 0.04
      vertex -53.1236402 41.396127 0.04
    endloop
  endfacet
  facet normal -0 0 1
    outer loop
      vertex -53.1236402 41.396127 0.04
      vertex -46.2932109 39.8623028 0.04
      vertex -53.0357401 41.7662568 0.04
    endloop
  endfacet
  facet normal 0 0 1
    outer loop
      vertex -53.0357401 41.7662568 0.04
      vertex -46.2932109 39.8623028 0.04
      vertex -46.24501 40.0652675 0.04
    endloop
  endfacet
  facet normal -0 0 1
    outer loop
      vertex -53.0357401 41.7662568 0.04
      vertex -46.24501 40.0652675 0.04
      vertex -52.938783 42.134118 0.04
    endloop
  endfacet
  facet normal 0 0 1
    outer loop
      vertex -52.938783 42.134118 0.04
      vertex -46.24501 40.0652675 0.04
      vertex -46.1918425 40.2669881 0.04
    endloop
  endfacet
  facet normal 0 0 1
    outer loop
      vertex -52.938783 42.134118 0.04
      vertex -46.1918425 40.2669881 0.04
      vertex -46.1337406 40.4673432 0.04
    endloop
  endfacet
  facet normal -0 0 1
    outer loop
      vertex -52.938783 42.134118 0.04
      vertex -46.1337406 40.4673432 0.04
      vertex -52.8328274 42.499489 0.04
    endloop
  endfacet
  facet normal 0 0 1
    outer loop
      vertex -52.8328274 42.499489 0.04
      vertex -46.1337406 40.4673432 0.04
      vertex -46.0707393 40.6662121 0.04
    endloop
  endfacet
  facet normal -0 0 1
    outer loop
      vertex -52.8328274 42.499489 0.04
      vertex -46.0707393 40.6662121 0.04
      vertex -52.7179371 42.8621497 0.04
    endloop
  endfacet
  facet normal 0 0 1
    outer loop
      vertex -52.7179371 42.8621497 0.04
      vertex -46.0707393 40.6662121 0.04
      vertex -46.0028764 40.863475 0.04
    endloop
  endfacet
  facet normal -0 0 1
    outer loop
      vertex -52.7179371 42.8621497 0.04
      vertex -46.0028764 40.863475 0.04
      vertex -52.5941812 43.2218815 0.04
    endloop
  endfacet
  facet normal -0 0 1
    outer loop
      vertex -52.5941812 43.2218815 0.04
      vertex -46.0028764 40.863475 0.04
      vertex -52.4616343 43.5784679 0.04
    endloop
  endfacet
  facet normal 0 0 1
    outer loop
      vertex -52.4616343 43.5784679 0.04
      vertex -46.0028764 40.863475 0.04
      vertex -45.9301929 41.059013 0.04
    endloop
  endfacet
  facet normal -0 0 1
    outer loop
      vertex -52.4616343 43.5784679 0.04
      vertex -45.9301929 41.059013 0.04
      vertex -52.3203763 43.9316941 0.04
    endloop
  endfacet
  facet normal 0 0 1
    outer loop
      vertex -52.3203763 43.9316941 0.04
      vertex -45.9301929 41.059013 0.04
      vertex -45.8527325 41.2527083 0.04
    endloop
  endfacet
  facet normal -0 0 1
    outer loop
      vertex -52.3203763 43.9316941 0.04
      vertex -45.8527325 41.2527083 0.04
      vertex -52.1704922 44.2813472 0.04
    endloop
  endfacet
  facet normal 0 0 1
    outer loop
      vertex -52.1704922 44.2813472 0.04
      vertex -45.8527325 41.2527083 0.04
      vertex -45.770542 41.4444444 0.04
    endloop
  endfacet
  facet normal 0 0 1
    outer loop
      vertex -52.1704922 44.2813472 0.04
      vertex -45.770542 41.4444444 0.04
      vertex -45.6836707 41.6341056 0.04
    endloop
  endfacet
  facet normal -0 0 1
    outer loop
      vertex -52.1704922 44.2813472 0.04
      vertex -45.6836707 41.6341056 0.04
      vertex -52.0120723 44.6272166 0.04
    endloop
  endfacet
  facet normal -0 0 1
    outer loop
      vertex -52.0120723 44.6272166 0.04
      vertex -45.6836707 41.6341056 0.04
      vertex -51.8452121 44.9690941 0.04
    endloop
  endfacet
  facet normal 0 0 1
    outer loop
      vertex -51.8452121 44.9690941 0.04
      vertex -45.6836707 41.6341056 0.04
      vertex -45.5921711 41.8215778 0.04
    endloop
  endfacet
  facet normal -0 0 1
    outer loop
      vertex -51.8452121 44.9690941 0.04
      vertex -45.5921711 41.8215778 0.04
      vertex -51.670012 45.3067737 0.04
    endloop
  endfacet
  facet normal 0 0 1
    outer loop
      vertex -51.670012 45.3067737 0.04
      vertex -45.5921711 41.8215778 0.04
      vertex -45.4960983 42.006748 0.04
    endloop
  endfacet
  facet normal -0 0 1
    outer loop
      vertex -51.670012 45.3067737 0.04
      vertex -45.4960983 42.006748 0.04
      vertex -51.4865777 45.6400519 0.04
    endloop
  endfacet
  facet normal 0 0 1
    outer loop
      vertex -51.4865777 45.6400519 0.04
      vertex -45.4960983 42.006748 0.04
      vertex -45.3955101 42.1895047 0.04
    endloop
  endfacet
  facet normal 0 0 1
    outer loop
      vertex -51.4865777 45.6400519 0.04
      vertex -45.3955101 42.1895047 0.04
      vertex -45.2904671 42.3697378 0.04
    endloop
  endfacet
  facet normal -0 0 1
    outer loop
      vertex -51.4865777 45.6400519 0.04
      vertex -45.2904671 42.3697378 0.04
      vertex -51.2950195 45.968728 0.04
    endloop
  endfacet
  facet normal 0 0 1
    outer loop
      vertex -51.2950195 45.968728 0.04
      vertex -45.2904671 42.3697378 0.04
      vertex -45.1810326 42.5473388 0.04
    endloop
  endfacet
  facet normal -0 0 1
    outer loop
      vertex -51.2950195 45.968728 0.04
      vertex -45.1810326 42.5473388 0.04
      vertex -51.0954529 46.2926041 0.04
    endloop
  endfacet
  facet normal -0 0 1
    outer loop
      vertex -51.0954529 46.2926041 0.04
      vertex -45.1810326 42.5473388 0.04
      vertex -50.8879981 46.611485 0.04
    endloop
  endfacet
  facet normal 0 0 1
    outer loop
      vertex -50.8879981 46.611485 0.04
      vertex -45.1810326 42.5473388 0.04
      vertex -45.0672726 42.7222006 0.04
    endloop
  endfacet
  facet normal 0 0 1
    outer loop
      vertex -50.8879981 46.611485 0.04
      vertex -45.0672726 42.7222006 0.04
      vertex -44.9492554 42.8942179 0.04
    endloop
  endfacet
  facet normal -0 0 1
    outer loop
      vertex -50.8879981 46.611485 0.04
      vertex -44.9492554 42.8942179 0.04
      vertex -50.6727801 46.9251787 0.04
    endloop
  endfacet
  facet normal -0 0 1
    outer loop
      vertex -50.6727801 46.9251787 0.04
      vertex -44.9492554 42.8942179 0.04
      vertex -50.4499284 47.2334962 0.04
    endloop
  endfacet
  facet normal 0 0 1
    outer loop
      vertex -50.4499284 47.2334962 0.04
      vertex -44.9492554 42.8942179 0.04
      vertex -44.8270523 43.0632871 0.04
    endloop
  endfacet
  facet normal 0 0 1
    outer loop
      vertex -50.4499284 47.2334962 0.04
      vertex -44.8270523 43.0632871 0.04
      vertex -44.7007369 43.2293064 0.04
    endloop
  endfacet
  facet normal -0 0 1
    outer loop
      vertex -50.4499284 47.2334962 0.04
      vertex -44.7007369 43.2293064 0.04
      vertex -50.2195774 47.5362518 0.04
    endloop
  endfacet
  facet normal 0 0 1
    outer loop
      vertex -50.2195774 47.5362518 0.04
      vertex -44.7007369 43.2293064 0.04
      vertex -44.5703851 43.3921757 0.04
    endloop
  endfacet
  facet normal -0 0 1
    outer loop
      vertex -50.2195774 47.5362518 0.04
      vertex -44.5703851 43.3921757 0.04
      vertex -49.9818658 47.8332631 0.04
    endloop
  endfacet
  facet normal 0 0 1
    outer loop
      vertex -49.9818658 47.8332631 0.04
      vertex -44.5703851 43.3921757 0.04
      vertex -44.4360756 43.551797 0.04
    endloop
  endfacet
  facet normal -0 0 1
    outer loop
      vertex -49.9818658 47.8332631 0.04
      vertex -44.4360756 43.551797 0.04
      vertex -49.7369367 48.1243512 0.04
    endloop
  endfacet
  facet normal 0 0 1
    outer loop
      vertex -3.5 46.5 0.04
      vertex -3.5 7 0.04
      vertex 3.5 7 0.04
    endloop
  endfacet
  facet normal -0 0 1
    outer loop
      vertex -3.5 46.5 0.04
      vertex 3.5 7 0.04
      vertex 3.5 46.5 0.04
    endloop
  endfacet
  facet normal 0 0 1
    outer loop
      vertex 46.4894981 38.4170623 0.04
      vertex 46.4971765 38.208594 0.04
      vertex 53.4955952 38.3803955 0.04
    endloop
  endfacet
  facet normal 0 0 1
    outer loop
      vertex 53.4955952 38.3803955 0.04
      vertex 46.4971765 38.208594 0.04
      vertex 53.5 38.021476 0.04
    endloop
  endfacet
  facet normal 0 0 1
    outer loop
      vertex 53.5 38.021476 0.04
      vertex 46.4971765 38.208594 0.04
      vertex 46.5 37.978524 0.04
    endloop
  endfacet
  facet normal 0 0 1
    outer loop
      vertex 53.5 38.021476 0.04
      vertex 46.5 37.978524 0.04
      vertex 46.5 3.5 0.04
    endloop
  endfacet
  facet normal 0 0 1
    outer loop
      vertex 53.5 38.021476 0.04
      vertex 46.5 3.5 0.04
      vertex 53.5 -38.021476 0.04
    endloop
  endfacet
  facet normal 0 0 1
    outer loop
      vertex 53.5 -38.021476 0.04
      vertex 46.5 3.5 0.04
      vertex 46.5 -3.5 0.04
    endloop
  endfacet
  facet normal 0 0 1
    outer loop
      vertex 53.5 -38.021476 0.04
      vertex 46.5 -3.5 0.04
      vertex 46.5 -37.978524 0.04
    endloop
  endfacet
  facet normal 0 0 1
    outer loop
      vertex 53.5 -38.021476 0.04
      vertex 46.5 -37.978524 0.04
      vertex 46.4971765 -38.208594 0.04
    endloop
  endfacet
  facet normal 0 0 1
    outer loop
      vertex 53.5 -38.021476 0.04
      vertex 46.4971765 -38.208594 0.04
      vertex 53.4955952 -38.3803955 0.04
    endloop
  endfacet
  facet normal 0 0 1
    outer loop
      vertex 53.4955952 -38.3803955 0.04
      vertex 46.4971765 -38.208594 0.04
      vertex 46.4894981 -38.4170623 0.04
    endloop
  endfacet
  facet normal 0 0 1
    outer loop
      vertex 53.4955952 -38.3803955 0.04
      vertex 46.4894981 -38.4170623 0.04
      vertex 53.4815928 -38.7605619 0.04
    endloop
  endfacet
  facet normal 0 0 1
    outer loop
      vertex 53.4815928 -38.7605619 0.04
      vertex 46.4894981 -38.4170623 0.04
      vertex 53.4582649 -39.1402701 0.04
    endloop
  endfacet
  facet normal 0 0 1
    outer loop
      vertex 53.4582649 -39.1402701 0.04
      vertex 46.4894981 -38.4170623 0.04
      vertex 46.476706 -38.6252794 0.04
    endloop
  endfacet
  facet normal 0 0 1
    outer loop
      vertex 53.4582649 -39.1402701 0.04
      vertex 46.476706 -38.6252794 0.04
      vertex 46.4588079 -38.8331199 0.04
    endloop
  endfacet
  facet normal 0 0 1
    outer loop
      vertex 53.4582649 -39.1402701 0.04
      vertex 46.4588079 -38.8331199 0.04
      vertex 53.4256256 -39.5192915 0.04
    endloop
  endfacet
  facet normal 0 0 1
    outer loop
      vertex 53.4256256 -39.5192915 0.04
      vertex 46.4588079 -38.8331199 0.04
      vertex 46.4358145 -39.0404585 0.04
    endloop
  endfacet
  facet normal 0 0 1
    outer loop
      vertex 53.4256256 -39.5192915 0.04
      vertex 46.4358145 -39.0404585 0.04
      vertex 53.3836944 -39.8973977 0.04
    endloop
  endfacet
  facet normal 0 0 1
    outer loop
      vertex 53.3836944 -39.8973977 0.04
      vertex 46.4358145 -39.0404585 0.04
      vertex 53.3324966 -40.274361 0.04
    endloop
  endfacet
  facet normal 0 0 1
    outer loop
      vertex 53.3324966 -40.274361 0.04
      vertex 46.4358145 -39.0404585 0.04
      vertex 46.4077396 -39.2471704 0.04
    endloop
  endfacet
  facet normal 0 0 1
    outer loop
      vertex 53.3324966 -40.274361 0.04
      vertex 46.4077396 -39.2471704 0.04
      vertex 46.3746003 -39.453131 0.04
    endloop
  endfacet
  facet normal 0 0 1
    outer loop
      vertex 53.3324966 -40.274361 0.04
      vertex 46.3746003 -39.453131 0.04
      vertex 53.2720631 -40.6499543 0.04
    endloop
  endfacet
  facet normal 0 0 1
    outer loop
      vertex 53.2720631 -40.6499543 0.04
      vertex 46.3746003 -39.453131 0.04
      vertex 46.3364164 -39.6582163 0.04
    endloop
  endfacet
  facet normal 0 0 1
    outer loop
      vertex 53.2720631 -40.6499543 0.04
      vertex 46.3364164 -39.6582163 0.04
      vertex 53.2024303 -41.0239514 0.04
    endloop
  endfacet
  facet normal 0 0 1
    outer loop
      vertex 53.2024303 -41.0239514 0.04
      vertex 46.3364164 -39.6582163 0.04
      vertex 46.2932109 -39.8623028 0.04
    endloop
  endfacet
  facet normal 0 0 1
    outer loop
      vertex 53.2024303 -41.0239514 0.04
      vertex 46.2932109 -39.8623028 0.04
      vertex 53.1236402 -41.396127 0.04
    endloop
  endfacet
  facet normal 0 0 1
    outer loop
      vertex 53.1236402 -41.396127 0.04
      vertex 46.2932109 -39.8623028 0.04
      vertex 53.0357401 -41.7662568 0.04
    endloop
  endfacet
  facet normal 0 0 1
    outer loop
      vertex 53.0357401 -41.7662568 0.04
      vertex 46.2932109 -39.8623028 0.04
      vertex 46.24501 -40.0652675 0.04
    endloop
  endfacet
  facet normal 0 0 1
    outer loop
      vertex 53.0357401 -41.7662568 0.04
      vertex 46.24501 -40.0652675 0.04
      vertex 52.938783 -42.134118 0.04
    endloop
  endfacet
  facet normal 0 0 1
    outer loop
      vertex 52.938783 -42.134118 0.04
      vertex 46.24501 -40.0652675 0.04
      vertex 46.1918425 -40.2669881 0.04
    endloop
  endfacet
  facet normal 0 0 1
    outer loop
      vertex 52.938783 -42.134118 0.04
      vertex 46.1918425 -40.2669881 0.04
      vertex 52.8328274 -42.499489 0.04
    endloop
  endfacet
  facet normal 0 0 1
    outer loop
      vertex 52.8328274 -42.499489 0.04
      vertex 46.1918425 -40.2669881 0.04
      vertex 46.1337406 -40.4673432 0.04
    endloop
  endfacet
  facet normal 0 0 1
    outer loop
      vertex 52.8328274 -42.499489 0.04
      vertex 46.1337406 -40.4673432 0.04
      vertex 46.0707393 -40.6662121 0.04
    endloop
  endfacet
  facet normal 0 0 1
    outer loop
      vertex 52.8328274 -42.499489 0.04
      vertex 46.0707393 -40.6662121 0.04
      vertex 52.7179371 -42.8621497 0.04
    endloop
  endfacet
  facet normal 0 0 1
    outer loop
      vertex 52.7179371 -42.8621497 0.04
      vertex 46.0707393 -40.6662121 0.04
      vertex 52.5941812 -43.2218815 0.04
    endloop
  endfacet
  facet normal 0 0 1
    outer loop
      vertex 52.5941812 -43.2218815 0.04
      vertex 46.0707393 -40.6662121 0.04
      vertex 46.0028764 -40.863475 0.04
    endloop
  endfacet
  facet normal 0 0 1
    outer loop
      vertex 52.5941812 -43.2218815 0.04
      vertex 46.0028764 -40.863475 0.04
      vertex 45.9301929 -41.059013 0.04
    endloop
  endfacet
  facet normal 0 0 1
    outer loop
      vertex 52.5941812 -43.2218815 0.04
      vertex 45.9301929 -41.059013 0.04
      vertex 52.4616343 -43.5784679 0.04
    endloop
  endfacet
  facet normal 0 0 1
    outer loop
      vertex 52.4616343 -43.5784679 0.04
      vertex 45.9301929 -41.059013 0.04
      vertex 45.8527325 -41.2527083 0.04
    endloop
  endfacet
  facet normal 0 0 1
    outer loop
      vertex 52.4616343 -43.5784679 0.04
      vertex 45.8527325 -41.2527083 0.04
      vertex 52.3203763 -43.9316941 0.04
    endloop
  endfacet
  facet normal 0 0 1
    outer loop
      vertex 52.3203763 -43.9316941 0.04
      vertex 45.8527325 -41.2527083 0.04
      vertex 52.1704922 -44.2813472 0.04
    endloop
  endfacet
  facet normal 0 0 1
    outer loop
      vertex 52.1704922 -44.2813472 0.04
      vertex 45.8527325 -41.2527083 0.04
      vertex 45.770542 -41.4444444 0.04
    endloop
  endfacet
  facet normal 0 0 1
    outer loop
      vertex 52.1704922 -44.2813472 0.04
      vertex 45.770542 -41.4444444 0.04
      vertex 52.0120723 -44.6272166 0.04
    endloop
  endfacet
  facet normal 0 0 1
    outer loop
      vertex 52.0120723 -44.6272166 0.04
      vertex 45.770542 -41.4444444 0.04
      vertex 45.6836707 -41.6341056 0.04
    endloop
  endfacet
  facet normal 0 0 1
    outer loop
      vertex 52.0120723 -44.6272166 0.04
      vertex 45.6836707 -41.6341056 0.04
      vertex 51.8452121 -44.9690941 0.04
    endloop
  endfacet
  facet normal 0 0 1
    outer loop
      vertex 51.8452121 -44.9690941 0.04
      vertex 45.6836707 -41.6341056 0.04
      vertex 45.5921711 -41.8215778 0.04
    endloop
  endfacet
  facet normal 0 0 1
    outer loop
      vertex 51.8452121 -44.9690941 0.04
      vertex 45.5921711 -41.8215778 0.04
      vertex 51.670012 -45.3067737 0.04
    endloop
  endfacet
  facet normal 0 0 1
    outer loop
      vertex 51.670012 -45.3067737 0.04
      vertex 45.5921711 -41.8215778 0.04
      vertex 45.4960983 -42.006748 0.04
    endloop
  endfacet
  facet normal 0 0 1
    outer loop
      vertex 51.670012 -45.3067737 0.04
      vertex 45.4960983 -42.006748 0.04
      vertex 51.4865777 -45.6400519 0.04
    endloop
  endfacet
  facet normal 0 0 1
    outer loop
      vertex 51.4865777 -45.6400519 0.04
      vertex 45.4960983 -42.006748 0.04
      vertex 45.3955101 -42.1895047 0.04
    endloop
  endfacet
  facet normal 0 0 1
    outer loop
      vertex 51.4865777 -45.6400519 0.04
      vertex 45.3955101 -42.1895047 0.04
      vertex 45.2904671 -42.3697378 0.04
    endloop
  endfacet
  facet normal 0 0 1
    outer loop
      vertex 51.4865777 -45.6400519 0.04
      vertex 45.2904671 -42.3697378 0.04
      vertex 51.2950195 -45.968728 0.04
    endloop
  endfacet
  facet normal 0 0 1
    outer loop
      vertex 51.2950195 -45.968728 0.04
      vertex 45.2904671 -42.3697378 0.04
      vertex 45.1810326 -42.5473388 0.04
    endloop
  endfacet
  facet normal 0 0 1
    outer loop
      vertex 51.2950195 -45.968728 0.04
      vertex 45.1810326 -42.5473388 0.04
      vertex 51.0954529 -46.2926041 0.04
    endloop
  endfacet
  facet normal 0 0 1
    outer loop
      vertex 51.0954529 -46.2926041 0.04
      vertex 45.1810326 -42.5473388 0.04
      vertex 45.0672726 -42.7222006 0.04
    endloop
  endfacet
  facet normal 0 0 1
    outer loop
      vertex 51.0954529 -46.2926041 0.04
      vertex 45.0672726 -42.7222006 0.04
      vertex 50.8879981 -46.611485 0.04
    endloop
  endfacet
  facet normal 0 0 1
    outer loop
      vertex 50.8879981 -46.611485 0.04
      vertex 45.0672726 -42.7222006 0.04
      vertex 44.9492554 -42.8942179 0.04
    endloop
  endfacet
  facet normal 0 0 1
    outer loop
      vertex 50.8879981 -46.611485 0.04
      vertex 44.9492554 -42.8942179 0.04
      vertex 50.6727801 -46.9251787 0.04
    endloop
  endfacet
  facet normal 0 0 1
    outer loop
      vertex 50.6727801 -46.9251787 0.04
      vertex 44.9492554 -42.8942179 0.04
      vertex 50.4499284 -47.2334962 0.04
    endloop
  endfacet
  facet normal 0 0 1
    outer loop
      vertex 50.4499284 -47.2334962 0.04
      vertex 44.9492554 -42.8942179 0.04
      vertex 44.8270523 -43.0632871 0.04
    endloop
  endfacet
  facet normal 0 0 1
    outer loop
      vertex 50.4499284 -47.2334962 0.04
      vertex 44.8270523 -43.0632871 0.04
      vertex 44.7007369 -43.2293064 0.04
    endloop
  endfacet
  facet normal 0 0 1
    outer loop
      vertex 50.4499284 -47.2334962 0.04
      vertex 44.7007369 -43.2293064 0.04
      vertex 50.2195774 -47.5362518 0.04
    endloop
  endfacet
  facet normal 0 0 1
    outer loop
      vertex 50.2195774 -47.5362518 0.04
      vertex 44.7007369 -43.2293064 0.04
      vertex 44.5703851 -43.3921757 0.04
    endloop
  endfacet
  facet normal 0 0 1
    outer loop
      vertex 50.2195774 -47.5362518 0.04
      vertex 44.5703851 -43.3921757 0.04
      vertex 49.9818658 -47.8332631 0.04
    endloop
  endfacet
  facet normal 0 0 1
    outer loop
      vertex 49.9818658 -47.8332631 0.04
      vertex 44.5703851 -43.3921757 0.04
      vertex 49.7369367 -48.1243512 0.04
    endloop
  endfacet
  facet normal 0 0 1
    outer loop
      vertex 49.7369367 -48.1243512 0.04
      vertex 44.5703851 -43.3921757 0.04
      vertex 44.4360756 -43.551797 0.04
    endloop
  endfacet
  facet normal 0 0 1
    outer loop
      vertex 49.7369367 -48.1243512 0.04
      vertex 44.4360756 -43.551797 0.04
      vertex 49.4849377 -48.4093408 0.04
    endloop
  endfacet
  facet normal 0 0 1
    outer loop
      vertex 49.4849377 -48.4093408 0.04
      vertex 44.4360756 -43.551797 0.04
      vertex 44.2978893 -43.7080741 0.04
    endloop
  endfacet
  facet normal 0 0 1
    outer loop
      vertex 49.4849377 -48.4093408 0.04
      vertex 44.2978893 -43.7080741 0.04
      vertex 49.2260207 -48.6880602 0.04
    endloop
  endfacet
  facet normal 0 0 1
    outer loop
      vertex 49.2260207 -48.6880602 0.04
      vertex 44.2978893 -43.7080741 0.04
      vertex 44.1559093 -43.8609129 0.04
    endloop
  endfacet
  facet normal 0 0 1
    outer loop
      vertex 49.2260207 -48.6880602 0.04
      vertex 44.1559093 -43.8609129 0.04
      vertex 48.9603415 -48.9603415 0.04
    endloop
  endfacet
  facet normal 0 0 1
    outer loop
      vertex 48.9603415 -48.9603415 0.04
      vertex 44.1559093 -43.8609129 0.04
      vertex 44.0102213 -44.0102213 0.04
    endloop
  endfacet
  facet normal 0 0 1
    outer loop
      vertex 48.9603415 -48.9603415 0.04
      vertex 44.0102213 -44.0102213 0.04
      vertex 43.8609129 -44.1559093 0.04
    endloop
  endfacet
  facet normal 0 0 1
    outer loop
      vertex 48.9603415 -48.9603415 0.04
      vertex 43.8609129 -44.1559093 0.04
      vertex 48.6880602 -49.2260207 0.04
    endloop
  endfacet
  facet normal 0 0 1
    outer loop
      vertex 48.6880602 -49.2260207 0.04
      vertex 43.8609129 -44.1559093 0.04
      vertex 43.7080741 -44.2978893 0.04
    endloop
  endfacet
  facet normal 0 -0 1
    outer loop
      vertex 3.5 -46.5 0.04
      vertex 3.5 -7 0.04
      vertex -3.5 -7 0.04
    endloop
  endfacet
  facet normal 0 0 1
    outer loop
      vertex 3.5 -46.5 0.04
      vertex -3.5 -7 0.04
      vertex -3.5 -46.5 0.04
    endloop
  endfacet
  facet normal 0 0 1
    outer loop
      vertex -46.5 -3.5 0.04
      vertex -7 -3.5 0.04
      vertex -46.5 3.5 0.04
    endloop
  endfacet
  facet normal -0 0 1
    outer loop
      vertex -46.5 3.5 0.04
      vertex -7 -3.5 0.04
      vertex -7 3.5 0.04
    endloop
  endfacet
  facet normal -0 0 1
    outer loop
      vertex -7 7 0.04
      vertex -7 3.5 0.04
      vertex -3.5 7 0.04
    endloop
  endfacet
  facet normal 0 0 1
    outer loop
      vertex -3.5 7 0.04
      vertex -7 3.5 0.04
      vertex -3.5 -7 0.04
    endloop
  endfacet
  facet normal 0 0 1
    outer loop
      vertex -3.5 7 0.04
      vertex -3.5 -7 0.04
      vertex 3.5 -7 0.04
    endloop
  endfacet
  facet normal -0 0 1
    outer loop
      vertex -3.5 7 0.04
      vertex 3.5 -7 0.04
      vertex 3.5 7 0.04
    endloop
  endfacet
  facet normal 0 0 1
    outer loop
      vertex 3.5 7 0.04
      vertex 3.5 -7 0.04
      vertex 7 -3.5 0.04
    endloop
  endfacet
  facet normal 0 0 1
    outer loop
      vertex 3.5 7 0.04
      vertex 7 -3.5 0.04
      vertex 7 3.5 0.04
    endloop
  endfacet
  facet normal -0 0 1
    outer loop
      vertex 3.5 7 0.04
      vertex 7 3.5 0.04
      vertex 7 7 0.04
    endloop
  endfacet
  facet normal 0 0 1
    outer loop
      vertex 46.5 3.5 0.04
      vertex 7 3.5 0.04
      vertex 46.5 -3.5 0.04
    endloop
  endfacet
  facet normal 0 0 1
    outer loop
      vertex 46.5 -3.5 0.04
      vertex 7 3.5 0.04
      vertex 7 -3.5 0.04
    endloop
  endfacet
  facet normal 0 -0 1
    outer loop
      vertex 7 -7 0.04
      vertex 7 -3.5 0.04
      vertex 3.5 -7 0.04
    endloop
  endfacet
  facet normal 0 0 1
    outer loop
      vertex -3.5 -7 0.04
      vertex -7 3.5 0.04
      vertex -7 -3.5 0.04
    endloop
  endfacet
  facet normal 0 0 1
    outer loop
      vertex -3.5 -7 0.04
      vertex -7 -3.5 0.04
      vertex -7 -7 0.04
    endloop
  endfacet
  facet normal 0 -0 -1
    outer loop
      vertex -49.4849377 48.4093408 0
      vertex -44.4360756 43.551797 0
      vertex -49.7369367 48.1243512 0
    endloop
  endfacet
  facet normal 0 0 -1
    outer loop
      vertex -49.4849377 48.4093408 0
      vertex -44.2978893 43.7080741 0
      vertex -44.4360756 43.551797 0
    endloop
  endfacet
  facet normal 0 0 -1
    outer loop
      vertex -49.4849377 48.4093408 0
      vertex -49.2260207 48.6880602 0
      vertex -44.2978893 43.7080741 0
    endloop
  endfacet
  facet normal 0 0 -1
    outer loop
      vertex -49.2260207 48.6880602 0
      vertex -44.1559093 43.8609129 0
      vertex -44.2978893 43.7080741 0
    endloop
  endfacet
  facet normal 0 0 -1
    outer loop
      vertex -49.2260207 48.6880602 0
      vertex -48.9603415 48.9603415 0
      vertex -44.1559093 43.8609129 0
    endloop
  endfacet
  facet normal 0 0 -1
    outer loop
      vertex -48.9603415 48.9603415 0
      vertex -44.0102213 44.0102213 0
      vertex -44.1559093 43.8609129 0
    endloop
  endfacet
  facet normal 0 0 -1
    outer loop
      vertex -48.9603415 48.9603415 0
      vertex -43.8609129 44.1559093 0
      vertex -44.0102213 44.0102213 0
    endloop
  endfacet
  facet normal 0 0 -1
    outer loop
      vertex -48.9603415 48.9603415 0
      vertex -48.6880602 49.2260207 0
      vertex -43.8609129 44.1559093 0
    endloop
  endfacet
  facet normal 0 0 -1
    outer loop
      vertex -48.6880602 49.2260207 0
      vertex -43.7080741 44.2978893 0
      vertex -43.8609129 44.1559093 0
    endloop
  endfacet
  facet normal 0 0 -1
    outer loop
      vertex -48.6880602 49.2260207 0
      vertex -48.4093408 49.4849377 0
      vertex -43.7080741 44.2978893 0
    endloop
  endfacet
  facet normal 0 0 -1
    outer loop
      vertex -48.4093408 49.4849377 0
      vertex -43.551797 44.4360756 0
      vertex -43.7080741 44.2978893 0
    endloop
  endfacet
  facet normal 0 0 -1
    outer loop
      vertex -48.4093408 49.4849377 0
      vertex -48.1243512 49.7369367 0
      vertex -43.551797 44.4360756 0
    endloop
  endfacet
  facet normal 0 0 -1
    outer loop
      vertex -48.1243512 49.7369367 0
      vertex -47.8332631 49.9818658 0
      vertex -43.551797 44.4360756 0
    endloop
  endfacet
  facet normal 0 0 -1
    outer loop
      vertex -47.8332631 49.9818658 0
      vertex -43.3921757 44.5703851 0
      vertex -43.551797 44.4360756 0
    endloop
  endfacet
  facet normal 0 0 -1
    outer loop
      vertex -47.8332631 49.9818658 0
      vertex -47.5362518 50.2195774 0
      vertex -43.3921757 44.5703851 0
    endloop
  endfacet
  facet normal 0 0 -1
    outer loop
      vertex -47.5362518 50.2195774 0
      vertex -43.2293064 44.7007369 0
      vertex -43.3921757 44.5703851 0
    endloop
  endfacet
  facet normal 0 0 -1
    outer loop
      vertex -47.5362518 50.2195774 0
      vertex -43.0632871 44.8270523 0
      vertex -43.2293064 44.7007369 0
    endloop
  endfacet
  facet normal 0 0 -1
    outer loop
      vertex -47.5362518 50.2195774 0
      vertex -47.2334962 50.4499284 0
      vertex -43.0632871 44.8270523 0
    endloop
  endfacet
  facet normal 0 0 -1
    outer loop
      vertex -47.2334962 50.4499284 0
      vertex -46.9251787 50.6727801 0
      vertex -43.0632871 44.8270523 0
    endloop
  endfacet
  facet normal 0 0 -1
    outer loop
      vertex -46.9251787 50.6727801 0
      vertex -42.8942179 44.9492554 0
      vertex -43.0632871 44.8270523 0
    endloop
  endfacet
  facet normal 0 0 -1
    outer loop
      vertex -46.9251787 50.6727801 0
      vertex -46.611485 50.8879981 0
      vertex -42.8942179 44.9492554 0
    endloop
  endfacet
  facet normal 0 0 -1
    outer loop
      vertex -46.611485 50.8879981 0
      vertex -42.7222006 45.0672726 0
      vertex -42.8942179 44.9492554 0
    endloop
  endfacet
  facet normal 0 0 -1
    outer loop
      vertex -46.611485 50.8879981 0
      vertex -46.2926041 51.0954529 0
      vertex -42.7222006 45.0672726 0
    endloop
  endfacet
  facet normal 0 0 -1
    outer loop
      vertex -46.2926041 51.0954529 0
      vertex -42.5473388 45.1810326 0
      vertex -42.7222006 45.0672726 0
    endloop
  endfacet
  facet normal 0 0 -1
    outer loop
      vertex -46.2926041 51.0954529 0
      vertex -45.968728 51.2950195 0
      vertex -42.5473388 45.1810326 0
    endloop
  endfacet
  facet normal 0 0 -1
    outer loop
      vertex -45.968728 51.2950195 0
      vertex -42.3697378 45.2904671 0
      vertex -42.5473388 45.1810326 0
    endloop
  endfacet
  facet normal 0 0 -1
    outer loop
      vertex -45.968728 51.2950195 0
      vertex -45.6400519 51.4865777 0
      vertex -42.3697378 45.2904671 0
    endloop
  endfacet
  facet normal 0 0 -1
    outer loop
      vertex -45.6400519 51.4865777 0
      vertex -42.1895047 45.3955101 0
      vertex -42.3697378 45.2904671 0
    endloop
  endfacet
  facet normal 0 0 -1
    outer loop
      vertex -45.6400519 51.4865777 0
      vertex -42.006748 45.4960983 0
      vertex -42.1895047 45.3955101 0
    endloop
  endfacet
  facet normal 0 0 -1
    outer loop
      vertex -45.6400519 51.4865777 0
      vertex -45.3067737 51.670012 0
      vertex -42.006748 45.4960983 0
    endloop
  endfacet
  facet normal 0 0 -1
    outer loop
      vertex -45.3067737 51.670012 0
      vertex -41.8215778 45.5921711 0
      vertex -42.006748 45.4960983 0
    endloop
  endfacet
  facet normal 0 0 -1
    outer loop
      vertex -45.3067737 51.670012 0
      vertex -44.9690941 51.8452121 0
      vertex -41.8215778 45.5921711 0
    endloop
  endfacet
  facet normal 0 0 -1
    outer loop
      vertex -44.9690941 51.8452121 0
      vertex -41.6341056 45.6836707 0
      vertex -41.8215778 45.5921711 0
    endloop
  endfacet
  facet normal 0 0 -1
    outer loop
      vertex -44.9690941 51.8452121 0
      vertex -44.6272166 52.0120723 0
      vertex -41.6341056 45.6836707 0
    endloop
  endfacet
  facet normal 0 0 -1
    outer loop
      vertex -44.6272166 52.0120723 0
      vertex -41.4444444 45.770542 0
      vertex -41.6341056 45.6836707 0
    endloop
  endfacet
  facet normal 0 0 -1
    outer loop
      vertex -44.6272166 52.0120723 0
      vertex -44.2813472 52.1704922 0
      vertex -41.4444444 45.770542 0
    endloop
  endfacet
  facet normal 0 0 -1
    outer loop
      vertex -44.2813472 52.1704922 0
      vertex -41.2527083 45.8527325 0
      vertex -41.4444444 45.770542 0
    endloop
  endfacet
  facet normal 0 0 -1
    outer loop
      vertex -44.2813472 52.1704922 0
      vertex -43.9316941 52.3203763 0
      vertex -41.2527083 45.8527325 0
    endloop
  endfacet
  facet normal 0 0 -1
    outer loop
      vertex -43.9316941 52.3203763 0
      vertex -41.059013 45.9301929 0
      vertex -41.2527083 45.8527325 0
    endloop
  endfacet
  facet normal 0 0 -1
    outer loop
      vertex -43.9316941 52.3203763 0
      vertex -43.5784679 52.4616343 0
      vertex -41.059013 45.9301929 0
    endloop
  endfacet
  facet normal 0 0 -1
    outer loop
      vertex -43.5784679 52.4616343 0
      vertex -43.2218815 52.5941812 0
      vertex -41.059013 45.9301929 0
    endloop
  endfacet
  facet normal 0 0 -1
    outer loop
      vertex -43.2218815 52.5941812 0
      vertex -40.863475 46.0028764 0
      vertex -41.059013 45.9301929 0
    endloop
  endfacet
  facet normal 0 0 -1
    outer loop
      vertex -43.2218815 52.5941812 0
      vertex -42.8621497 52.7179371 0
      vertex -40.863475 46.0028764 0
    endloop
  endfacet
  facet normal 0 0 -1
    outer loop
      vertex -42.8621497 52.7179371 0
      vertex -40.6662121 46.0707393 0
      vertex -40.863475 46.0028764 0
    endloop
  endfacet
  facet normal 0 0 -1
    outer loop
      vertex -42.8621497 52.7179371 0
      vertex -42.499489 52.8328274 0
      vertex -40.6662121 46.0707393 0
    endloop
  endfacet
  facet normal 0 0 -1
    outer loop
      vertex -42.499489 52.8328274 0
      vertex -40.4673432 46.1337406 0
      vertex -40.6662121 46.0707393 0
    endloop
  endfacet
  facet normal 0 0 -1
    outer loop
      vertex -42.499489 52.8328274 0
      vertex -40.2669881 46.1918425 0
      vertex -40.4673432 46.1337406 0
    endloop
  endfacet
  facet normal 0 0 -1
    outer loop
      vertex -42.499489 52.8328274 0
      vertex -42.134118 52.938783 0
      vertex -40.2669881 46.1918425 0
    endloop
  endfacet
  facet normal 0 0 -1
    outer loop
      vertex -42.134118 52.938783 0
      vertex -40.0652675 46.24501 0
      vertex -40.2669881 46.1918425 0
    endloop
  endfacet
  facet normal 0 0 -1
    outer loop
      vertex -42.134118 52.938783 0
      vertex -41.7662568 53.0357401 0
      vertex -40.0652675 46.24501 0
    endloop
  endfacet
  facet normal 0 0 -1
    outer loop
      vertex -41.7662568 53.0357401 0
      vertex -39.8623028 46.2932109 0
      vertex -40.0652675 46.24501 0
    endloop
  endfacet
  facet normal 0 0 -1
    outer loop
      vertex -41.7662568 53.0357401 0
      vertex -41.396127 53.1236402 0
      vertex -39.8623028 46.2932109 0
    endloop
  endfacet
  facet normal 0 0 -1
    outer loop
      vertex -41.396127 53.1236402 0
      vertex -41.0239514 53.2024303 0
      vertex -39.8623028 46.2932109 0
    endloop
  endfacet
  facet normal 0 0 -1
    outer loop
      vertex -41.0239514 53.2024303 0
      vertex -39.6582163 46.3364164 0
      vertex -39.8623028 46.2932109 0
    endloop
  endfacet
  facet normal 0 0 -1
    outer loop
      vertex -41.0239514 53.2024303 0
      vertex -40.6499543 53.2720631 0
      vertex -39.6582163 46.3364164 0
    endloop
  endfacet
  facet normal 0 0 -1
    outer loop
      vertex -40.6499543 53.2720631 0
      vertex -39.453131 46.3746003 0
      vertex -39.6582163 46.3364164 0
    endloop
  endfacet
  facet normal 0 0 -1
    outer loop
      vertex -40.6499543 53.2720631 0
      vertex -40.274361 53.3324966 0
      vertex -39.453131 46.3746003 0
    endloop
  endfacet
  facet normal 0 0 -1
    outer loop
      vertex -40.274361 53.3324966 0
      vertex -39.2471704 46.4077396 0
      vertex -39.453131 46.3746003 0
    endloop
  endfacet
  facet normal 0 0 -1
    outer loop
      vertex -40.274361 53.3324966 0
      vertex -39.0404585 46.4358145 0
      vertex -39.2471704 46.4077396 0
    endloop
  endfacet
  facet normal 0 0 -1
    outer loop
      vertex -40.274361 53.3324966 0
      vertex -39.8973977 53.3836944 0
      vertex -39.0404585 46.4358145 0
    endloop
  endfacet
  facet normal 0 0 -1
    outer loop
      vertex -39.8973977 53.3836944 0
      vertex -39.5192915 53.4256256 0
      vertex -39.0404585 46.4358145 0
    endloop
  endfacet
  facet normal 0 0 -1
    outer loop
      vertex -39.5192915 53.4256256 0
      vertex -38.8331199 46.4588079 0
      vertex -39.0404585 46.4358145 0
    endloop
  endfacet
  facet normal 0 0 -1
    outer loop
      vertex -39.5192915 53.4256256 0
      vertex -39.1402701 53.4582649 0
      vertex -38.8331199 46.4588079 0
    endloop
  endfacet
  facet normal 0 0 -1
    outer loop
      vertex -39.1402701 53.4582649 0
      vertex -38.6252794 46.476706 0
      vertex -38.8331199 46.4588079 0
    endloop
  endfacet
  facet normal 0 0 -1
    outer loop
      vertex -39.1402701 53.4582649 0
      vertex -38.4170623 46.4894981 0
      vertex -38.6252794 46.476706 0
    endloop
  endfacet
  facet normal 0 0 -1
    outer loop
      vertex -39.1402701 53.4582649 0
      vertex -38.7605619 53.4815928 0
      vertex -38.4170623 46.4894981 0
    endloop
  endfacet
  facet normal 0 0 -1
    outer loop
      vertex -38.7605619 53.4815928 0
      vertex -38.3803955 53.4955952 0
      vertex -38.4170623 46.4894981 0
    endloop
  endfacet
  facet normal 0 -0 -1
    outer loop
      vertex -38.3803955 53.4955952 0
      vertex -38.208594 46.4971765 0
      vertex -38.4170623 46.4894981 0
    endloop
  endfacet
  facet normal 0 0 -1
    outer loop
      vertex -38.3803955 53.4955952 0
      vertex -38.021476 53.5 0
      vertex -38.208594 46.4971765 0
    endloop
  endfacet
  facet normal 0 -0 -1
    outer loop
      vertex -38.021476 53.5 0
      vertex -37.978524 46.5 0
      vertex -38.208594 46.4971765 0
    endloop
  endfacet
  facet normal 0 0 -1
    outer loop
      vertex -38.021476 53.5 0
      vertex -3.5 46.5 0
      vertex -37.978524 46.5 0
    endloop
  endfacet
  facet normal 0 0 -1
    outer loop
      vertex -38.021476 53.5 0
      vertex 3.5 46.5 0
      vertex -3.5 46.5 0
    endloop
  endfacet
  facet normal 0 0 -1
    outer loop
      vertex -38.021476 53.5 0
      vertex 38.021476 53.5 0
      vertex 3.5 46.5 0
    endloop
  endfacet
  facet normal 0 0 -1
    outer loop
      vertex 38.021476 53.5 0
      vertex 37.978524 46.5 0
      vertex 3.5 46.5 0
    endloop
  endfacet
  facet normal 0 -0 -1
    outer loop
      vertex 38.021476 53.5 0
      vertex 38.208594 46.4971765 0
      vertex 37.978524 46.5 0
    endloop
  endfacet
  facet normal 0 0 -1
    outer loop
      vertex 38.021476 53.5 0
      vertex 38.3803955 53.4955952 0
      vertex 38.208594 46.4971765 0
    endloop
  endfacet
  facet normal 0 -0 -1
    outer loop
      vertex 38.3803955 53.4955952 0
      vertex 38.4170623 46.4894981 0
      vertex 38.208594 46.4971765 0
    endloop
  endfacet
  facet normal 0 0 -1
    outer loop
      vertex 38.3803955 53.4955952 0
      vertex 38.7605619 53.4815928 0
      vertex 38.4170623 46.4894981 0
    endloop
  endfacet
  facet normal 0 -0 -1
    outer loop
      vertex 38.7605619 53.4815928 0
      vertex 39.1402701 53.4582649 0
      vertex 38.4170623 46.4894981 0
    endloop
  endfacet
  facet normal 0 0 -1
    outer loop
      vertex 39.1402701 53.4582649 0
      vertex 38.6252794 46.476706 0
      vertex 38.4170623 46.4894981 0
    endloop
  endfacet
  facet normal 0 0 -1
    outer loop
      vertex 39.1402701 53.4582649 0
      vertex 38.8331199 46.4588079 0
      vertex 38.6252794 46.476706 0
    endloop
  endfacet
  facet normal 0 -0 -1
    outer loop
      vertex 39.1402701 53.4582649 0
      vertex 39.5192915 53.4256256 0
      vertex 38.8331199 46.4588079 0
    endloop
  endfacet
  facet normal 0 0 -1
    outer loop
      vertex 39.5192915 53.4256256 0
      vertex 39.0404585 46.4358145 0
      vertex 38.8331199 46.4588079 0
    endloop
  endfacet
  facet normal 0 -0 -1
    outer loop
      vertex 39.5192915 53.4256256 0
      vertex 39.8973977 53.3836944 0
      vertex 39.0404585 46.4358145 0
    endloop
  endfacet
  facet normal 0 -0 -1
    outer loop
      vertex 39.8973977 53.3836944 0
      vertex 40.274361 53.3324966 0
      vertex 39.0404585 46.4358145 0
    endloop
  endfacet
  facet normal 0 0 -1
    outer loop
      vertex 40.274361 53.3324966 0
      vertex 39.2471704 46.4077396 0
      vertex 39.0404585 46.4358145 0
    endloop
  endfacet
  facet normal 0 -0 -1
    outer loop
      vertex 40.274361 53.3324966 0
      vertex 40.6499543 53.2720631 0
      vertex 39.2471704 46.4077396 0
    endloop
  endfacet
  facet normal 0 0 -1
    outer loop
      vertex 40.6499543 53.2720631 0
      vertex 39.453131 46.3746003 0
      vertex 39.2471704 46.4077396 0
    endloop
  endfacet
  facet normal 0 -0 -1
    outer loop
      vertex 40.6499543 53.2720631 0
      vertex 41.0239514 53.2024303 0
      vertex 39.453131 46.3746003 0
    endloop
  endfacet
  facet normal 0 0 -1
    outer loop
      vertex 41.0239514 53.2024303 0
      vertex 39.6582163 46.3364164 0
      vertex 39.453131 46.3746003 0
    endloop
  endfacet
  facet normal 0 0 -1
    outer loop
      vertex 41.0239514 53.2024303 0
      vertex 39.8623028 46.2932109 0
      vertex 39.6582163 46.3364164 0
    endloop
  endfacet
  facet normal 0 -0 -1
    outer loop
      vertex 41.0239514 53.2024303 0
      vertex 41.396127 53.1236402 0
      vertex 39.8623028 46.2932109 0
    endloop
  endfacet
  facet normal 0 0 -1
    outer loop
      vertex 41.396127 53.1236402 0
      vertex 40.0652675 46.24501 0
      vertex 39.8623028 46.2932109 0
    endloop
  endfacet
  facet normal 0 -0 -1
    outer loop
      vertex 41.396127 53.1236402 0
      vertex 41.7662568 53.0357401 0
      vertex 40.0652675 46.24501 0
    endloop
  endfacet
  facet normal 0 -0 -1
    outer loop
      vertex 41.7662568 53.0357401 0
      vertex 42.134118 52.938783 0
      vertex 40.0652675 46.24501 0
    endloop
  endfacet
  facet normal 0 0 -1
    outer loop
      vertex 42.134118 52.938783 0
      vertex 40.2669881 46.1918425 0
      vertex 40.0652675 46.24501 0
    endloop
  endfacet
  facet normal 0 -0 -1
    outer loop
      vertex 42.134118 52.938783 0
      vertex 42.499489 52.8328274 0
      vertex 40.2669881 46.1918425 0
    endloop
  endfacet
  facet normal 0 0 -1
    outer loop
      vertex 42.499489 52.8328274 0
      vertex 40.4673432 46.1337406 0
      vertex 40.2669881 46.1918425 0
    endloop
  endfacet
  facet normal 0 0 -1
    outer loop
      vertex 42.499489 52.8328274 0
      vertex 40.6662121 46.0707393 0
      vertex 40.4673432 46.1337406 0
    endloop
  endfacet
  facet normal 0 -0 -1
    outer loop
      vertex 42.499489 52.8328274 0
      vertex 42.8621497 52.7179371 0
      vertex 40.6662121 46.0707393 0
    endloop
  endfacet
  facet normal 0 -0 -1
    outer loop
      vertex 42.8621497 52.7179371 0
      vertex 43.2218815 52.5941812 0
      vertex 40.6662121 46.0707393 0
    endloop
  endfacet
  facet normal 0 0 -1
    outer loop
      vertex 43.2218815 52.5941812 0
      vertex 40.863475 46.0028764 0
      vertex 40.6662121 46.0707393 0
    endloop
  endfacet
  facet normal 0 0 -1
    outer loop
      vertex 43.2218815 52.5941812 0
      vertex 41.059013 45.9301929 0
      vertex 40.863475 46.0028764 0
    endloop
  endfacet
  facet normal 0 -0 -1
    outer loop
      vertex 43.2218815 52.5941812 0
      vertex 43.5784679 52.4616343 0
      vertex 41.059013 45.9301929 0
    endloop
  endfacet
  facet normal 0 0 -1
    outer loop
      vertex 43.5784679 52.4616343 0
      vertex 41.2527083 45.8527325 0
      vertex 41.059013 45.9301929 0
    endloop
  endfacet
  facet normal 0 -0 -1
    outer loop
      vertex 43.5784679 52.4616343 0
      vertex 43.9316941 52.3203763 0
      vertex 41.2527083 45.8527325 0
    endloop
  endfacet
  facet normal 0 -0 -1
    outer loop
      vertex 43.9316941 52.3203763 0
      vertex 44.2813472 52.1704922 0
      vertex 41.2527083 45.8527325 0
    endloop
  endfacet
  facet normal 0 0 -1
    outer loop
      vertex 44.2813472 52.1704922 0
      vertex 41.4444444 45.770542 0
      vertex 41.2527083 45.8527325 0
    endloop
  endfacet
  facet normal 0 -0 -1
    outer loop
      vertex 44.2813472 52.1704922 0
      vertex 44.6272166 52.0120723 0
      vertex 41.4444444 45.770542 0
    endloop
  endfacet
  facet normal 0 0 -1
    outer loop
      vertex 44.6272166 52.0120723 0
      vertex 41.6341056 45.6836707 0
      vertex 41.4444444 45.770542 0
    endloop
  endfacet
  facet normal 0 -0 -1
    outer loop
      vertex 44.6272166 52.0120723 0
      vertex 44.9690941 51.8452121 0
      vertex 41.6341056 45.6836707 0
    endloop
  endfacet
  facet normal 0 0 -1
    outer loop
      vertex 44.9690941 51.8452121 0
      vertex 41.8215778 45.5921711 0
      vertex 41.6341056 45.6836707 0
    endloop
  endfacet
  facet normal 0 -0 -1
    outer loop
      vertex 44.9690941 51.8452121 0
      vertex 45.3067737 51.670012 0
      vertex 41.8215778 45.5921711 0
    endloop
  endfacet
  facet normal 0 0 -1
    outer loop
      vertex 45.3067737 51.670012 0
      vertex 42.006748 45.4960983 0
      vertex 41.8215778 45.5921711 0
    endloop
  endfacet
  facet normal 0 0 -1
    outer loop
      vertex 45.3067737 51.670012 0
      vertex 42.1895047 45.3955101 0
      vertex 42.006748 45.4960983 0
    endloop
  endfacet
  facet normal 0 -0 -1
    outer loop
      vertex 45.3067737 51.670012 0
      vertex 45.6400519 51.4865777 0
      vertex 42.1895047 45.3955101 0
    endloop
  endfacet
  facet normal 0 -0 -1
    outer loop
      vertex 45.6400519 51.4865777 0
      vertex 45.968728 51.2950195 0
      vertex 42.1895047 45.3955101 0
    endloop
  endfacet
  facet normal 0 0 -1
    outer loop
      vertex 45.968728 51.2950195 0
      vertex 42.3697378 45.2904671 0
      vertex 42.1895047 45.3955101 0
    endloop
  endfacet
  facet normal 0 -0 -1
    outer loop
      vertex 45.968728 51.2950195 0
      vertex 46.2926041 51.0954529 0
      vertex 42.3697378 45.2904671 0
    endloop
  endfacet
  facet normal 0 0 -1
    outer loop
      vertex 46.2926041 51.0954529 0
      vertex 42.5473388 45.1810326 0
      vertex 42.3697378 45.2904671 0
    endloop
  endfacet
  facet normal 0 0 -1
    outer loop
      vertex 46.2926041 51.0954529 0
      vertex 42.7222006 45.0672726 0
      vertex 42.5473388 45.1810326 0
    endloop
  endfacet
  facet normal 0 -0 -1
    outer loop
      vertex 46.2926041 51.0954529 0
      vertex 46.611485 50.8879981 0
      vertex 42.7222006 45.0672726 0
    endloop
  endfacet
  facet normal 0 0 -1
    outer loop
      vertex 46.611485 50.8879981 0
      vertex 42.8942179 44.9492554 0
      vertex 42.7222006 45.0672726 0
    endloop
  endfacet
  facet normal 0 -0 -1
    outer loop
      vertex 46.611485 50.8879981 0
      vertex 46.9251787 50.6727801 0
      vertex 42.8942179 44.9492554 0
    endloop
  endfacet
  facet normal 0 -0 -1
    outer loop
      vertex 46.9251787 50.6727801 0
      vertex 47.2334962 50.4499284 0
      vertex 42.8942179 44.9492554 0
    endloop
  endfacet
  facet normal 0 0 -1
    outer loop
      vertex 47.2334962 50.4499284 0
      vertex 43.0632871 44.8270523 0
      vertex 42.8942179 44.9492554 0
    endloop
  endfacet
  facet normal 0 0 -1
    outer loop
      vertex 47.2334962 50.4499284 0
      vertex 43.2293064 44.7007369 0
      vertex 43.0632871 44.8270523 0
    endloop
  endfacet
  facet normal 0 -0 -1
    outer loop
      vertex 47.2334962 50.4499284 0
      vertex 47.5362518 50.2195774 0
      vertex 43.2293064 44.7007369 0
    endloop
  endfacet
  facet normal 0 0 -1
    outer loop
      vertex 47.5362518 50.2195774 0
      vertex 43.3921757 44.5703851 0
      vertex 43.2293064 44.7007369 0
    endloop
  endfacet
  facet normal 0 -0 -1
    outer loop
      vertex 47.5362518 50.2195774 0
      vertex 47.8332631 49.9818658 0
      vertex 43.3921757 44.5703851 0
    endloop
  endfacet
  facet normal 0 -0 -1
    outer loop
      vertex 47.8332631 49.9818658 0
      vertex 48.1243512 49.7369367 0
      vertex 43.3921757 44.5703851 0
    endloop
  endfacet
  facet normal 0 0 -1
    outer loop
      vertex 48.1243512 49.7369367 0
      vertex 43.551797 44.4360756 0
      vertex 43.3921757 44.5703851 0
    endloop
  endfacet
  facet normal 0 -0 -1
    outer loop
      vertex 48.1243512 49.7369367 0
      vertex 48.4093408 49.4849377 0
      vertex 43.551797 44.4360756 0
    endloop
  endfacet
  facet normal 0 0 -1
    outer loop
      vertex 48.4093408 49.4849377 0
      vertex 43.7080741 44.2978893 0
      vertex 43.551797 44.4360756 0
    endloop
  endfacet
  facet normal 0 -0 -1
    outer loop
      vertex 48.4093408 49.4849377 0
      vertex 48.6880602 49.2260207 0
      vertex 43.7080741 44.2978893 0
    endloop
  endfacet
  facet normal 0 0 -1
    outer loop
      vertex 48.6880602 49.2260207 0
      vertex 43.8609129 44.1559093 0
      vertex 43.7080741 44.2978893 0
    endloop
  endfacet
  facet normal 0 -0 -1
    outer loop
      vertex 48.6880602 49.2260207 0
      vertex 48.9603415 48.9603415 0
      vertex 43.8609129 44.1559093 0
    endloop
  endfacet
  facet normal 0 0 -1
    outer loop
      vertex 48.9603415 48.9603415 0
      vertex 44.0102213 44.0102213 0
      vertex 43.8609129 44.1559093 0
    endloop
  endfacet
  facet normal 0 0 -1
    outer loop
      vertex 48.9603415 48.9603415 0
      vertex 44.1559093 43.8609129 0
      vertex 44.0102213 44.0102213 0
    endloop
  endfacet
  facet normal 0 -0 -1
    outer loop
      vertex 48.9603415 48.9603415 0
      vertex 49.2260207 48.6880602 0
      vertex 44.1559093 43.8609129 0
    endloop
  endfacet
  facet normal 0 0 -1
    outer loop
      vertex 49.2260207 48.6880602 0
      vertex 44.2978893 43.7080741 0
      vertex 44.1559093 43.8609129 0
    endloop
  endfacet
  facet normal 0 -0 -1
    outer loop
      vertex 49.2260207 48.6880602 0
      vertex 49.4849377 48.4093408 0
      vertex 44.2978893 43.7080741 0
    endloop
  endfacet
  facet normal 0 0 -1
    outer loop
      vertex 49.4849377 48.4093408 0
      vertex 44.4360756 43.551797 0
      vertex 44.2978893 43.7080741 0
    endloop
  endfacet
  facet normal 0 -0 -1
    outer loop
      vertex 49.4849377 48.4093408 0
      vertex 49.7369367 48.1243512 0
      vertex 44.4360756 43.551797 0
    endloop
  endfacet
  facet normal 0 0 -1
    outer loop
      vertex 49.7369367 48.1243512 0
      vertex 44.5703851 43.3921757 0
      vertex 44.4360756 43.551797 0
    endloop
  endfacet
  facet normal 0 -0 -1
    outer loop
      vertex 49.7369367 48.1243512 0
      vertex 49.9818658 47.8332631 0
      vertex 44.5703851 43.3921757 0
    endloop
  endfacet
  facet normal 0 -0 -1
    outer loop
      vertex 49.9818658 47.8332631 0
      vertex 50.2195774 47.5362518 0
      vertex 44.5703851 43.3921757 0
    endloop
  endfacet
  facet normal 0 0 -1
    outer loop
      vertex 50.2195774 47.5362518 0
      vertex 44.7007369 43.2293064 0
      vertex 44.5703851 43.3921757 0
    endloop
  endfacet
  facet normal 0 -0 -1
    outer loop
      vertex 50.2195774 47.5362518 0
      vertex 50.4499284 47.2334962 0
      vertex 44.7007369 43.2293064 0
    endloop
  endfacet
  facet normal 0 0 -1
    outer loop
      vertex 50.4499284 47.2334962 0
      vertex 44.8270523 43.0632871 0
      vertex 44.7007369 43.2293064 0
    endloop
  endfacet
  facet normal 0 0 -1
    outer loop
      vertex 50.4499284 47.2334962 0
      vertex 44.9492554 42.8942179 0
      vertex 44.8270523 43.0632871 0
    endloop
  endfacet
  facet normal 0 -0 -1
    outer loop
      vertex 50.4499284 47.2334962 0
      vertex 50.6727801 46.9251787 0
      vertex 44.9492554 42.8942179 0
    endloop
  endfacet
  facet normal 0 -0 -1
    outer loop
      vertex 50.6727801 46.9251787 0
      vertex 50.8879981 46.611485 0
      vertex 44.9492554 42.8942179 0
    endloop
  endfacet
  facet normal 0 0 -1
    outer loop
      vertex 50.8879981 46.611485 0
      vertex 45.0672726 42.7222006 0
      vertex 44.9492554 42.8942179 0
    endloop
  endfacet
  facet normal 0 -0 -1
    outer loop
      vertex 50.8879981 46.611485 0
      vertex 51.0954529 46.2926041 0
      vertex 45.0672726 42.7222006 0
    endloop
  endfacet
  facet normal 0 0 -1
    outer loop
      vertex 51.0954529 46.2926041 0
      vertex 45.1810326 42.5473388 0
      vertex 45.0672726 42.7222006 0
    endloop
  endfacet
  facet normal 0 -0 -1
    outer loop
      vertex 51.0954529 46.2926041 0
      vertex 51.2950195 45.968728 0
      vertex 45.1810326 42.5473388 0
    endloop
  endfacet
  facet normal 0 0 -1
    outer loop
      vertex 51.2950195 45.968728 0
      vertex 45.2904671 42.3697378 0
      vertex 45.1810326 42.5473388 0
    endloop
  endfacet
  facet normal 0 -0 -1
    outer loop
      vertex 51.2950195 45.968728 0
      vertex 51.4865777 45.6400519 0
      vertex 45.2904671 42.3697378 0
    endloop
  endfacet
  facet normal 0 0 -1
    outer loop
      vertex 51.4865777 45.6400519 0
      vertex 45.3955101 42.1895047 0
      vertex 45.2904671 42.3697378 0
    endloop
  endfacet
  facet normal 0 0 -1
    outer loop
      vertex 51.4865777 45.6400519 0
      vertex 45.4960983 42.006748 0
      vertex 45.3955101 42.1895047 0
    endloop
  endfacet
  facet normal 0 -0 -1
    outer loop
      vertex 51.4865777 45.6400519 0
      vertex 51.670012 45.3067737 0
      vertex 45.4960983 42.006748 0
    endloop
  endfacet
  facet normal 0 0 -1
    outer loop
      vertex 51.670012 45.3067737 0
      vertex 45.5921711 41.8215778 0
      vertex 45.4960983 42.006748 0
    endloop
  endfacet
  facet normal 0 -0 -1
    outer loop
      vertex 51.670012 45.3067737 0
      vertex 51.8452121 44.9690941 0
      vertex 45.5921711 41.8215778 0
    endloop
  endfacet
  facet normal 0 0 -1
    outer loop
      vertex 51.8452121 44.9690941 0
      vertex 45.6836707 41.6341056 0
      vertex 45.5921711 41.8215778 0
    endloop
  endfacet
  facet normal 0 -0 -1
    outer loop
      vertex 51.8452121 44.9690941 0
      vertex 52.0120723 44.6272166 0
      vertex 45.6836707 41.6341056 0
    endloop
  endfacet
  facet normal 0 0 -1
    outer loop
      vertex 52.0120723 44.6272166 0
      vertex 45.770542 41.4444444 0
      vertex 45.6836707 41.6341056 0
    endloop
  endfacet
  facet normal 0 -0 -1
    outer loop
      vertex 52.0120723 44.6272166 0
      vertex 52.1704922 44.2813472 0
      vertex 45.770542 41.4444444 0
    endloop
  endfacet
  facet normal 0 0 -1
    outer loop
      vertex 52.1704922 44.2813472 0
      vertex 45.8527325 41.2527083 0
      vertex 45.770542 41.4444444 0
    endloop
  endfacet
  facet normal 0 -0 -1
    outer loop
      vertex 52.1704922 44.2813472 0
      vertex 52.3203763 43.9316941 0
      vertex 45.8527325 41.2527083 0
    endloop
  endfacet
  facet normal 0 -0 -1
    outer loop
      vertex 52.3203763 43.9316941 0
      vertex 52.4616343 43.5784679 0
      vertex 45.8527325 41.2527083 0
    endloop
  endfacet
  facet normal 0 0 -1
    outer loop
      vertex 52.4616343 43.5784679 0
      vertex 45.9301929 41.059013 0
      vertex 45.8527325 41.2527083 0
    endloop
  endfacet
  facet normal 0 -0 -1
    outer loop
      vertex 52.4616343 43.5784679 0
      vertex 52.5941812 43.2218815 0
      vertex 45.9301929 41.059013 0
    endloop
  endfacet
  facet normal 0 0 -1
    outer loop
      vertex 52.5941812 43.2218815 0
      vertex 46.0028764 40.863475 0
      vertex 45.9301929 41.059013 0
    endloop
  endfacet
  facet normal 0 0 -1
    outer loop
      vertex 52.5941812 43.2218815 0
      vertex 46.0707393 40.6662121 0
      vertex 46.0028764 40.863475 0
    endloop
  endfacet
  facet normal 0 -0 -1
    outer loop
      vertex 52.5941812 43.2218815 0
      vertex 52.7179371 42.8621497 0
      vertex 46.0707393 40.6662121 0
    endloop
  endfacet
  facet normal 0 -0 -1
    outer loop
      vertex 52.7179371 42.8621497 0
      vertex 52.8328274 42.499489 0
      vertex 46.0707393 40.6662121 0
    endloop
  endfacet
  facet normal 0 0 -1
    outer loop
      vertex 52.8328274 42.499489 0
      vertex 46.1337406 40.4673432 0
      vertex 46.0707393 40.6662121 0
    endloop
  endfacet
  facet normal 0 0 -1
    outer loop
      vertex 52.8328274 42.499489 0
      vertex 46.1918425 40.2669881 0
      vertex 46.1337406 40.4673432 0
    endloop
  endfacet
  facet normal 0 -0 -1
    outer loop
      vertex 52.8328274 42.499489 0
      vertex 52.938783 42.134118 0
      vertex 46.1918425 40.2669881 0
    endloop
  endfacet
  facet normal 0 0 -1
    outer loop
      vertex 52.938783 42.134118 0
      vertex 46.24501 40.0652675 0
      vertex 46.1918425 40.2669881 0
    endloop
  endfacet
  facet normal 0 -0 -1
    outer loop
      vertex 52.938783 42.134118 0
      vertex 53.0357401 41.7662568 0
      vertex 46.24501 40.0652675 0
    endloop
  endfacet
  facet normal 0 0 -1
    outer loop
      vertex 53.0357401 41.7662568 0
      vertex 46.2932109 39.8623028 0
      vertex 46.24501 40.0652675 0
    endloop
  endfacet
  facet normal 0 -0 -1
    outer loop
      vertex 53.0357401 41.7662568 0
      vertex 53.1236402 41.396127 0
      vertex 46.2932109 39.8623028 0
    endloop
  endfacet
  facet normal 0 -0 -1
    outer loop
      vertex 53.1236402 41.396127 0
      vertex 53.2024303 41.0239514 0
      vertex 46.2932109 39.8623028 0
    endloop
  endfacet
  facet normal 0 0 -1
    outer loop
      vertex 53.2024303 41.0239514 0
      vertex 46.3364164 39.6582163 0
      vertex 46.2932109 39.8623028 0
    endloop
  endfacet
  facet normal 0 -0 -1
    outer loop
      vertex 53.2024303 41.0239514 0
      vertex 53.2720631 40.6499543 0
      vertex 46.3364164 39.6582163 0
    endloop
  endfacet
  facet normal 0 0 -1
    outer loop
      vertex 53.2720631 40.6499543 0
      vertex 46.3746003 39.453131 0
      vertex 46.3364164 39.6582163 0
    endloop
  endfacet
  facet normal 0 -0 -1
    outer loop
      vertex 53.2720631 40.6499543 0
      vertex 53.3324966 40.274361 0
      vertex 46.3746003 39.453131 0
    endloop
  endfacet
  facet normal 0 0 -1
    outer loop
      vertex 53.3324966 40.274361 0
      vertex 46.4077396 39.2471704 0
      vertex 46.3746003 39.453131 0
    endloop
  endfacet
  facet normal 0 0 -1
    outer loop
      vertex 53.3324966 40.274361 0
      vertex 46.4358145 39.0404585 0
      vertex 46.4077396 39.2471704 0
    endloop
  endfacet
  facet normal 0 -0 -1
    outer loop
      vertex 53.3324966 40.274361 0
      vertex 53.3836944 39.8973977 0
      vertex 46.4358145 39.0404585 0
    endloop
  endfacet
  facet normal 0 -0 -1
    outer loop
      vertex 53.3836944 39.8973977 0
      vertex 53.4256256 39.5192915 0
      vertex 46.4358145 39.0404585 0
    endloop
  endfacet
  facet normal 0 0 -1
    outer loop
      vertex 53.4256256 39.5192915 0
      vertex 46.4588079 38.8331199 0
      vertex 46.4358145 39.0404585 0
    endloop
  endfacet
  facet normal 0 -0 -1
    outer loop
      vertex 53.4256256 39.5192915 0
      vertex 53.4582649 39.1402701 0
      vertex 46.4588079 38.8331199 0
    endloop
  endfacet
  facet normal 0 0 -1
    outer loop
      vertex 53.4582649 39.1402701 0
      vertex 46.476706 38.6252794 0
      vertex 46.4588079 38.8331199 0
    endloop
  endfacet
  facet normal 0 0 -1
    outer loop
      vertex 53.4582649 39.1402701 0
      vertex 46.4894981 38.4170623 0
      vertex 46.476706 38.6252794 0
    endloop
  endfacet
  facet normal 0 -0 -1
    outer loop
      vertex 53.4582649 39.1402701 0
      vertex 53.4815928 38.7605619 0
      vertex 46.4894981 38.4170623 0
    endloop
  endfacet
  facet normal 0 -0 -1
    outer loop
      vertex 53.4815928 38.7605619 0
      vertex 53.4955952 38.3803955 0
      vertex 46.4894981 38.4170623 0
    endloop
  endfacet
  facet normal 0 0 -1
    outer loop
      vertex 48.4093408 -49.4849377 0
      vertex 43.7080741 -44.2978893 0
      vertex 48.6880602 -49.2260207 0
    endloop
  endfacet
  facet normal 0 0 -1
    outer loop
      vertex 48.4093408 -49.4849377 0
      vertex 43.551797 -44.4360756 0
      vertex 43.7080741 -44.2978893 0
    endloop
  endfacet
  facet normal -0 0 -1
    outer loop
      vertex 48.4093408 -49.4849377 0
      vertex 48.1243512 -49.7369367 0
      vertex 43.551797 -44.4360756 0
    endloop
  endfacet
  facet normal 0 0 -1
    outer loop
      vertex 48.1243512 -49.7369367 0
      vertex 43.3921757 -44.5703851 0
      vertex 43.551797 -44.4360756 0
    endloop
  endfacet
  facet normal -0 0 -1
    outer loop
      vertex 48.1243512 -49.7369367 0
      vertex 47.8332631 -49.9818658 0
      vertex 43.3921757 -44.5703851 0
    endloop
  endfacet
  facet normal -0 0 -1
    outer loop
      vertex 47.8332631 -49.9818658 0
      vertex 47.5362518 -50.2195774 0
      vertex 43.3921757 -44.5703851 0
    endloop
  endfacet
  facet normal 0 0 -1
    outer loop
      vertex 47.5362518 -50.2195774 0
      vertex 43.2293064 -44.7007369 0
      vertex 43.3921757 -44.5703851 0
    endloop
  endfacet
  facet normal -0 0 -1
    outer loop
      vertex 47.5362518 -50.2195774 0
      vertex 47.2334962 -50.4499284 0
      vertex 43.2293064 -44.7007369 0
    endloop
  endfacet
  facet normal 0 0 -1
    outer loop
      vertex 47.2334962 -50.4499284 0
      vertex 43.0632871 -44.8270523 0
      vertex 43.2293064 -44.7007369 0
    endloop
  endfacet
  facet normal 0 0 -1
    outer loop
      vertex 47.2334962 -50.4499284 0
      vertex 42.8942179 -44.9492554 0
      vertex 43.0632871 -44.8270523 0
    endloop
  endfacet
  facet normal -0 0 -1
    outer loop
      vertex 47.2334962 -50.4499284 0
      vertex 46.9251787 -50.6727801 0
      vertex 42.8942179 -44.9492554 0
    endloop
  endfacet
  facet normal -0 0 -1
    outer loop
      vertex 46.9251787 -50.6727801 0
      vertex 46.611485 -50.8879981 0
      vertex 42.8942179 -44.9492554 0
    endloop
  endfacet
  facet normal 0 0 -1
    outer loop
      vertex 46.611485 -50.8879981 0
      vertex 42.7222006 -45.0672726 0
      vertex 42.8942179 -44.9492554 0
    endloop
  endfacet
  facet normal -0 0 -1
    outer loop
      vertex 46.611485 -50.8879981 0
      vertex 46.2926041 -51.0954529 0
      vertex 42.7222006 -45.0672726 0
    endloop
  endfacet
  facet normal 0 0 -1
    outer loop
      vertex 46.2926041 -51.0954529 0
      vertex 42.5473388 -45.1810326 0
      vertex 42.7222006 -45.0672726 0
    endloop
  endfacet
  facet normal 0 0 -1
    outer loop
      vertex 46.2926041 -51.0954529 0
      vertex 42.3697378 -45.2904671 0
      vertex 42.5473388 -45.1810326 0
    endloop
  endfacet
  facet normal -0 0 -1
    outer loop
      vertex 46.2926041 -51.0954529 0
      vertex 45.968728 -51.2950195 0
      vertex 42.3697378 -45.2904671 0
    endloop
  endfacet
  facet normal 0 0 -1
    outer loop
      vertex 45.968728 -51.2950195 0
      vertex 42.1895047 -45.3955101 0
      vertex 42.3697378 -45.2904671 0
    endloop
  endfacet
  facet normal -0 0 -1
    outer loop
      vertex 45.968728 -51.2950195 0
      vertex 45.6400519 -51.4865777 0
      vertex 42.1895047 -45.3955101 0
    endloop
  endfacet
  facet normal -0 0 -1
    outer loop
      vertex 45.6400519 -51.4865777 0
      vertex 45.3067737 -51.670012 0
      vertex 42.1895047 -45.3955101 0
    endloop
  endfacet
  facet normal 0 0 -1
    outer loop
      vertex 45.3067737 -51.670012 0
      vertex 42.006748 -45.4960983 0
      vertex 42.1895047 -45.3955101 0
    endloop
  endfacet
  facet normal 0 0 -1
    outer loop
      vertex 45.3067737 -51.670012 0
      vertex 41.8215778 -45.5921711 0
      vertex 42.006748 -45.4960983 0
    endloop
  endfacet
  facet normal -0 0 -1
    outer loop
      vertex 45.3067737 -51.670012 0
      vertex 44.9690941 -51.8452121 0
      vertex 41.8215778 -45.5921711 0
    endloop
  endfacet
  facet normal 0 0 -1
    outer loop
      vertex 44.9690941 -51.8452121 0
      vertex 41.6341056 -45.6836707 0
      vertex 41.8215778 -45.5921711 0
    endloop
  endfacet
  facet normal -0 0 -1
    outer loop
      vertex 44.9690941 -51.8452121 0
      vertex 44.6272166 -52.0120723 0
      vertex 41.6341056 -45.6836707 0
    endloop
  endfacet
  facet normal 0 0 -1
    outer loop
      vertex 44.6272166 -52.0120723 0
      vertex 41.4444444 -45.770542 0
      vertex 41.6341056 -45.6836707 0
    endloop
  endfacet
  facet normal -0 0 -1
    outer loop
      vertex 44.6272166 -52.0120723 0
      vertex 44.2813472 -52.1704922 0
      vertex 41.4444444 -45.770542 0
    endloop
  endfacet
  facet normal 0 0 -1
    outer loop
      vertex 44.2813472 -52.1704922 0
      vertex 41.2527083 -45.8527325 0
      vertex 41.4444444 -45.770542 0
    endloop
  endfacet
  facet normal -0 0 -1
    outer loop
      vertex 44.2813472 -52.1704922 0
      vertex 43.9316941 -52.3203763 0
      vertex 41.2527083 -45.8527325 0
    endloop
  endfacet
  facet normal -0 0 -1
    outer loop
      vertex 43.9316941 -52.3203763 0
      vertex 43.5784679 -52.4616343 0
      vertex 41.2527083 -45.8527325 0
    endloop
  endfacet
  facet normal 0 0 -1
    outer loop
      vertex 43.5784679 -52.4616343 0
      vertex 41.059013 -45.9301929 0
      vertex 41.2527083 -45.8527325 0
    endloop
  endfacet
  facet normal -0 0 -1
    outer loop
      vertex 43.5784679 -52.4616343 0
      vertex 43.2218815 -52.5941812 0
      vertex 41.059013 -45.9301929 0
    endloop
  endfacet
  facet normal 0 0 -1
    outer loop
      vertex 43.2218815 -52.5941812 0
      vertex 40.863475 -46.0028764 0
      vertex 41.059013 -45.9301929 0
    endloop
  endfacet
  facet normal 0 0 -1
    outer loop
      vertex 43.2218815 -52.5941812 0
      vertex 40.6662121 -46.0707393 0
      vertex 40.863475 -46.0028764 0
    endloop
  endfacet
  facet normal -0 0 -1
    outer loop
      vertex 43.2218815 -52.5941812 0
      vertex 42.8621497 -52.7179371 0
      vertex 40.6662121 -46.0707393 0
    endloop
  endfacet
  facet normal -0 0 -1
    outer loop
      vertex 42.8621497 -52.7179371 0
      vertex 42.499489 -52.8328274 0
      vertex 40.6662121 -46.0707393 0
    endloop
  endfacet
  facet normal 0 0 -1
    outer loop
      vertex 42.499489 -52.8328274 0
      vertex 40.4673432 -46.1337406 0
      vertex 40.6662121 -46.0707393 0
    endloop
  endfacet
  facet normal 0 0 -1
    outer loop
      vertex 42.499489 -52.8328274 0
      vertex 40.2669881 -46.1918425 0
      vertex 40.4673432 -46.1337406 0
    endloop
  endfacet
  facet normal -0 0 -1
    outer loop
      vertex 42.499489 -52.8328274 0
      vertex 42.134118 -52.938783 0
      vertex 40.2669881 -46.1918425 0
    endloop
  endfacet
  facet normal 0 0 -1
    outer loop
      vertex 42.134118 -52.938783 0
      vertex 40.0652675 -46.24501 0
      vertex 40.2669881 -46.1918425 0
    endloop
  endfacet
  facet normal -0 0 -1
    outer loop
      vertex 42.134118 -52.938783 0
      vertex 41.7662568 -53.0357401 0
      vertex 40.0652675 -46.24501 0
    endloop
  endfacet
  facet normal -0 0 -1
    outer loop
      vertex 41.7662568 -53.0357401 0
      vertex 41.396127 -53.1236402 0
      vertex 40.0652675 -46.24501 0
    endloop
  endfacet
  facet normal 0 0 -1
    outer loop
      vertex 41.396127 -53.1236402 0
      vertex 39.8623028 -46.2932109 0
      vertex 40.0652675 -46.24501 0
    endloop
  endfacet
  facet normal -0 0 -1
    outer loop
      vertex 41.396127 -53.1236402 0
      vertex 41.0239514 -53.2024303 0
      vertex 39.8623028 -46.2932109 0
    endloop
  endfacet
  facet normal 0 0 -1
    outer loop
      vertex 41.0239514 -53.2024303 0
      vertex 39.6582163 -46.3364164 0
      vertex 39.8623028 -46.2932109 0
    endloop
  endfacet
  facet normal 0 0 -1
    outer loop
      vertex 41.0239514 -53.2024303 0
      vertex 39.453131 -46.3746003 0
      vertex 39.6582163 -46.3364164 0
    endloop
  endfacet
  facet normal -0 0 -1
    outer loop
      vertex 41.0239514 -53.2024303 0
      vertex 40.6499543 -53.2720631 0
      vertex 39.453131 -46.3746003 0
    endloop
  endfacet
  facet normal 0 0 -1
    outer loop
      vertex 40.6499543 -53.2720631 0
      vertex 39.2471704 -46.4077396 0
      vertex 39.453131 -46.3746003 0
    endloop
  endfacet
  facet normal -0 0 -1
    outer loop
      vertex 40.6499543 -53.2720631 0
      vertex 40.274361 -53.3324966 0
      vertex 39.2471704 -46.4077396 0
    endloop
  endfacet
  facet normal 0 0 -1
    outer loop
      vertex 40.274361 -53.3324966 0
      vertex 39.0404585 -46.4358145 0
      vertex 39.2471704 -46.4077396 0
    endloop
  endfacet
  facet normal -0 0 -1
    outer loop
      vertex 40.274361 -53.3324966 0
      vertex 39.8973977 -53.3836944 0
      vertex 39.0404585 -46.4358145 0
    endloop
  endfacet
  facet normal -0 0 -1
    outer loop
      vertex 39.8973977 -53.3836944 0
      vertex 39.5192915 -53.4256256 0
      vertex 39.0404585 -46.4358145 0
    endloop
  endfacet
  facet normal 0 0 -1
    outer loop
      vertex 39.5192915 -53.4256256 0
      vertex 38.8331199 -46.4588079 0
      vertex 39.0404585 -46.4358145 0
    endloop
  endfacet
  facet normal -0 0 -1
    outer loop
      vertex 39.5192915 -53.4256256 0
      vertex 39.1402701 -53.4582649 0
      vertex 38.8331199 -46.4588079 0
    endloop
  endfacet
  facet normal 0 0 -1
    outer loop
      vertex 39.1402701 -53.4582649 0
      vertex 38.6252794 -46.476706 0
      vertex 38.8331199 -46.4588079 0
    endloop
  endfacet
  facet normal 0 0 -1
    outer loop
      vertex 39.1402701 -53.4582649 0
      vertex 38.4170623 -46.4894981 0
      vertex 38.6252794 -46.476706 0
    endloop
  endfacet
  facet normal -0 0 -1
    outer loop
      vertex 39.1402701 -53.4582649 0
      vertex 38.7605619 -53.4815928 0
      vertex 38.4170623 -46.4894981 0
    endloop
  endfacet
  facet normal -0 0 -1
    outer loop
      vertex 38.7605619 -53.4815928 0
      vertex 38.3803955 -53.4955952 0
      vertex 38.4170623 -46.4894981 0
    endloop
  endfacet
  facet normal 0 0 -1
    outer loop
      vertex 38.3803955 -53.4955952 0
      vertex 38.208594 -46.4971765 0
      vertex 38.4170623 -46.4894981 0
    endloop
  endfacet
  facet normal -0 0 -1
    outer loop
      vertex 38.3803955 -53.4955952 0
      vertex 38.021476 -53.5 0
      vertex 38.208594 -46.4971765 0
    endloop
  endfacet
  facet normal 0 0 -1
    outer loop
      vertex 38.021476 -53.5 0
      vertex 37.978524 -46.5 0
      vertex 38.208594 -46.4971765 0
    endloop
  endfacet
  facet normal 0 0 -1
    outer loop
      vertex 38.021476 -53.5 0
      vertex 3.5 -46.5 0
      vertex 37.978524 -46.5 0
    endloop
  endfacet
  facet normal 0 0 -1
    outer loop
      vertex 38.021476 -53.5 0
      vertex -38.021476 -53.5 0
      vertex 3.5 -46.5 0
    endloop
  endfacet
  facet normal 0 0 -1
    outer loop
      vertex -38.021476 -53.5 0
      vertex -3.5 -46.5 0
      vertex 3.5 -46.5 0
    endloop
  endfacet
  facet normal 0 0 -1
    outer loop
      vertex -38.021476 -53.5 0
      vertex -37.978524 -46.5 0
      vertex -3.5 -46.5 0
    endloop
  endfacet
  facet normal 0 0 -1
    outer loop
      vertex -38.021476 -53.5 0
      vertex -38.208594 -46.4971765 0
      vertex -37.978524 -46.5 0
    endloop
  endfacet
  facet normal 0 0 -1
    outer loop
      vertex -38.021476 -53.5 0
      vertex -38.3803955 -53.4955952 0
      vertex -38.208594 -46.4971765 0
    endloop
  endfacet
  facet normal 0 0 -1
    outer loop
      vertex -38.3803955 -53.4955952 0
      vertex -38.4170623 -46.4894981 0
      vertex -38.208594 -46.4971765 0
    endloop
  endfacet
  facet normal 0 0 -1
    outer loop
      vertex -38.3803955 -53.4955952 0
      vertex -38.7605619 -53.4815928 0
      vertex -38.4170623 -46.4894981 0
    endloop
  endfacet
  facet normal 0 0 -1
    outer loop
      vertex -38.7605619 -53.4815928 0
      vertex -39.1402701 -53.4582649 0
      vertex -38.4170623 -46.4894981 0
    endloop
  endfacet
  facet normal 0 0 -1
    outer loop
      vertex -39.1402701 -53.4582649 0
      vertex -38.6252794 -46.476706 0
      vertex -38.4170623 -46.4894981 0
    endloop
  endfacet
  facet normal 0 0 -1
    outer loop
      vertex -39.1402701 -53.4582649 0
      vertex -38.8331199 -46.4588079 0
      vertex -38.6252794 -46.476706 0
    endloop
  endfacet
  facet normal 0 0 -1
    outer loop
      vertex -39.1402701 -53.4582649 0
      vertex -39.5192915 -53.4256256 0
      vertex -38.8331199 -46.4588079 0
    endloop
  endfacet
  facet normal 0 0 -1
    outer loop
      vertex -39.5192915 -53.4256256 0
      vertex -39.0404585 -46.4358145 0
      vertex -38.8331199 -46.4588079 0
    endloop
  endfacet
  facet normal 0 0 -1
    outer loop
      vertex -39.5192915 -53.4256256 0
      vertex -39.8973977 -53.3836944 0
      vertex -39.0404585 -46.4358145 0
    endloop
  endfacet
  facet normal 0 0 -1
    outer loop
      vertex -39.8973977 -53.3836944 0
      vertex -39.2471704 -46.4077396 0
      vertex -39.0404585 -46.4358145 0
    endloop
  endfacet
  facet normal 0 0 -1
    outer loop
      vertex -39.8973977 -53.3836944 0
      vertex -40.274361 -53.3324966 0
      vertex -39.2471704 -46.4077396 0
    endloop
  endfacet
  facet normal 0 0 -1
    outer loop
      vertex -40.274361 -53.3324966 0
      vertex -39.453131 -46.3746003 0
      vertex -39.2471704 -46.4077396 0
    endloop
  endfacet
  facet normal 0 0 -1
    outer loop
      vertex -40.274361 -53.3324966 0
      vertex -40.6499543 -53.2720631 0
      vertex -39.453131 -46.3746003 0
    endloop
  endfacet
  facet normal 0 0 -1
    outer loop
      vertex -40.6499543 -53.2720631 0
      vertex -41.0239514 -53.2024303 0
      vertex -39.453131 -46.3746003 0
    endloop
  endfacet
  facet normal 0 0 -1
    outer loop
      vertex -41.0239514 -53.2024303 0
      vertex -39.6582163 -46.3364164 0
      vertex -39.453131 -46.3746003 0
    endloop
  endfacet
  facet normal 0 0 -1
    outer loop
      vertex -41.0239514 -53.2024303 0
      vertex -41.396127 -53.1236402 0
      vertex -39.6582163 -46.3364164 0
    endloop
  endfacet
  facet normal 0 0 -1
    outer loop
      vertex -41.396127 -53.1236402 0
      vertex -39.8623028 -46.2932109 0
      vertex -39.6582163 -46.3364164 0
    endloop
  endfacet
  facet normal 0 0 -1
    outer loop
      vertex -41.396127 -53.1236402 0
      vertex -40.0652675 -46.24501 0
      vertex -39.8623028 -46.2932109 0
    endloop
  endfacet
  facet normal 0 0 -1
    outer loop
      vertex -41.396127 -53.1236402 0
      vertex -41.7662568 -53.0357401 0
      vertex -40.0652675 -46.24501 0
    endloop
  endfacet
  facet normal 0 0 -1
    outer loop
      vertex -41.7662568 -53.0357401 0
      vertex -42.134118 -52.938783 0
      vertex -40.0652675 -46.24501 0
    endloop
  endfacet
  facet normal 0 0 -1
    outer loop
      vertex -42.134118 -52.938783 0
      vertex -40.2669881 -46.1918425 0
      vertex -40.0652675 -46.24501 0
    endloop
  endfacet
  facet normal 0 0 -1
    outer loop
      vertex -42.134118 -52.938783 0
      vertex -40.4673432 -46.1337406 0
      vertex -40.2669881 -46.1918425 0
    endloop
  endfacet
  facet normal 0 0 -1
    outer loop
      vertex -42.134118 -52.938783 0
      vertex -42.499489 -52.8328274 0
      vertex -40.4673432 -46.1337406 0
    endloop
  endfacet
  facet normal 0 0 -1
    outer loop
      vertex -42.499489 -52.8328274 0
      vertex -40.6662121 -46.0707393 0
      vertex -40.4673432 -46.1337406 0
    endloop
  endfacet
  facet normal 0 0 -1
    outer loop
      vertex -42.499489 -52.8328274 0
      vertex -42.8621497 -52.7179371 0
      vertex -40.6662121 -46.0707393 0
    endloop
  endfacet
  facet normal 0 0 -1
    outer loop
      vertex -42.8621497 -52.7179371 0
      vertex -43.2218815 -52.5941812 0
      vertex -40.6662121 -46.0707393 0
    endloop
  endfacet
  facet normal 0 0 -1
    outer loop
      vertex -43.2218815 -52.5941812 0
      vertex -40.863475 -46.0028764 0
      vertex -40.6662121 -46.0707393 0
    endloop
  endfacet
  facet normal 0 0 -1
    outer loop
      vertex -43.2218815 -52.5941812 0
      vertex -41.059013 -45.9301929 0
      vertex -40.863475 -46.0028764 0
    endloop
  endfacet
  facet normal 0 0 -1
    outer loop
      vertex -43.2218815 -52.5941812 0
      vertex -43.5784679 -52.4616343 0
      vertex -41.059013 -45.9301929 0
    endloop
  endfacet
  facet normal 0 0 -1
    outer loop
      vertex -43.5784679 -52.4616343 0
      vertex -41.2527083 -45.8527325 0
      vertex -41.059013 -45.9301929 0
    endloop
  endfacet
  facet normal 0 0 -1
    outer loop
      vertex -43.5784679 -52.4616343 0
      vertex -43.9316941 -52.3203763 0
      vertex -41.2527083 -45.8527325 0
    endloop
  endfacet
  facet normal 0 0 -1
    outer loop
      vertex -43.9316941 -52.3203763 0
      vertex -41.4444444 -45.770542 0
      vertex -41.2527083 -45.8527325 0
    endloop
  endfacet
  facet normal 0 0 -1
    outer loop
      vertex -43.9316941 -52.3203763 0
      vertex -44.2813472 -52.1704922 0
      vertex -41.4444444 -45.770542 0
    endloop
  endfacet
  facet normal 0 0 -1
    outer loop
      vertex -44.2813472 -52.1704922 0
      vertex -44.6272166 -52.0120723 0
      vertex -41.4444444 -45.770542 0
    endloop
  endfacet
  facet normal 0 0 -1
    outer loop
      vertex -44.6272166 -52.0120723 0
      vertex -41.6341056 -45.6836707 0
      vertex -41.4444444 -45.770542 0
    endloop
  endfacet
  facet normal 0 0 -1
    outer loop
      vertex -44.6272166 -52.0120723 0
      vertex -44.9690941 -51.8452121 0
      vertex -41.6341056 -45.6836707 0
    endloop
  endfacet
  facet normal 0 0 -1
    outer loop
      vertex -44.9690941 -51.8452121 0
      vertex -41.8215778 -45.5921711 0
      vertex -41.6341056 -45.6836707 0
    endloop
  endfacet
  facet normal 0 0 -1
    outer loop
      vertex -44.9690941 -51.8452121 0
      vertex -45.3067737 -51.670012 0
      vertex -41.8215778 -45.5921711 0
    endloop
  endfacet
  facet normal 0 0 -1
    outer loop
      vertex -45.3067737 -51.670012 0
      vertex -42.006748 -45.4960983 0
      vertex -41.8215778 -45.5921711 0
    endloop
  endfacet
  facet normal 0 0 -1
    outer loop
      vertex -45.3067737 -51.670012 0
      vertex -45.6400519 -51.4865777 0
      vertex -42.006748 -45.4960983 0
    endloop
  endfacet
  facet normal 0 0 -1
    outer loop
      vertex -45.6400519 -51.4865777 0
      vertex -42.1895047 -45.3955101 0
      vertex -42.006748 -45.4960983 0
    endloop
  endfacet
  facet normal 0 0 -1
    outer loop
      vertex -45.6400519 -51.4865777 0
      vertex -42.3697378 -45.2904671 0
      vertex -42.1895047 -45.3955101 0
    endloop
  endfacet
  facet normal 0 0 -1
    outer loop
      vertex -45.6400519 -51.4865777 0
      vertex -45.968728 -51.2950195 0
      vertex -42.3697378 -45.2904671 0
    endloop
  endfacet
  facet normal 0 0 -1
    outer loop
      vertex -45.968728 -51.2950195 0
      vertex -42.5473388 -45.1810326 0
      vertex -42.3697378 -45.2904671 0
    endloop
  endfacet
  facet normal 0 0 -1
    outer loop
      vertex -45.968728 -51.2950195 0
      vertex -46.2926041 -51.0954529 0
      vertex -42.5473388 -45.1810326 0
    endloop
  endfacet
  facet normal 0 0 -1
    outer loop
      vertex -46.2926041 -51.0954529 0
      vertex -42.7222006 -45.0672726 0
      vertex -42.5473388 -45.1810326 0
    endloop
  endfacet
  facet normal 0 0 -1
    outer loop
      vertex -46.2926041 -51.0954529 0
      vertex -46.611485 -50.8879981 0
      vertex -42.7222006 -45.0672726 0
    endloop
  endfacet
  facet normal 0 0 -1
    outer loop
      vertex -46.611485 -50.8879981 0
      vertex -42.8942179 -44.9492554 0
      vertex -42.7222006 -45.0672726 0
    endloop
  endfacet
  facet normal 0 0 -1
    outer loop
      vertex -46.611485 -50.8879981 0
      vertex -46.9251787 -50.6727801 0
      vertex -42.8942179 -44.9492554 0
    endloop
  endfacet
  facet normal 0 0 -1
    outer loop
      vertex -46.9251787 -50.6727801 0
      vertex -47.2334962 -50.4499284 0
      vertex -42.8942179 -44.9492554 0
    endloop
  endfacet
  facet normal 0 0 -1
    outer loop
      vertex -47.2334962 -50.4499284 0
      vertex -43.0632871 -44.8270523 0
      vertex -42.8942179 -44.9492554 0
    endloop
  endfacet
  facet normal 0 0 -1
    outer loop
      vertex -47.2334962 -50.4499284 0
      vertex -47.5362518 -50.2195774 0
      vertex -43.0632871 -44.8270523 0
    endloop
  endfacet
  facet normal 0 0 -1
    outer loop
      vertex -47.5362518 -50.2195774 0
      vertex -43.2293064 -44.7007369 0
      vertex -43.0632871 -44.8270523 0
    endloop
  endfacet
  facet normal 0 0 -1
    outer loop
      vertex -47.5362518 -50.2195774 0
      vertex -47.8332631 -49.9818658 0
      vertex -43.2293064 -44.7007369 0
    endloop
  endfacet
  facet normal 0 0 -1
    outer loop
      vertex -47.8332631 -49.9818658 0
      vertex -43.3921757 -44.5703851 0
      vertex -43.2293064 -44.7007369 0
    endloop
  endfacet
  facet normal 0 0 -1
    outer loop
      vertex -47.8332631 -49.9818658 0
      vertex -48.1243512 -49.7369367 0
      vertex -43.3921757 -44.5703851 0
    endloop
  endfacet
  facet normal 0 0 -1
    outer loop
      vertex -48.1243512 -49.7369367 0
      vertex -43.551797 -44.4360756 0
      vertex -43.3921757 -44.5703851 0
    endloop
  endfacet
  facet normal 0 0 -1
    outer loop
      vertex -48.1243512 -49.7369367 0
      vertex -48.4093408 -49.4849377 0
      vertex -43.551797 -44.4360756 0
    endloop
  endfacet
  facet normal 0 0 -1
    outer loop
      vertex -48.4093408 -49.4849377 0
      vertex -43.7080741 -44.2978893 0
      vertex -43.551797 -44.4360756 0
    endloop
  endfacet
  facet normal 0 0 -1
    outer loop
      vertex -48.4093408 -49.4849377 0
      vertex -48.6880602 -49.2260207 0
      vertex -43.7080741 -44.2978893 0
    endloop
  endfacet
  facet normal 0 0 -1
    outer loop
      vertex -48.6880602 -49.2260207 0
      vertex -43.8609129 -44.1559093 0
      vertex -43.7080741 -44.2978893 0
    endloop
  endfacet
  facet normal 0 0 -1
    outer loop
      vertex -48.6880602 -49.2260207 0
      vertex -48.9603415 -48.9603415 0
      vertex -43.8609129 -44.1559093 0
    endloop
  endfacet
  facet normal 0 0 -1
    outer loop
      vertex -48.9603415 -48.9603415 0
      vertex -44.0102213 -44.0102213 0
      vertex -43.8609129 -44.1559093 0
    endloop
  endfacet
  facet normal 0 0 -1
    outer loop
      vertex -48.9603415 -48.9603415 0
      vertex -44.1559093 -43.8609129 0
      vertex -44.0102213 -44.0102213 0
    endloop
  endfacet
  facet normal 0 0 -1
    outer loop
      vertex -48.9603415 -48.9603415 0
      vertex -49.2260207 -48.6880602 0
      vertex -44.1559093 -43.8609129 0
    endloop
  endfacet
  facet normal 0 0 -1
    outer loop
      vertex -49.2260207 -48.6880602 0
      vertex -44.2978893 -43.7080741 0
      vertex -44.1559093 -43.8609129 0
    endloop
  endfacet
  facet normal 0 0 -1
    outer loop
      vertex -49.2260207 -48.6880602 0
      vertex -49.4849377 -48.4093408 0
      vertex -44.2978893 -43.7080741 0
    endloop
  endfacet
  facet normal 0 0 -1
    outer loop
      vertex -49.4849377 -48.4093408 0
      vertex -44.4360756 -43.551797 0
      vertex -44.2978893 -43.7080741 0
    endloop
  endfacet
  facet normal 0 0 -1
    outer loop
      vertex -49.4849377 -48.4093408 0
      vertex -49.7369367 -48.1243512 0
      vertex -44.4360756 -43.551797 0
    endloop
  endfacet
  facet normal 0 0 -1
    outer loop
      vertex -49.7369367 -48.1243512 0
      vertex -49.9818658 -47.8332631 0
      vertex -44.4360756 -43.551797 0
    endloop
  endfacet
  facet normal 0 0 -1
    outer loop
      vertex -49.9818658 -47.8332631 0
      vertex -44.5703851 -43.3921757 0
      vertex -44.4360756 -43.551797 0
    endloop
  endfacet
  facet normal 0 0 -1
    outer loop
      vertex -49.9818658 -47.8332631 0
      vertex -50.2195774 -47.5362518 0
      vertex -44.5703851 -43.3921757 0
    endloop
  endfacet
  facet normal 0 0 -1
    outer loop
      vertex -50.2195774 -47.5362518 0
      vertex -44.7007369 -43.2293064 0
      vertex -44.5703851 -43.3921757 0
    endloop
  endfacet
  facet normal 0 0 -1
    outer loop
      vertex -50.2195774 -47.5362518 0
      vertex -44.8270523 -43.0632871 0
      vertex -44.7007369 -43.2293064 0
    endloop
  endfacet
  facet normal 0 0 -1
    outer loop
      vertex -50.2195774 -47.5362518 0
      vertex -50.4499284 -47.2334962 0
      vertex -44.8270523 -43.0632871 0
    endloop
  endfacet
  facet normal 0 0 -1
    outer loop
      vertex -50.4499284 -47.2334962 0
      vertex -50.6727801 -46.9251787 0
      vertex -44.8270523 -43.0632871 0
    endloop
  endfacet
  facet normal 0 0 -1
    outer loop
      vertex -50.6727801 -46.9251787 0
      vertex -44.9492554 -42.8942179 0
      vertex -44.8270523 -43.0632871 0
    endloop
  endfacet
  facet normal 0 0 -1
    outer loop
      vertex -50.6727801 -46.9251787 0
      vertex -50.8879981 -46.611485 0
      vertex -44.9492554 -42.8942179 0
    endloop
  endfacet
  facet normal 0 0 -1
    outer loop
      vertex -50.8879981 -46.611485 0
      vertex -45.0672726 -42.7222006 0
      vertex -44.9492554 -42.8942179 0
    endloop
  endfacet
  facet normal 0 0 -1
    outer loop
      vertex -50.8879981 -46.611485 0
      vertex -51.0954529 -46.2926041 0
      vertex -45.0672726 -42.7222006 0
    endloop
  endfacet
  facet normal 0 0 -1
    outer loop
      vertex -51.0954529 -46.2926041 0
      vertex -45.1810326 -42.5473388 0
      vertex -45.0672726 -42.7222006 0
    endloop
  endfacet
  facet normal 0 0 -1
    outer loop
      vertex -51.0954529 -46.2926041 0
      vertex -51.2950195 -45.968728 0
      vertex -45.1810326 -42.5473388 0
    endloop
  endfacet
  facet normal 0 0 -1
    outer loop
      vertex -51.2950195 -45.968728 0
      vertex -45.2904671 -42.3697378 0
      vertex -45.1810326 -42.5473388 0
    endloop
  endfacet
  facet normal 0 0 -1
    outer loop
      vertex -51.2950195 -45.968728 0
      vertex -51.4865777 -45.6400519 0
      vertex -45.2904671 -42.3697378 0
    endloop
  endfacet
  facet normal 0 0 -1
    outer loop
      vertex -51.4865777 -45.6400519 0
      vertex -45.3955101 -42.1895047 0
      vertex -45.2904671 -42.3697378 0
    endloop
  endfacet
  facet normal 0 0 -1
    outer loop
      vertex -51.4865777 -45.6400519 0
      vertex -45.4960983 -42.006748 0
      vertex -45.3955101 -42.1895047 0
    endloop
  endfacet
  facet normal 0 0 -1
    outer loop
      vertex -51.4865777 -45.6400519 0
      vertex -51.670012 -45.3067737 0
      vertex -45.4960983 -42.006748 0
    endloop
  endfacet
  facet normal 0 0 -1
    outer loop
      vertex -51.670012 -45.3067737 0
      vertex -45.5921711 -41.8215778 0
      vertex -45.4960983 -42.006748 0
    endloop
  endfacet
  facet normal 0 0 -1
    outer loop
      vertex -51.670012 -45.3067737 0
      vertex -51.8452121 -44.9690941 0
      vertex -45.5921711 -41.8215778 0
    endloop
  endfacet
  facet normal 0 0 -1
    outer loop
      vertex -51.8452121 -44.9690941 0
      vertex -45.6836707 -41.6341056 0
      vertex -45.5921711 -41.8215778 0
    endloop
  endfacet
  facet normal 0 0 -1
    outer loop
      vertex -51.8452121 -44.9690941 0
      vertex -52.0120723 -44.6272166 0
      vertex -45.6836707 -41.6341056 0
    endloop
  endfacet
  facet normal 0 0 -1
    outer loop
      vertex -52.0120723 -44.6272166 0
      vertex -45.770542 -41.4444444 0
      vertex -45.6836707 -41.6341056 0
    endloop
  endfacet
  facet normal 0 0 -1
    outer loop
      vertex -52.0120723 -44.6272166 0
      vertex -52.1704922 -44.2813472 0
      vertex -45.770542 -41.4444444 0
    endloop
  endfacet
  facet normal 0 0 -1
    outer loop
      vertex -52.1704922 -44.2813472 0
      vertex -52.3203763 -43.9316941 0
      vertex -45.770542 -41.4444444 0
    endloop
  endfacet
  facet normal 0 0 -1
    outer loop
      vertex -52.3203763 -43.9316941 0
      vertex -45.8527325 -41.2527083 0
      vertex -45.770542 -41.4444444 0
    endloop
  endfacet
  facet normal 0 0 -1
    outer loop
      vertex -52.3203763 -43.9316941 0
      vertex -52.4616343 -43.5784679 0
      vertex -45.8527325 -41.2527083 0
    endloop
  endfacet
  facet normal 0 0 -1
    outer loop
      vertex -52.4616343 -43.5784679 0
      vertex -45.9301929 -41.059013 0
      vertex -45.8527325 -41.2527083 0
    endloop
  endfacet
  facet normal 0 0 -1
    outer loop
      vertex -52.4616343 -43.5784679 0
      vertex -52.5941812 -43.2218815 0
      vertex -45.9301929 -41.059013 0
    endloop
  endfacet
  facet normal 0 0 -1
    outer loop
      vertex -52.5941812 -43.2218815 0
      vertex -46.0028764 -40.863475 0
      vertex -45.9301929 -41.059013 0
    endloop
  endfacet
  facet normal 0 0 -1
    outer loop
      vertex -52.5941812 -43.2218815 0
      vertex -46.0707393 -40.6662121 0
      vertex -46.0028764 -40.863475 0
    endloop
  endfacet
  facet normal 0 0 -1
    outer loop
      vertex -52.5941812 -43.2218815 0
      vertex -52.7179371 -42.8621497 0
      vertex -46.0707393 -40.6662121 0
    endloop
  endfacet
  facet normal 0 0 -1
    outer loop
      vertex -52.7179371 -42.8621497 0
      vertex -46.1337406 -40.4673432 0
      vertex -46.0707393 -40.6662121 0
    endloop
  endfacet
  facet normal 0 0 -1
    outer loop
      vertex -52.7179371 -42.8621497 0
      vertex -52.8328274 -42.499489 0
      vertex -46.1337406 -40.4673432 0
    endloop
  endfacet
  facet normal 0 0 -1
    outer loop
      vertex -52.8328274 -42.499489 0
      vertex -46.1918425 -40.2669881 0
      vertex -46.1337406 -40.4673432 0
    endloop
  endfacet
  facet normal 0 0 -1
    outer loop
      vertex -52.8328274 -42.499489 0
      vertex -52.938783 -42.134118 0
      vertex -46.1918425 -40.2669881 0
    endloop
  endfacet
  facet normal 0 0 -1
    outer loop
      vertex -52.938783 -42.134118 0
      vertex -53.0357401 -41.7662568 0
      vertex -46.1918425 -40.2669881 0
    endloop
  endfacet
  facet normal 0 0 -1
    outer loop
      vertex -53.0357401 -41.7662568 0
      vertex -46.24501 -40.0652675 0
      vertex -46.1918425 -40.2669881 0
    endloop
  endfacet
  facet normal 0 0 -1
    outer loop
      vertex -53.0357401 -41.7662568 0
      vertex -46.2932109 -39.8623028 0
      vertex -46.24501 -40.0652675 0
    endloop
  endfacet
  facet normal 0 0 -1
    outer loop
      vertex -53.0357401 -41.7662568 0
      vertex -53.1236402 -41.396127 0
      vertex -46.2932109 -39.8623028 0
    endloop
  endfacet
  facet normal 0 0 -1
    outer loop
      vertex -53.1236402 -41.396127 0
      vertex -53.2024303 -41.0239514 0
      vertex -46.2932109 -39.8623028 0
    endloop
  endfacet
  facet normal 0 0 -1
    outer loop
      vertex -53.2024303 -41.0239514 0
      vertex -46.3364164 -39.6582163 0
      vertex -46.2932109 -39.8623028 0
    endloop
  endfacet
  facet normal 0 0 -1
    outer loop
      vertex -53.2024303 -41.0239514 0
      vertex -46.3746003 -39.453131 0
      vertex -46.3364164 -39.6582163 0
    endloop
  endfacet
  facet normal 0 0 -1
    outer loop
      vertex -53.2024303 -41.0239514 0
      vertex -53.2720631 -40.6499543 0
      vertex -46.3746003 -39.453131 0
    endloop
  endfacet
  facet normal 0 0 -1
    outer loop
      vertex -53.2720631 -40.6499543 0
      vertex -53.3324966 -40.274361 0
      vertex -46.3746003 -39.453131 0
    endloop
  endfacet
  facet normal 0 0 -1
    outer loop
      vertex -53.3324966 -40.274361 0
      vertex -46.4077396 -39.2471704 0
      vertex -46.3746003 -39.453131 0
    endloop
  endfacet
  facet normal 0 0 -1
    outer loop
      vertex -53.3324966 -40.274361 0
      vertex -53.3836944 -39.8973977 0
      vertex -46.4077396 -39.2471704 0
    endloop
  endfacet
  facet normal 0 0 -1
    outer loop
      vertex -53.3836944 -39.8973977 0
      vertex -46.4358145 -39.0404585 0
      vertex -46.4077396 -39.2471704 0
    endloop
  endfacet
  facet normal 0 0 -1
    outer loop
      vertex -53.3836944 -39.8973977 0
      vertex -53.4256256 -39.5192915 0
      vertex -46.4358145 -39.0404585 0
    endloop
  endfacet
  facet normal 0 0 -1
    outer loop
      vertex -53.4256256 -39.5192915 0
      vertex -46.4588079 -38.8331199 0
      vertex -46.4358145 -39.0404585 0
    endloop
  endfacet
  facet normal 0 0 -1
    outer loop
      vertex -53.4256256 -39.5192915 0
      vertex -53.4582649 -39.1402701 0
      vertex -46.4588079 -38.8331199 0
    endloop
  endfacet
  facet normal 0 0 -1
    outer loop
      vertex -53.4582649 -39.1402701 0
      vertex -46.476706 -38.6252794 0
      vertex -46.4588079 -38.8331199 0
    endloop
  endfacet
  facet normal 0 0 -1
    outer loop
      vertex -53.4582649 -39.1402701 0
      vertex -46.4894981 -38.4170623 0
      vertex -46.476706 -38.6252794 0
    endloop
  endfacet
  facet normal 0 0 -1
    outer loop
      vertex -53.4582649 -39.1402701 0
      vertex -53.4815928 -38.7605619 0
      vertex -46.4894981 -38.4170623 0
    endloop
  endfacet
  facet normal 0 0 -1
    outer loop
      vertex -53.4815928 -38.7605619 0
      vertex -53.4955952 -38.3803955 0
      vertex -46.4894981 -38.4170623 0
    endloop
  endfacet
  facet normal 0 0 -1
    outer loop
      vertex -53.4955952 -38.3803955 0
      vertex -46.4971765 -38.208594 0
      vertex -46.4894981 -38.4170623 0
    endloop
  endfacet
  facet normal 0 0 -1
    outer loop
      vertex -53.4955952 -38.3803955 0
      vertex -53.5 -38.021476 0
      vertex -46.4971765 -38.208594 0
    endloop
  endfacet
  facet normal 0 0 -1
    outer loop
      vertex -53.5 -38.021476 0
      vertex -46.5 -37.978524 0
      vertex -46.4971765 -38.208594 0
    endloop
  endfacet
  facet normal 0 0 -1
    outer loop
      vertex -53.5 -38.021476 0
      vertex -46.5 -3.5 0
      vertex -46.5 -37.978524 0
    endloop
  endfacet
  facet normal 0 0 -1
    outer loop
      vertex -53.5 -38.021476 0
      vertex -46.5 3.5 0
      vertex -46.5 -3.5 0
    endloop
  endfacet
  facet normal 0 0 -1
    outer loop
      vertex -53.5 -38.021476 0
      vertex -53.5 38.021476 0
      vertex -46.5 3.5 0
    endloop
  endfacet
  facet normal 0 0 -1
    outer loop
      vertex -53.5 38.021476 0
      vertex -46.5 37.978524 0
      vertex -46.5 3.5 0
    endloop
  endfacet
  facet normal 0 0 -1
    outer loop
      vertex -53.5 38.021476 0
      vertex -46.4971765 38.208594 0
      vertex -46.5 37.978524 0
    endloop
  endfacet
  facet normal 0 0 -1
    outer loop
      vertex -53.5 38.021476 0
      vertex -53.4955952 38.3803955 0
      vertex -46.4971765 38.208594 0
    endloop
  endfacet
  facet normal 0 0 -1
    outer loop
      vertex -53.4955952 38.3803955 0
      vertex -46.4894981 38.4170623 0
      vertex -46.4971765 38.208594 0
    endloop
  endfacet
  facet normal 0 0 -1
    outer loop
      vertex -53.4955952 38.3803955 0
      vertex -53.4815928 38.7605619 0
      vertex -46.4894981 38.4170623 0
    endloop
  endfacet
  facet normal 0 0 -1
    outer loop
      vertex -53.4815928 38.7605619 0
      vertex -53.4582649 39.1402701 0
      vertex -46.4894981 38.4170623 0
    endloop
  endfacet
  facet normal 0 0 -1
    outer loop
      vertex -53.4582649 39.1402701 0
      vertex -46.476706 38.6252794 0
      vertex -46.4894981 38.4170623 0
    endloop
  endfacet
  facet normal 0 0 -1
    outer loop
      vertex -53.4582649 39.1402701 0
      vertex -53.4256256 39.5192915 0
      vertex -46.476706 38.6252794 0
    endloop
  endfacet
  facet normal 0 0 -1
    outer loop
      vertex -53.4256256 39.5192915 0
      vertex -46.4588079 38.8331199 0
      vertex -46.476706 38.6252794 0
    endloop
  endfacet
  facet normal 0 0 -1
    outer loop
      vertex -53.4256256 39.5192915 0
      vertex -46.4358145 39.0404585 0
      vertex -46.4588079 38.8331199 0
    endloop
  endfacet
  facet normal 0 0 -1
    outer loop
      vertex -53.4256256 39.5192915 0
      vertex -53.3836944 39.8973977 0
      vertex -46.4358145 39.0404585 0
    endloop
  endfacet
  facet normal 0 0 -1
    outer loop
      vertex -53.3836944 39.8973977 0
      vertex -53.3324966 40.274361 0
      vertex -46.4358145 39.0404585 0
    endloop
  endfacet
  facet normal 0 0 -1
    outer loop
      vertex -53.3324966 40.274361 0
      vertex -46.4077396 39.2471704 0
      vertex -46.4358145 39.0404585 0
    endloop
  endfacet
  facet normal 0 0 -1
    outer loop
      vertex -53.3324966 40.274361 0
      vertex -46.3746003 39.453131 0
      vertex -46.4077396 39.2471704 0
    endloop
  endfacet
  facet normal 0 0 -1
    outer loop
      vertex -53.3324966 40.274361 0
      vertex -53.2720631 40.6499543 0
      vertex -46.3746003 39.453131 0
    endloop
  endfacet
  facet normal 0 0 -1
    outer loop
      vertex -53.2720631 40.6499543 0
      vertex -46.3364164 39.6582163 0
      vertex -46.3746003 39.453131 0
    endloop
  endfacet
  facet normal 0 0 -1
    outer loop
      vertex -53.2720631 40.6499543 0
      vertex -53.2024303 41.0239514 0
      vertex -46.3364164 39.6582163 0
    endloop
  endfacet
  facet normal 0 0 -1
    outer loop
      vertex -53.2024303 41.0239514 0
      vertex -46.2932109 39.8623028 0
      vertex -46.3364164 39.6582163 0
    endloop
  endfacet
  facet normal 0 0 -1
    outer loop
      vertex -53.2024303 41.0239514 0
      vertex -53.1236402 41.396127 0
      vertex -46.2932109 39.8623028 0
    endloop
  endfacet
  facet normal 0 0 -1
    outer loop
      vertex -53.1236402 41.396127 0
      vertex -53.0357401 41.7662568 0
      vertex -46.2932109 39.8623028 0
    endloop
  endfacet
  facet normal 0 0 -1
    outer loop
      vertex -53.0357401 41.7662568 0
      vertex -46.24501 40.0652675 0
      vertex -46.2932109 39.8623028 0
    endloop
  endfacet
  facet normal 0 0 -1
    outer loop
      vertex -53.0357401 41.7662568 0
      vertex -52.938783 42.134118 0
      vertex -46.24501 40.0652675 0
    endloop
  endfacet
  facet normal 0 0 -1
    outer loop
      vertex -52.938783 42.134118 0
      vertex -46.1918425 40.2669881 0
      vertex -46.24501 40.0652675 0
    endloop
  endfacet
  facet normal 0 0 -1
    outer loop
      vertex -52.938783 42.134118 0
      vertex -46.1337406 40.4673432 0
      vertex -46.1918425 40.2669881 0
    endloop
  endfacet
  facet normal 0 0 -1
    outer loop
      vertex -52.938783 42.134118 0
      vertex -52.8328274 42.499489 0
      vertex -46.1337406 40.4673432 0
    endloop
  endfacet
  facet normal 0 0 -1
    outer loop
      vertex -52.8328274 42.499489 0
      vertex -46.0707393 40.6662121 0
      vertex -46.1337406 40.4673432 0
    endloop
  endfacet
  facet normal 0 0 -1
    outer loop
      vertex -52.8328274 42.499489 0
      vertex -52.7179371 42.8621497 0
      vertex -46.0707393 40.6662121 0
    endloop
  endfacet
  facet normal 0 0 -1
    outer loop
      vertex -52.7179371 42.8621497 0
      vertex -46.0028764 40.863475 0
      vertex -46.0707393 40.6662121 0
    endloop
  endfacet
  facet normal 0 0 -1
    outer loop
      vertex -52.7179371 42.8621497 0
      vertex -52.5941812 43.2218815 0
      vertex -46.0028764 40.863475 0
    endloop
  endfacet
  facet normal 0 0 -1
    outer loop
      vertex -52.5941812 43.2218815 0
      vertex -52.4616343 43.5784679 0
      vertex -46.0028764 40.863475 0
    endloop
  endfacet
  facet normal 0 0 -1
    outer loop
      vertex -52.4616343 43.5784679 0
      vertex -45.9301929 41.059013 0
      vertex -46.0028764 40.863475 0
    endloop
  endfacet
  facet normal 0 0 -1
    outer loop
      vertex -52.4616343 43.5784679 0
      vertex -52.3203763 43.9316941 0
      vertex -45.9301929 41.059013 0
    endloop
  endfacet
  facet normal 0 0 -1
    outer loop
      vertex -52.3203763 43.9316941 0
      vertex -45.8527325 41.2527083 0
      vertex -45.9301929 41.059013 0
    endloop
  endfacet
  facet normal 0 0 -1
    outer loop
      vertex -52.3203763 43.9316941 0
      vertex -52.1704922 44.2813472 0
      vertex -45.8527325 41.2527083 0
    endloop
  endfacet
  facet normal 0 0 -1
    outer loop
      vertex -52.1704922 44.2813472 0
      vertex -45.770542 41.4444444 0
      vertex -45.8527325 41.2527083 0
    endloop
  endfacet
  facet normal 0 0 -1
    outer loop
      vertex -52.1704922 44.2813472 0
      vertex -45.6836707 41.6341056 0
      vertex -45.770542 41.4444444 0
    endloop
  endfacet
  facet normal 0 0 -1
    outer loop
      vertex -52.1704922 44.2813472 0
      vertex -52.0120723 44.6272166 0
      vertex -45.6836707 41.6341056 0
    endloop
  endfacet
  facet normal 0 0 -1
    outer loop
      vertex -52.0120723 44.6272166 0
      vertex -51.8452121 44.9690941 0
      vertex -45.6836707 41.6341056 0
    endloop
  endfacet
  facet normal 0 0 -1
    outer loop
      vertex -51.8452121 44.9690941 0
      vertex -45.5921711 41.8215778 0
      vertex -45.6836707 41.6341056 0
    endloop
  endfacet
  facet normal 0 0 -1
    outer loop
      vertex -51.8452121 44.9690941 0
      vertex -51.670012 45.3067737 0
      vertex -45.5921711 41.8215778 0
    endloop
  endfacet
  facet normal 0 0 -1
    outer loop
      vertex -51.670012 45.3067737 0
      vertex -45.4960983 42.006748 0
      vertex -45.5921711 41.8215778 0
    endloop
  endfacet
  facet normal 0 0 -1
    outer loop
      vertex -51.670012 45.3067737 0
      vertex -51.4865777 45.6400519 0
      vertex -45.4960983 42.006748 0
    endloop
  endfacet
  facet normal 0 0 -1
    outer loop
      vertex -51.4865777 45.6400519 0
      vertex -45.3955101 42.1895047 0
      vertex -45.4960983 42.006748 0
    endloop
  endfacet
  facet normal 0 0 -1
    outer loop
      vertex -51.4865777 45.6400519 0
      vertex -45.2904671 42.3697378 0
      vertex -45.3955101 42.1895047 0
    endloop
  endfacet
  facet normal 0 0 -1
    outer loop
      vertex -51.4865777 45.6400519 0
      vertex -51.2950195 45.968728 0
      vertex -45.2904671 42.3697378 0
    endloop
  endfacet
  facet normal 0 0 -1
    outer loop
      vertex -51.2950195 45.968728 0
      vertex -45.1810326 42.5473388 0
      vertex -45.2904671 42.3697378 0
    endloop
  endfacet
  facet normal 0 0 -1
    outer loop
      vertex -51.2950195 45.968728 0
      vertex -51.0954529 46.2926041 0
      vertex -45.1810326 42.5473388 0
    endloop
  endfacet
  facet normal 0 0 -1
    outer loop
      vertex -51.0954529 46.2926041 0
      vertex -50.8879981 46.611485 0
      vertex -45.1810326 42.5473388 0
    endloop
  endfacet
  facet normal 0 0 -1
    outer loop
      vertex -50.8879981 46.611485 0
      vertex -45.0672726 42.7222006 0
      vertex -45.1810326 42.5473388 0
    endloop
  endfacet
  facet normal 0 0 -1
    outer loop
      vertex -50.8879981 46.611485 0
      vertex -44.9492554 42.8942179 0
      vertex -45.0672726 42.7222006 0
    endloop
  endfacet
  facet normal 0 0 -1
    outer loop
      vertex -50.8879981 46.611485 0
      vertex -50.6727801 46.9251787 0
      vertex -44.9492554 42.8942179 0
    endloop
  endfacet
  facet normal 0 0 -1
    outer loop
      vertex -50.6727801 46.9251787 0
      vertex -50.4499284 47.2334962 0
      vertex -44.9492554 42.8942179 0
    endloop
  endfacet
  facet normal 0 0 -1
    outer loop
      vertex -50.4499284 47.2334962 0
      vertex -44.8270523 43.0632871 0
      vertex -44.9492554 42.8942179 0
    endloop
  endfacet
  facet normal 0 0 -1
    outer loop
      vertex -50.4499284 47.2334962 0
      vertex -44.7007369 43.2293064 0
      vertex -44.8270523 43.0632871 0
    endloop
  endfacet
  facet normal 0 0 -1
    outer loop
      vertex -50.4499284 47.2334962 0
      vertex -50.2195774 47.5362518 0
      vertex -44.7007369 43.2293064 0
    endloop
  endfacet
  facet normal 0 0 -1
    outer loop
      vertex -50.2195774 47.5362518 0
      vertex -44.5703851 43.3921757 0
      vertex -44.7007369 43.2293064 0
    endloop
  endfacet
  facet normal 0 0 -1
    outer loop
      vertex -50.2195774 47.5362518 0
      vertex -49.9818658 47.8332631 0
      vertex -44.5703851 43.3921757 0
    endloop
  endfacet
  facet normal 0 0 -1
    outer loop
      vertex -49.9818658 47.8332631 0
      vertex -44.4360756 43.551797 0
      vertex -44.5703851 43.3921757 0
    endloop
  endfacet
  facet normal 0 0 -1
    outer loop
      vertex -49.9818658 47.8332631 0
      vertex -49.7369367 48.1243512 0
      vertex -44.4360756 43.551797 0
    endloop
  endfacet
  facet normal 0 0 -1
    outer loop
      vertex -3.5 46.5 0
      vertex 3.5 7 0
      vertex -3.5 7 0
    endloop
  endfacet
  facet normal 0 0 -1
    outer loop
      vertex -3.5 46.5 0
      vertex 3.5 46.5 0
      vertex 3.5 7 0
    endloop
  endfacet
  facet normal 0 0 -1
    outer loop
      vertex 46.4894981 38.4170623 0
      vertex 53.4955952 38.3803955 0
      vertex 46.4971765 38.208594 0
    endloop
  endfacet
  facet normal 0 -0 -1
    outer loop
      vertex 53.4955952 38.3803955 0
      vertex 53.5 38.021476 0
      vertex 46.4971765 38.208594 0
    endloop
  endfacet
  facet normal -0 0 -1
    outer loop
      vertex 53.5 38.021476 0
      vertex 46.5 37.978524 0
      vertex 46.4971765 38.208594 0
    endloop
  endfacet
  facet normal 0 0 -1
    outer loop
      vertex 53.5 38.021476 0
      vertex 46.5 3.5 0
      vertex 46.5 37.978524 0
    endloop
  endfacet
  facet normal 0 -0 -1
    outer loop
      vertex 53.5 38.021476 0
      vertex 53.5 -38.021476 0
      vertex 46.5 3.5 0
    endloop
  endfacet
  facet normal 0 0 -1
    outer loop
      vertex 53.5 -38.021476 0
      vertex 46.5 -3.5 0
      vertex 46.5 3.5 0
    endloop
  endfacet
  facet normal 0 0 -1
    outer loop
      vertex 53.5 -38.021476 0
      vertex 46.5 -37.978524 0
      vertex 46.5 -3.5 0
    endloop
  endfacet
  facet normal -0 0 -1
    outer loop
      vertex 53.5 -38.021476 0
      vertex 46.4971765 -38.208594 0
      vertex 46.5 -37.978524 0
    endloop
  endfacet
  facet normal 0 0 -1
    outer loop
      vertex 53.5 -38.021476 0
      vertex 53.4955952 -38.3803955 0
      vertex 46.4971765 -38.208594 0
    endloop
  endfacet
  facet normal -0 0 -1
    outer loop
      vertex 53.4955952 -38.3803955 0
      vertex 46.4894981 -38.4170623 0
      vertex 46.4971765 -38.208594 0
    endloop
  endfacet
  facet normal 0 0 -1
    outer loop
      vertex 53.4955952 -38.3803955 0
      vertex 53.4815928 -38.7605619 0
      vertex 46.4894981 -38.4170623 0
    endloop
  endfacet
  facet normal -0 0 -1
    outer loop
      vertex 53.4815928 -38.7605619 0
      vertex 53.4582649 -39.1402701 0
      vertex 46.4894981 -38.4170623 0
    endloop
  endfacet
  facet normal 0 0 -1
    outer loop
      vertex 53.4582649 -39.1402701 0
      vertex 46.476706 -38.6252794 0
      vertex 46.4894981 -38.4170623 0
    endloop
  endfacet
  facet normal 0 0 -1
    outer loop
      vertex 53.4582649 -39.1402701 0
      vertex 46.4588079 -38.8331199 0
      vertex 46.476706 -38.6252794 0
    endloop
  endfacet
  facet normal -0 0 -1
    outer loop
      vertex 53.4582649 -39.1402701 0
      vertex 53.4256256 -39.5192915 0
      vertex 46.4588079 -38.8331199 0
    endloop
  endfacet
  facet normal 0 0 -1
    outer loop
      vertex 53.4256256 -39.5192915 0
      vertex 46.4358145 -39.0404585 0
      vertex 46.4588079 -38.8331199 0
    endloop
  endfacet
  facet normal -0 0 -1
    outer loop
      vertex 53.4256256 -39.5192915 0
      vertex 53.3836944 -39.8973977 0
      vertex 46.4358145 -39.0404585 0
    endloop
  endfacet
  facet normal -0 0 -1
    outer loop
      vertex 53.3836944 -39.8973977 0
      vertex 53.3324966 -40.274361 0
      vertex 46.4358145 -39.0404585 0
    endloop
  endfacet
  facet normal 0 0 -1
    outer loop
      vertex 53.3324966 -40.274361 0
      vertex 46.4077396 -39.2471704 0
      vertex 46.4358145 -39.0404585 0
    endloop
  endfacet
  facet normal 0 0 -1
    outer loop
      vertex 53.3324966 -40.274361 0
      vertex 46.3746003 -39.453131 0
      vertex 46.4077396 -39.2471704 0
    endloop
  endfacet
  facet normal -0 0 -1
    outer loop
      vertex 53.3324966 -40.274361 0
      vertex 53.2720631 -40.6499543 0
      vertex 46.3746003 -39.453131 0
    endloop
  endfacet
  facet normal 0 0 -1
    outer loop
      vertex 53.2720631 -40.6499543 0
      vertex 46.3364164 -39.6582163 0
      vertex 46.3746003 -39.453131 0
    endloop
  endfacet
  facet normal -0 0 -1
    outer loop
      vertex 53.2720631 -40.6499543 0
      vertex 53.2024303 -41.0239514 0
      vertex 46.3364164 -39.6582163 0
    endloop
  endfacet
  facet normal 0 0 -1
    outer loop
      vertex 53.2024303 -41.0239514 0
      vertex 46.2932109 -39.8623028 0
      vertex 46.3364164 -39.6582163 0
    endloop
  endfacet
  facet normal -0 0 -1
    outer loop
      vertex 53.2024303 -41.0239514 0
      vertex 53.1236402 -41.396127 0
      vertex 46.2932109 -39.8623028 0
    endloop
  endfacet
  facet normal -0 0 -1
    outer loop
      vertex 53.1236402 -41.396127 0
      vertex 53.0357401 -41.7662568 0
      vertex 46.2932109 -39.8623028 0
    endloop
  endfacet
  facet normal 0 0 -1
    outer loop
      vertex 53.0357401 -41.7662568 0
      vertex 46.24501 -40.0652675 0
      vertex 46.2932109 -39.8623028 0
    endloop
  endfacet
  facet normal -0 0 -1
    outer loop
      vertex 53.0357401 -41.7662568 0
      vertex 52.938783 -42.134118 0
      vertex 46.24501 -40.0652675 0
    endloop
  endfacet
  facet normal 0 0 -1
    outer loop
      vertex 52.938783 -42.134118 0
      vertex 46.1918425 -40.2669881 0
      vertex 46.24501 -40.0652675 0
    endloop
  endfacet
  facet normal -0 0 -1
    outer loop
      vertex 52.938783 -42.134118 0
      vertex 52.8328274 -42.499489 0
      vertex 46.1918425 -40.2669881 0
    endloop
  endfacet
  facet normal 0 0 -1
    outer loop
      vertex 52.8328274 -42.499489 0
      vertex 46.1337406 -40.4673432 0
      vertex 46.1918425 -40.2669881 0
    endloop
  endfacet
  facet normal 0 0 -1
    outer loop
      vertex 52.8328274 -42.499489 0
      vertex 46.0707393 -40.6662121 0
      vertex 46.1337406 -40.4673432 0
    endloop
  endfacet
  facet normal -0 0 -1
    outer loop
      vertex 52.8328274 -42.499489 0
      vertex 52.7179371 -42.8621497 0
      vertex 46.0707393 -40.6662121 0
    endloop
  endfacet
  facet normal -0 0 -1
    outer loop
      vertex 52.7179371 -42.8621497 0
      vertex 52.5941812 -43.2218815 0
      vertex 46.0707393 -40.6662121 0
    endloop
  endfacet
  facet normal 0 0 -1
    outer loop
      vertex 52.5941812 -43.2218815 0
      vertex 46.0028764 -40.863475 0
      vertex 46.0707393 -40.6662121 0
    endloop
  endfacet
  facet normal 0 0 -1
    outer loop
      vertex 52.5941812 -43.2218815 0
      vertex 45.9301929 -41.059013 0
      vertex 46.0028764 -40.863475 0
    endloop
  endfacet
  facet normal -0 0 -1
    outer loop
      vertex 52.5941812 -43.2218815 0
      vertex 52.4616343 -43.5784679 0
      vertex 45.9301929 -41.059013 0
    endloop
  endfacet
  facet normal 0 0 -1
    outer loop
      vertex 52.4616343 -43.5784679 0
      vertex 45.8527325 -41.2527083 0
      vertex 45.9301929 -41.059013 0
    endloop
  endfacet
  facet normal -0 0 -1
    outer loop
      vertex 52.4616343 -43.5784679 0
      vertex 52.3203763 -43.9316941 0
      vertex 45.8527325 -41.2527083 0
    endloop
  endfacet
  facet normal -0 0 -1
    outer loop
      vertex 52.3203763 -43.9316941 0
      vertex 52.1704922 -44.2813472 0
      vertex 45.8527325 -41.2527083 0
    endloop
  endfacet
  facet normal 0 0 -1
    outer loop
      vertex 52.1704922 -44.2813472 0
      vertex 45.770542 -41.4444444 0
      vertex 45.8527325 -41.2527083 0
    endloop
  endfacet
  facet normal -0 0 -1
    outer loop
      vertex 52.1704922 -44.2813472 0
      vertex 52.0120723 -44.6272166 0
      vertex 45.770542 -41.4444444 0
    endloop
  endfacet
  facet normal 0 0 -1
    outer loop
      vertex 52.0120723 -44.6272166 0
      vertex 45.6836707 -41.6341056 0
      vertex 45.770542 -41.4444444 0
    endloop
  endfacet
  facet normal -0 0 -1
    outer loop
      vertex 52.0120723 -44.6272166 0
      vertex 51.8452121 -44.9690941 0
      vertex 45.6836707 -41.6341056 0
    endloop
  endfacet
  facet normal 0 0 -1
    outer loop
      vertex 51.8452121 -44.9690941 0
      vertex 45.5921711 -41.8215778 0
      vertex 45.6836707 -41.6341056 0
    endloop
  endfacet
  facet normal -0 0 -1
    outer loop
      vertex 51.8452121 -44.9690941 0
      vertex 51.670012 -45.3067737 0
      vertex 45.5921711 -41.8215778 0
    endloop
  endfacet
  facet normal 0 0 -1
    outer loop
      vertex 51.670012 -45.3067737 0
      vertex 45.4960983 -42.006748 0
      vertex 45.5921711 -41.8215778 0
    endloop
  endfacet
  facet normal -0 0 -1
    outer loop
      vertex 51.670012 -45.3067737 0
      vertex 51.4865777 -45.6400519 0
      vertex 45.4960983 -42.006748 0
    endloop
  endfacet
  facet normal 0 0 -1
    outer loop
      vertex 51.4865777 -45.6400519 0
      vertex 45.3955101 -42.1895047 0
      vertex 45.4960983 -42.006748 0
    endloop
  endfacet
  facet normal 0 0 -1
    outer loop
      vertex 51.4865777 -45.6400519 0
      vertex 45.2904671 -42.3697378 0
      vertex 45.3955101 -42.1895047 0
    endloop
  endfacet
  facet normal -0 0 -1
    outer loop
      vertex 51.4865777 -45.6400519 0
      vertex 51.2950195 -45.968728 0
      vertex 45.2904671 -42.3697378 0
    endloop
  endfacet
  facet normal 0 0 -1
    outer loop
      vertex 51.2950195 -45.968728 0
      vertex 45.1810326 -42.5473388 0
      vertex 45.2904671 -42.3697378 0
    endloop
  endfacet
  facet normal -0 0 -1
    outer loop
      vertex 51.2950195 -45.968728 0
      vertex 51.0954529 -46.2926041 0
      vertex 45.1810326 -42.5473388 0
    endloop
  endfacet
  facet normal 0 0 -1
    outer loop
      vertex 51.0954529 -46.2926041 0
      vertex 45.0672726 -42.7222006 0
      vertex 45.1810326 -42.5473388 0
    endloop
  endfacet
  facet normal -0 0 -1
    outer loop
      vertex 51.0954529 -46.2926041 0
      vertex 50.8879981 -46.611485 0
      vertex 45.0672726 -42.7222006 0
    endloop
  endfacet
  facet normal 0 0 -1
    outer loop
      vertex 50.8879981 -46.611485 0
      vertex 44.9492554 -42.8942179 0
      vertex 45.0672726 -42.7222006 0
    endloop
  endfacet
  facet normal -0 0 -1
    outer loop
      vertex 50.8879981 -46.611485 0
      vertex 50.6727801 -46.9251787 0
      vertex 44.9492554 -42.8942179 0
    endloop
  endfacet
  facet normal -0 0 -1
    outer loop
      vertex 50.6727801 -46.9251787 0
      vertex 50.4499284 -47.2334962 0
      vertex 44.9492554 -42.8942179 0
    endloop
  endfacet
  facet normal 0 0 -1
    outer loop
      vertex 50.4499284 -47.2334962 0
      vertex 44.8270523 -43.0632871 0
      vertex 44.9492554 -42.8942179 0
    endloop
  endfacet
  facet normal 0 0 -1
    outer loop
      vertex 50.4499284 -47.2334962 0
      vertex 44.7007369 -43.2293064 0
      vertex 44.8270523 -43.0632871 0
    endloop
  endfacet
  facet normal -0 0 -1
    outer loop
      vertex 50.4499284 -47.2334962 0
      vertex 50.2195774 -47.5362518 0
      vertex 44.7007369 -43.2293064 0
    endloop
  endfacet
  facet normal 0 0 -1
    outer loop
      vertex 50.2195774 -47.5362518 0
      vertex 44.5703851 -43.3921757 0
      vertex 44.7007369 -43.2293064 0
    endloop
  endfacet
  facet normal -0 0 -1
    outer loop
      vertex 50.2195774 -47.5362518 0
      vertex 49.9818658 -47.8332631 0
      vertex 44.5703851 -43.3921757 0
    endloop
  endfacet
  facet normal -0 0 -1
    outer loop
      vertex 49.9818658 -47.8332631 0
      vertex 49.7369367 -48.1243512 0
      vertex 44.5703851 -43.3921757 0
    endloop
  endfacet
  facet normal 0 0 -1
    outer loop
      vertex 49.7369367 -48.1243512 0
      vertex 44.4360756 -43.551797 0
      vertex 44.5703851 -43.3921757 0
    endloop
  endfacet
  facet normal -0 0 -1
    outer loop
      vertex 49.7369367 -48.1243512 0
      vertex 49.4849377 -48.4093408 0
      vertex 44.4360756 -43.551797 0
    endloop
  endfacet
  facet normal 0 0 -1
    outer loop
      vertex 49.4849377 -48.4093408 0
      vertex 44.2978893 -43.7080741 0
      vertex 44.4360756 -43.551797 0
    endloop
  endfacet
  facet normal -0 0 -1
    outer loop
      vertex 49.4849377 -48.4093408 0
      vertex 49.2260207 -48.6880602 0
      vertex 44.2978893 -43.7080741 0
    endloop
  endfacet
  facet normal 0 0 -1
    outer loop
      vertex 49.2260207 -48.6880602 0
      vertex 44.1559093 -43.8609129 0
      vertex 44.2978893 -43.7080741 0
    endloop
  endfacet
  facet normal -0 0 -1
    outer loop
      vertex 49.2260207 -48.6880602 0
      vertex 48.9603415 -48.9603415 0
      vertex 44.1559093 -43.8609129 0
    endloop
  endfacet
  facet normal 0 0 -1
    outer loop
      vertex 48.9603415 -48.9603415 0
      vertex 44.0102213 -44.0102213 0
      vertex 44.1559093 -43.8609129 0
    endloop
  endfacet
  facet normal 0 0 -1
    outer loop
      vertex 48.9603415 -48.9603415 0
      vertex 43.8609129 -44.1559093 0
      vertex 44.0102213 -44.0102213 0
    endloop
  endfacet
  facet normal -0 0 -1
    outer loop
      vertex 48.9603415 -48.9603415 0
      vertex 48.6880602 -49.2260207 0
      vertex 43.8609129 -44.1559093 0
    endloop
  endfacet
  facet normal 0 0 -1
    outer loop
      vertex 48.6880602 -49.2260207 0
      vertex 43.7080741 -44.2978893 0
      vertex 43.8609129 -44.1559093 0
    endloop
  endfacet
  facet normal 0 0 -1
    outer loop
      vertex 3.5 -46.5 0
      vertex -3.5 -7 0
      vertex 3.5 -7 0
    endloop
  endfacet
  facet normal 0 0 -1
    outer loop
      vertex 3.5 -46.5 0
      vertex -3.5 -46.5 0
      vertex -3.5 -7 0
    endloop
  endfacet
  facet normal 0 0 -1
    outer loop
      vertex -46.5 -3.5 0
      vertex -46.5 3.5 0
      vertex -7 -3.5 0
    endloop
  endfacet
  facet normal 0 0 -1
    outer loop
      vertex -46.5 3.5 0
      vertex -7 3.5 0
      vertex -7 -3.5 0
    endloop
  endfacet
  facet normal 0 0 -1
    outer loop
      vertex -7 7 0
      vertex -3.5 7 0
      vertex -7 3.5 0
    endloop
  endfacet
  facet normal 0 -0 -1
    outer loop
      vertex -3.5 7 0
      vertex -3.5 -7 0
      vertex -7 3.5 0
    endloop
  endfacet
  facet normal 0 0 -1
    outer loop
      vertex -3.5 7 0
      vertex 3.5 -7 0
      vertex -3.5 -7 0
    endloop
  endfacet
  facet normal 0 0 -1
    outer loop
      vertex -3.5 7 0
      vertex 3.5 7 0
      vertex 3.5 -7 0
    endloop
  endfacet
  facet normal 0 0 -1
    outer loop
      vertex 3.5 7 0
      vertex 7 -3.5 0
      vertex 3.5 -7 0
    endloop
  endfacet
  facet normal 0 0 -1
    outer loop
      vertex 3.5 7 0
      vertex 7 3.5 0
      vertex 7 -3.5 0
    endloop
  endfacet
  facet normal 0 0 -1
    outer loop
      vertex 3.5 7 0
      vertex 7 7 0
      vertex 7 3.5 0
    endloop
  endfacet
  facet normal -0 -0 -1
    outer loop
      vertex 46.5 3.5 0
      vertex 46.5 -3.5 0
      vertex 7 3.5 0
    endloop
  endfacet
  facet normal 0 0 -1
    outer loop
      vertex 46.5 -3.5 0
      vertex 7 -3.5 0
      vertex 7 3.5 0
    endloop
  endfacet
  facet normal 0 0 -1
    outer loop
      vertex 7 -7 0
      vertex 3.5 -7 0
      vertex 7 -3.5 0
    endloop
  endfacet
  facet normal 0 0 -1
    outer loop
      vertex -3.5 -7 0
      vertex -7 -3.5 0
      vertex -7 3.5 0
    endloop
  endfacet
  facet normal 0 0 -1
    outer loop
      vertex -3.5 -7 0
      vertex -7 -7 0
      vertex -7 -3.5 0
    endloop
  endfacet
  facet normal -0.0613207363 -0.998118113 0
    outer loop
      vertex -38.7605619 -53.4815928 0.04
      vertex -39.1402701 -53.4582649 0.04
      vertex -39.1402701 -53.4582649 0
    endloop
  endfacet
  facet normal -0.0613207363 -0.998118113 -0
    outer loop
      vertex -38.7605619 -53.4815928 0.04
      vertex -39.1402701 -53.4582649 0
      vertex -38.7605619 -53.4815928 0
    endloop
  endfacet
  facet normal -0.0857973123 -0.996312612 0
    outer loop
      vertex -39.1402701 -53.4582649 0.04
      vertex -39.5192915 -53.4256256 0.04
      vertex -39.5192915 -53.4256256 0
    endloop
  endfacet
  facet normal -0.0857973123 -0.996312612 -0
    outer loop
      vertex -39.1402701 -53.4582649 0.04
      vertex -39.5192915 -53.4256256 0
      vertex -39.1402701 -53.4582649 0
    endloop
  endfacet
  facet normal -0.110222207 -0.99390697 0
    outer loop
      vertex -39.5192915 -53.4256256 0.04
      vertex -39.8973977 -53.3836944 0.04
      vertex -39.8973977 -53.3836944 0
    endloop
  endfacet
  facet normal -0.110222207 -0.99390697 -0
    outer loop
      vertex -39.5192915 -53.4256256 0.04
      vertex -39.8973977 -53.3836944 0
      vertex -39.5192915 -53.4256256 0
    endloop
  endfacet
  facet normal -0.134580709 -0.990902635 0
    outer loop
      vertex -39.8973977 -53.3836944 0.04
      vertex -40.274361 -53.3324966 0.04
      vertex -40.274361 -53.3324966 0
    endloop
  endfacet
  facet normal -0.134580709 -0.990902635 -0
    outer loop
      vertex -39.8973977 -53.3836944 0.04
      vertex -40.274361 -53.3324966 0
      vertex -39.8973977 -53.3836944 0
    endloop
  endfacet
  facet normal -0.158858143 -0.987301418 0
    outer loop
      vertex -40.274361 -53.3324966 0.04
      vertex -40.6499543 -53.2720631 0.04
      vertex -40.6499543 -53.2720631 0
    endloop
  endfacet
  facet normal -0.158858143 -0.987301418 -0
    outer loop
      vertex -40.274361 -53.3324966 0.04
      vertex -40.6499543 -53.2720631 0
      vertex -40.274361 -53.3324966 0
    endloop
  endfacet
  facet normal -0.183039888 -0.983105487 0
    outer loop
      vertex -40.6499543 -53.2720631 0.04
      vertex -41.0239514 -53.2024303 0.04
      vertex -41.0239514 -53.2024303 0
    endloop
  endfacet
  facet normal -0.183039888 -0.983105487 -0
    outer loop
      vertex -40.6499543 -53.2720631 0.04
      vertex -41.0239514 -53.2024303 0
      vertex -40.6499543 -53.2720631 0
    endloop
  endfacet
  facet normal -0.207111376 -0.978317371 0
    outer loop
      vertex -41.0239514 -53.2024303 0.04
      vertex -41.396127 -53.1236402 0.04
      vertex -41.396127 -53.1236402 0
    endloop
  endfacet
  facet normal -0.207111376 -0.978317371 -0
    outer loop
      vertex -41.0239514 -53.2024303 0.04
      vertex -41.396127 -53.1236402 0
      vertex -41.0239514 -53.2024303 0
    endloop
  endfacet
  facet normal -0.231058108 -0.972939952 0
    outer loop
      vertex -41.396127 -53.1236402 0.04
      vertex -41.7662568 -53.0357401 0.04
      vertex -41.7662568 -53.0357401 0
    endloop
  endfacet
  facet normal -0.231058108 -0.972939952 -0
    outer loop
      vertex -41.396127 -53.1236402 0.04
      vertex -41.7662568 -53.0357401 0
      vertex -41.396127 -53.1236402 0
    endloop
  endfacet
  facet normal -0.25486566 -0.966976471 0
    outer loop
      vertex -41.7662568 -53.0357401 0.04
      vertex -42.134118 -52.938783 0.04
      vertex -42.134118 -52.938783 0
    endloop
  endfacet
  facet normal -0.25486566 -0.966976471 -0
    outer loop
      vertex -41.7662568 -53.0357401 0.04
      vertex -42.134118 -52.938783 0
      vertex -41.7662568 -53.0357401 0
    endloop
  endfacet
  facet normal -0.278519689 -0.960430519 0
    outer loop
      vertex -42.134118 -52.938783 0.04
      vertex -42.499489 -52.8328274 0.04
      vertex -42.499489 -52.8328274 0
    endloop
  endfacet
  facet normal -0.278519689 -0.960430519 -0
    outer loop
      vertex -42.134118 -52.938783 0.04
      vertex -42.499489 -52.8328274 0
      vertex -42.134118 -52.938783 0
    endloop
  endfacet
  facet normal -0.302005949 -0.95330604 0
    outer loop
      vertex -42.499489 -52.8328274 0.04
      vertex -42.8621497 -52.7179371 0.04
      vertex -42.8621497 -52.7179371 0
    endloop
  endfacet
  facet normal -0.302005949 -0.95330604 -0
    outer loop
      vertex -42.499489 -52.8328274 0.04
      vertex -42.8621497 -52.7179371 0
      vertex -42.499489 -52.8328274 0
    endloop
  endfacet
  facet normal -0.325310292 -0.945607325 0
    outer loop
      vertex -42.8621497 -52.7179371 0.04
      vertex -43.2218815 -52.5941812 0.04
      vertex -43.2218815 -52.5941812 0
    endloop
  endfacet
  facet normal -0.325310292 -0.945607325 -0
    outer loop
      vertex -42.8621497 -52.7179371 0.04
      vertex -43.2218815 -52.5941812 0
      vertex -42.8621497 -52.7179371 0
    endloop
  endfacet
  facet normal -0.34841868 -0.937339012 0
    outer loop
      vertex -43.2218815 -52.5941812 0.04
      vertex -43.5784679 -52.4616343 0.04
      vertex -43.5784679 -52.4616343 0
    endloop
  endfacet
  facet normal -0.34841868 -0.937339012 -0
    outer loop
      vertex -43.2218815 -52.5941812 0.04
      vertex -43.5784679 -52.4616343 0
      vertex -43.2218815 -52.5941812 0
    endloop
  endfacet
  facet normal -0.371317194 -0.92850608 0
    outer loop
      vertex -43.5784679 -52.4616343 0.04
      vertex -43.9316941 -52.3203763 0.04
      vertex -43.9316941 -52.3203763 0
    endloop
  endfacet
  facet normal -0.371317194 -0.92850608 -0
    outer loop
      vertex -43.5784679 -52.4616343 0.04
      vertex -43.9316941 -52.3203763 0
      vertex -43.5784679 -52.4616343 0
    endloop
  endfacet
  facet normal -0.39399204 -0.919113852 0
    outer loop
      vertex -43.9316941 -52.3203763 0.04
      vertex -44.2813472 -52.1704922 0.04
      vertex -44.2813472 -52.1704922 0
    endloop
  endfacet
  facet normal -0.39399204 -0.919113852 -0
    outer loop
      vertex -43.9316941 -52.3203763 0.04
      vertex -44.2813472 -52.1704922 0
      vertex -43.9316941 -52.3203763 0
    endloop
  endfacet
  facet normal -0.41642956 -0.909167983 0
    outer loop
      vertex -44.2813472 -52.1704922 0.04
      vertex -44.6272166 -52.0120723 0.04
      vertex -44.6272166 -52.0120723 0
    endloop
  endfacet
  facet normal -0.41642956 -0.909167983 -0
    outer loop
      vertex -44.2813472 -52.1704922 0.04
      vertex -44.6272166 -52.0120723 0
      vertex -44.2813472 -52.1704922 0
    endloop
  endfacet
  facet normal -0.438616239 -0.898674466 0
    outer loop
      vertex -44.6272166 -52.0120723 0.04
      vertex -44.9690941 -51.8452121 0.04
      vertex -44.9690941 -51.8452121 0
    endloop
  endfacet
  facet normal -0.438616239 -0.898674466 -0
    outer loop
      vertex -44.6272166 -52.0120723 0.04
      vertex -44.9690941 -51.8452121 0
      vertex -44.6272166 -52.0120723 0
    endloop
  endfacet
  facet normal -0.460538711 -0.88763962 0
    outer loop
      vertex -44.9690941 -51.8452121 0.04
      vertex -45.3067737 -51.670012 0.04
      vertex -45.3067737 -51.670012 0
    endloop
  endfacet
  facet normal -0.460538711 -0.88763962 -0
    outer loop
      vertex -44.9690941 -51.8452121 0.04
      vertex -45.3067737 -51.670012 0
      vertex -44.9690941 -51.8452121 0
    endloop
  endfacet
  facet normal -0.482183772 -0.876070094 0
    outer loop
      vertex -45.3067737 -51.670012 0.04
      vertex -45.6400519 -51.4865777 0.04
      vertex -45.6400519 -51.4865777 0
    endloop
  endfacet
  facet normal -0.482183772 -0.876070094 -0
    outer loop
      vertex -45.3067737 -51.670012 0.04
      vertex -45.6400519 -51.4865777 0
      vertex -45.3067737 -51.670012 0
    endloop
  endfacet
  facet normal -0.503538384 -0.863972856 0
    outer loop
      vertex -45.6400519 -51.4865777 0.04
      vertex -45.968728 -51.2950195 0.04
      vertex -45.968728 -51.2950195 0
    endloop
  endfacet
  facet normal -0.503538384 -0.863972856 -0
    outer loop
      vertex -45.6400519 -51.4865777 0.04
      vertex -45.968728 -51.2950195 0
      vertex -45.6400519 -51.4865777 0
    endloop
  endfacet
  facet normal -0.524589683 -0.851355193 0
    outer loop
      vertex -45.968728 -51.2950195 0.04
      vertex -46.2926041 -51.0954529 0.04
      vertex -46.2926041 -51.0954529 0
    endloop
  endfacet
  facet normal -0.524589683 -0.851355193 -0
    outer loop
      vertex -45.968728 -51.2950195 0.04
      vertex -46.2926041 -51.0954529 0
      vertex -45.968728 -51.2950195 0
    endloop
  endfacet
  facet normal -0.545324988 -0.838224706 0
    outer loop
      vertex -46.2926041 -51.0954529 0.04
      vertex -46.611485 -50.8879981 0.04
      vertex -46.611485 -50.8879981 0
    endloop
  endfacet
  facet normal -0.545324988 -0.838224706 -0
    outer loop
      vertex -46.2926041 -51.0954529 0.04
      vertex -46.611485 -50.8879981 0
      vertex -46.2926041 -51.0954529 0
    endloop
  endfacet
  facet normal -0.565731811 -0.824589303 0
    outer loop
      vertex -46.611485 -50.8879981 0.04
      vertex -46.9251787 -50.6727801 0.04
      vertex -46.9251787 -50.6727801 0
    endloop
  endfacet
  facet normal -0.565731811 -0.824589303 -0
    outer loop
      vertex -46.611485 -50.8879981 0.04
      vertex -46.9251787 -50.6727801 0
      vertex -46.611485 -50.8879981 0
    endloop
  endfacet
  facet normal -0.585797857 -0.810457198 0
    outer loop
      vertex -46.9251787 -50.6727801 0.04
      vertex -47.2334962 -50.4499284 0.04
      vertex -47.2334962 -50.4499284 0
    endloop
  endfacet
  facet normal -0.585797857 -0.810457198 -0
    outer loop
      vertex -46.9251787 -50.6727801 0.04
      vertex -47.2334962 -50.4499284 0
      vertex -46.9251787 -50.6727801 0
    endloop
  endfacet
  facet normal -0.605511041 -0.795836905 0
    outer loop
      vertex -47.2334962 -50.4499284 0.04
      vertex -47.5362518 -50.2195774 0.04
      vertex -47.5362518 -50.2195774 0
    endloop
  endfacet
  facet normal -0.605511041 -0.795836905 -0
    outer loop
      vertex -47.2334962 -50.4499284 0.04
      vertex -47.5362518 -50.2195774 0
      vertex -47.2334962 -50.4499284 0
    endloop
  endfacet
  facet normal -0.624859488 -0.780737229 0
    outer loop
      vertex -47.5362518 -50.2195774 0.04
      vertex -47.8332631 -49.9818658 0.04
      vertex -47.8332631 -49.9818658 0
    endloop
  endfacet
  facet normal -0.624859488 -0.780737229 -0
    outer loop
      vertex -47.5362518 -50.2195774 0.04
      vertex -47.8332631 -49.9818658 0
      vertex -47.5362518 -50.2195774 0
    endloop
  endfacet
  facet normal -0.643831543 -0.765167266 0
    outer loop
      vertex -47.8332631 -49.9818658 0.04
      vertex -48.1243512 -49.7369367 0.04
      vertex -48.1243512 -49.7369367 0
    endloop
  endfacet
  facet normal -0.643831543 -0.765167266 -0
    outer loop
      vertex -47.8332631 -49.9818658 0.04
      vertex -48.1243512 -49.7369367 0
      vertex -47.8332631 -49.9818658 0
    endloop
  endfacet
  facet normal -0.662415778 -0.749136395 0
    outer loop
      vertex -48.1243512 -49.7369367 0.04
      vertex -48.4093408 -49.4849377 0.04
      vertex -48.4093408 -49.4849377 0
    endloop
  endfacet
  facet normal -0.662415778 -0.749136395 -0
    outer loop
      vertex -48.1243512 -49.7369367 0.04
      vertex -48.4093408 -49.4849377 0
      vertex -48.1243512 -49.7369367 0
    endloop
  endfacet
  facet normal -0.680600998 -0.732654272 0
    outer loop
      vertex -48.4093408 -49.4849377 0.04
      vertex -48.6880602 -49.2260207 0.04
      vertex -48.6880602 -49.2260207 0
    endloop
  endfacet
  facet normal -0.680600998 -0.732654272 -0
    outer loop
      vertex -48.4093408 -49.4849377 0.04
      vertex -48.6880602 -49.2260207 0
      vertex -48.4093408 -49.4849377 0
    endloop
  endfacet
  facet normal -0.698376249 -0.715730825 0
    outer loop
      vertex -48.6880602 -49.2260207 0.04
      vertex -48.9603415 -48.9603415 0.04
      vertex -48.9603415 -48.9603415 0
    endloop
  endfacet
  facet normal -0.698376249 -0.715730825 -0
    outer loop
      vertex -48.6880602 -49.2260207 0.04
      vertex -48.9603415 -48.9603415 0
      vertex -48.6880602 -49.2260207 0
    endloop
  endfacet
  facet normal -0.715730825 -0.698376249 0
    outer loop
      vertex -48.9603415 -48.9603415 0.04
      vertex -49.2260207 -48.6880602 0.04
      vertex -49.2260207 -48.6880602 0
    endloop
  endfacet
  facet normal -0.715730825 -0.698376249 -0
    outer loop
      vertex -48.9603415 -48.9603415 0.04
      vertex -49.2260207 -48.6880602 0
      vertex -48.9603415 -48.9603415 0
    endloop
  endfacet
  facet normal -0.732654272 -0.680600998 0
    outer loop
      vertex -49.2260207 -48.6880602 0.04
      vertex -49.4849377 -48.4093408 0.04
      vertex -49.4849377 -48.4093408 0
    endloop
  endfacet
  facet normal -0.732654272 -0.680600998 -0
    outer loop
      vertex -49.2260207 -48.6880602 0.04
      vertex -49.4849377 -48.4093408 0
      vertex -49.2260207 -48.6880602 0
    endloop
  endfacet
  facet normal -0.749136395 -0.662415778 0
    outer loop
      vertex -49.4849377 -48.4093408 0.04
      vertex -49.7369367 -48.1243512 0.04
      vertex -49.7369367 -48.1243512 0
    endloop
  endfacet
  facet normal -0.749136395 -0.662415778 -0
    outer loop
      vertex -49.4849377 -48.4093408 0.04
      vertex -49.7369367 -48.1243512 0
      vertex -49.4849377 -48.4093408 0
    endloop
  endfacet
  facet normal -0.765167266 -0.643831543 0
    outer loop
      vertex -49.7369367 -48.1243512 0.04
      vertex -49.9818658 -47.8332631 0.04
      vertex -49.9818658 -47.8332631 0
    endloop
  endfacet
  facet normal -0.765167266 -0.643831543 -0
    outer loop
      vertex -49.7369367 -48.1243512 0.04
      vertex -49.9818658 -47.8332631 0
      vertex -49.7369367 -48.1243512 0
    endloop
  endfacet
  facet normal -0.780737229 -0.624859488 0
    outer loop
      vertex -49.9818658 -47.8332631 0.04
      vertex -50.2195774 -47.5362518 0.04
      vertex -50.2195774 -47.5362518 0
    endloop
  endfacet
  facet normal -0.780737229 -0.624859488 -0
    outer loop
      vertex -49.9818658 -47.8332631 0.04
      vertex -50.2195774 -47.5362518 0
      vertex -49.9818658 -47.8332631 0
    endloop
  endfacet
  facet normal -0.795836905 -0.605511041 0
    outer loop
      vertex -50.2195774 -47.5362518 0.04
      vertex -50.4499284 -47.2334962 0.04
      vertex -50.4499284 -47.2334962 0
    endloop
  endfacet
  facet normal -0.795836905 -0.605511041 -0
    outer loop
      vertex -50.2195774 -47.5362518 0.04
      vertex -50.4499284 -47.2334962 0
      vertex -50.2195774 -47.5362518 0
    endloop
  endfacet
  facet normal -0.810457198 -0.585797857 0
    outer loop
      vertex -50.4499284 -47.2334962 0.04
      vertex -50.6727801 -46.9251787 0.04
      vertex -50.6727801 -46.9251787 0
    endloop
  endfacet
  facet normal -0.810457198 -0.585797857 -0
    outer loop
      vertex -50.4499284 -47.2334962 0.04
      vertex -50.6727801 -46.9251787 0
      vertex -50.4499284 -47.2334962 0
    endloop
  endfacet
  facet normal -0.824589303 -0.565731811 0
    outer loop
      vertex -50.6727801 -46.9251787 0.04
      vertex -50.8879981 -46.611485 0.04
      vertex -50.8879981 -46.611485 0
    endloop
  endfacet
  facet normal -0.824589303 -0.565731811 -0
    outer loop
      vertex -50.6727801 -46.9251787 0.04
      vertex -50.8879981 -46.611485 0
      vertex -50.6727801 -46.9251787 0
    endloop
  endfacet
  facet normal -0.838224706 -0.545324988 0
    outer loop
      vertex -50.8879981 -46.611485 0.04
      vertex -51.0954529 -46.2926041 0.04
      vertex -51.0954529 -46.2926041 0
    endloop
  endfacet
  facet normal -0.838224706 -0.545324988 -0
    outer loop
      vertex -50.8879981 -46.611485 0.04
      vertex -51.0954529 -46.2926041 0
      vertex -50.8879981 -46.611485 0
    endloop
  endfacet
  facet normal -0.851355193 -0.524589683 0
    outer loop
      vertex -51.0954529 -46.2926041 0.04
      vertex -51.2950195 -45.968728 0.04
      vertex -51.2950195 -45.968728 0
    endloop
  endfacet
  facet normal -0.851355193 -0.524589683 -0
    outer loop
      vertex -51.0954529 -46.2926041 0.04
      vertex -51.2950195 -45.968728 0
      vertex -51.0954529 -46.2926041 0
    endloop
  endfacet
  facet normal -0.863972856 -0.503538384 0
    outer loop
      vertex -51.2950195 -45.968728 0.04
      vertex -51.4865777 -45.6400519 0.04
      vertex -51.4865777 -45.6400519 0
    endloop
  endfacet
  facet normal -0.863972856 -0.503538384 -0
    outer loop
      vertex -51.2950195 -45.968728 0.04
      vertex -51.4865777 -45.6400519 0
      vertex -51.2950195 -45.968728 0
    endloop
  endfacet
  facet normal -0.876070094 -0.482183772 0
    outer loop
      vertex -51.4865777 -45.6400519 0.04
      vertex -51.670012 -45.3067737 0.04
      vertex -51.670012 -45.3067737 0
    endloop
  endfacet
  facet normal -0.876070094 -0.482183772 -0
    outer loop
      vertex -51.4865777 -45.6400519 0.04
      vertex -51.670012 -45.3067737 0
      vertex -51.4865777 -45.6400519 0
    endloop
  endfacet
  facet normal -0.88763962 -0.460538711 0
    outer loop
      vertex -51.670012 -45.3067737 0.04
      vertex -51.8452121 -44.9690941 0.04
      vertex -51.8452121 -44.9690941 0
    endloop
  endfacet
  facet normal -0.88763962 -0.460538711 -0
    outer loop
      vertex -51.670012 -45.3067737 0.04
      vertex -51.8452121 -44.9690941 0
      vertex -51.670012 -45.3067737 0
    endloop
  endfacet
  facet normal -0.898674466 -0.438616239 0
    outer loop
      vertex -51.8452121 -44.9690941 0.04
      vertex -52.0120723 -44.6272166 0.04
      vertex -52.0120723 -44.6272166 0
    endloop
  endfacet
  facet normal -0.898674466 -0.438616239 -0
    outer loop
      vertex -51.8452121 -44.9690941 0.04
      vertex -52.0120723 -44.6272166 0
      vertex -51.8452121 -44.9690941 0
    endloop
  endfacet
  facet normal -0.909167983 -0.41642956 0
    outer loop
      vertex -52.0120723 -44.6272166 0.04
      vertex -52.1704922 -44.2813472 0.04
      vertex -52.1704922 -44.2813472 0
    endloop
  endfacet
  facet normal -0.909167983 -0.41642956 -0
    outer loop
      vertex -52.0120723 -44.6272166 0.04
      vertex -52.1704922 -44.2813472 0
      vertex -52.0120723 -44.6272166 0
    endloop
  endfacet
  facet normal -0.919113852 -0.39399204 0
    outer loop
      vertex -52.1704922 -44.2813472 0.04
      vertex -52.3203763 -43.9316941 0.04
      vertex -52.3203763 -43.9316941 0
    endloop
  endfacet
  facet normal -0.919113852 -0.39399204 -0
    outer loop
      vertex -52.1704922 -44.2813472 0.04
      vertex -52.3203763 -43.9316941 0
      vertex -52.1704922 -44.2813472 0
    endloop
  endfacet
  facet normal -0.92850608 -0.371317194 0
    outer loop
      vertex -52.3203763 -43.9316941 0.04
      vertex -52.4616343 -43.5784679 0.04
      vertex -52.4616343 -43.5784679 0
    endloop
  endfacet
  facet normal -0.92850608 -0.371317194 -0
    outer loop
      vertex -52.3203763 -43.9316941 0.04
      vertex -52.4616343 -43.5784679 0
      vertex -52.3203763 -43.9316941 0
    endloop
  endfacet
  facet normal -0.937339012 -0.34841868 0
    outer loop
      vertex -52.4616343 -43.5784679 0.04
      vertex -52.5941812 -43.2218815 0.04
      vertex -52.5941812 -43.2218815 0
    endloop
  endfacet
  facet normal -0.937339012 -0.34841868 -0
    outer loop
      vertex -52.4616343 -43.5784679 0.04
      vertex -52.5941812 -43.2218815 0
      vertex -52.4616343 -43.5784679 0
    endloop
  endfacet
  facet normal -0.945607325 -0.325310292 0
    outer loop
      vertex -52.5941812 -43.2218815 0.04
      vertex -52.7179371 -42.8621497 0.04
      vertex -52.7179371 -42.8621497 0
    endloop
  endfacet
  facet normal -0.945607325 -0.325310292 -0
    outer loop
      vertex -52.5941812 -43.2218815 0.04
      vertex -52.7179371 -42.8621497 0
      vertex -52.5941812 -43.2218815 0
    endloop
  endfacet
  facet normal -0.95330604 -0.302005949 0
    outer loop
      vertex -52.7179371 -42.8621497 0.04
      vertex -52.8328274 -42.499489 0.04
      vertex -52.8328274 -42.499489 0
    endloop
  endfacet
  facet normal -0.95330604 -0.302005949 -0
    outer loop
      vertex -52.7179371 -42.8621497 0.04
      vertex -52.8328274 -42.499489 0
      vertex -52.7179371 -42.8621497 0
    endloop
  endfacet
  facet normal -0.960430519 -0.278519689 0
    outer loop
      vertex -52.8328274 -42.499489 0.04
      vertex -52.938783 -42.134118 0.04
      vertex -52.938783 -42.134118 0
    endloop
  endfacet
  facet normal -0.960430519 -0.278519689 -0
    outer loop
      vertex -52.8328274 -42.499489 0.04
      vertex -52.938783 -42.134118 0
      vertex -52.8328274 -42.499489 0
    endloop
  endfacet
  facet normal -0.966976471 -0.25486566 0
    outer loop
      vertex -52.938783 -42.134118 0.04
      vertex -53.0357401 -41.7662568 0.04
      vertex -53.0357401 -41.7662568 0
    endloop
  endfacet
  facet normal -0.966976471 -0.25486566 -0
    outer loop
      vertex -52.938783 -42.134118 0.04
      vertex -53.0357401 -41.7662568 0
      vertex -52.938783 -42.134118 0
    endloop
  endfacet
  facet normal -0.972939952 -0.231058108 0
    outer loop
      vertex -53.0357401 -41.7662568 0.04
      vertex -53.1236402 -41.396127 0.04
      vertex -53.1236402 -41.396127 0
    endloop
  endfacet
  facet normal -0.972939952 -0.231058108 -0
    outer loop
      vertex -53.0357401 -41.7662568 0.04
      vertex -53.1236402 -41.396127 0
      vertex -53.0357401 -41.7662568 0
    endloop
  endfacet
  facet normal -0.978317371 -0.207111376 0
    outer loop
      vertex -53.1236402 -41.396127 0.04
      vertex -53.2024303 -41.0239514 0.04
      vertex -53.2024303 -41.0239514 0
    endloop
  endfacet
  facet normal -0.978317371 -0.207111376 -0
    outer loop
      vertex -53.1236402 -41.396127 0.04
      vertex -53.2024303 -41.0239514 0
      vertex -53.1236402 -41.396127 0
    endloop
  endfacet
  facet normal -0.983105487 -0.183039888 0
    outer loop
      vertex -53.2024303 -41.0239514 0.04
      vertex -53.2720631 -40.6499543 0.04
      vertex -53.2720631 -40.6499543 0
    endloop
  endfacet
  facet normal -0.983105487 -0.183039888 -0
    outer loop
      vertex -53.2024303 -41.0239514 0.04
      vertex -53.2720631 -40.6499543 0
      vertex -53.2024303 -41.0239514 0
    endloop
  endfacet
  facet normal -0.987301418 -0.158858143 0
    outer loop
      vertex -53.2720631 -40.6499543 0.04
      vertex -53.3324966 -40.274361 0.04
      vertex -53.3324966 -40.274361 0
    endloop
  endfacet
  facet normal -0.987301418 -0.158858143 -0
    outer loop
      vertex -53.2720631 -40.6499543 0.04
      vertex -53.3324966 -40.274361 0
      vertex -53.2720631 -40.6499543 0
    endloop
  endfacet
  facet normal -0.990902635 -0.134580709 0
    outer loop
      vertex -53.3324966 -40.274361 0.04
      vertex -53.3836944 -39.8973977 0.04
      vertex -53.3836944 -39.8973977 0
    endloop
  endfacet
  facet normal -0.990902635 -0.134580709 -0
    outer loop
      vertex -53.3324966 -40.274361 0.04
      vertex -53.3836944 -39.8973977 0
      vertex -53.3324966 -40.274361 0
    endloop
  endfacet
  facet normal -0.99390697 -0.110222207 0
    outer loop
      vertex -53.3836944 -39.8973977 0.04
      vertex -53.4256256 -39.5192915 0.04
      vertex -53.4256256 -39.5192915 0
    endloop
  endfacet
  facet normal -0.99390697 -0.110222207 -0
    outer loop
      vertex -53.3836944 -39.8973977 0.04
      vertex -53.4256256 -39.5192915 0
      vertex -53.3836944 -39.8973977 0
    endloop
  endfacet
  facet normal -0.996312612 -0.0857973123 0
    outer loop
      vertex -53.4256256 -39.5192915 0.04
      vertex -53.4582649 -39.1402701 0.04
      vertex -53.4582649 -39.1402701 0
    endloop
  endfacet
  facet normal -0.996312612 -0.0857973123 -0
    outer loop
      vertex -53.4256256 -39.5192915 0.04
      vertex -53.4582649 -39.1402701 0
      vertex -53.4256256 -39.5192915 0
    endloop
  endfacet
  facet normal -0.998118113 -0.0613207363 0
    outer loop
      vertex -53.4582649 -39.1402701 0.04
      vertex -53.4815928 -38.7605619 0.04
      vertex -53.4815928 -38.7605619 0
    endloop
  endfacet
  facet normal -0.998118113 -0.0613207363 -0
    outer loop
      vertex -53.4582649 -39.1402701 0.04
      vertex -53.4815928 -38.7605619 0
      vertex -53.4582649 -39.1402701 0
    endloop
  endfacet
  facet normal -0.999322385 -0.0368072229 0
    outer loop
      vertex -53.4815928 -38.7605619 0.04
      vertex -53.4955952 -38.3803955 0.04
      vertex -53.4955952 -38.3803955 0
    endloop
  endfacet
  facet normal -0.999322385 -0.0368072229 -0
    outer loop
      vertex -53.4815928 -38.7605619 0.04
      vertex -53.4955952 -38.3803955 0
      vertex -53.4815928 -38.7605619 0
    endloop
  endfacet
  facet normal -0.999924702 -0.0122715383 0
    outer loop
      vertex -53.4955952 -38.3803955 0.04
      vertex -53.5 -38.021476 0.04
      vertex -53.5 -38.021476 0
    endloop
  endfacet
  facet normal -0.999924702 -0.0122715383 -0
    outer loop
      vertex -53.4955952 -38.3803955 0.04
      vertex -53.5 -38.021476 0
      vertex -53.4955952 -38.3803955 0
    endloop
  endfacet
  facet normal -1 0 0
    outer loop
      vertex -53.5 -38.021476 0.04
      vertex -53.5 38.021476 0.04
      vertex -53.5 38.021476 0
    endloop
  endfacet
  facet normal -1 0 0
    outer loop
      vertex -53.5 -38.021476 0.04
      vertex -53.5 38.021476 0
      vertex -53.5 -38.021476 0
    endloop
  endfacet
  facet normal -0.999924702 0.0122715383 0
    outer loop
      vertex -53.5 38.021476 0.04
      vertex -53.4955952 38.3803955 0.04
      vertex -53.4955952 38.3803955 0
    endloop
  endfacet
  facet normal -0.999924702 0.0122715383 0
    outer loop
      vertex -53.5 38.021476 0.04
      vertex -53.4955952 38.3803955 0
      vertex -53.5 38.021476 0
    endloop
  endfacet
  facet normal -0.999322385 0.0368072229 0
    outer loop
      vertex -53.4955952 38.3803955 0.04
      vertex -53.4815928 38.7605619 0.04
      vertex -53.4815928 38.7605619 0
    endloop
  endfacet
  facet normal -0.999322385 0.0368072229 0
    outer loop
      vertex -53.4955952 38.3803955 0.04
      vertex -53.4815928 38.7605619 0
      vertex -53.4955952 38.3803955 0
    endloop
  endfacet
  facet normal -0.998118113 0.0613207363 0
    outer loop
      vertex -53.4815928 38.7605619 0.04
      vertex -53.4582649 39.1402701 0.04
      vertex -53.4582649 39.1402701 0
    endloop
  endfacet
  facet normal -0.998118113 0.0613207363 0
    outer loop
      vertex -53.4815928 38.7605619 0.04
      vertex -53.4582649 39.1402701 0
      vertex -53.4815928 38.7605619 0
    endloop
  endfacet
  facet normal -0.996312612 0.0857973123 0
    outer loop
      vertex -53.4582649 39.1402701 0.04
      vertex -53.4256256 39.5192915 0.04
      vertex -53.4256256 39.5192915 0
    endloop
  endfacet
  facet normal -0.996312612 0.0857973123 0
    outer loop
      vertex -53.4582649 39.1402701 0.04
      vertex -53.4256256 39.5192915 0
      vertex -53.4582649 39.1402701 0
    endloop
  endfacet
  facet normal -0.99390697 0.110222207 0
    outer loop
      vertex -53.4256256 39.5192915 0.04
      vertex -53.3836944 39.8973977 0.04
      vertex -53.3836944 39.8973977 0
    endloop
  endfacet
  facet normal -0.99390697 0.110222207 0
    outer loop
      vertex -53.4256256 39.5192915 0.04
      vertex -53.3836944 39.8973977 0
      vertex -53.4256256 39.5192915 0
    endloop
  endfacet
  facet normal -0.990902635 0.134580709 0
    outer loop
      vertex -53.3836944 39.8973977 0.04
      vertex -53.3324966 40.274361 0.04
      vertex -53.3324966 40.274361 0
    endloop
  endfacet
  facet normal -0.990902635 0.134580709 0
    outer loop
      vertex -53.3836944 39.8973977 0.04
      vertex -53.3324966 40.274361 0
      vertex -53.3836944 39.8973977 0
    endloop
  endfacet
  facet normal -0.987301418 0.158858143 0
    outer loop
      vertex -53.3324966 40.274361 0.04
      vertex -53.2720631 40.6499543 0.04
      vertex -53.2720631 40.6499543 0
    endloop
  endfacet
  facet normal -0.987301418 0.158858143 0
    outer loop
      vertex -53.3324966 40.274361 0.04
      vertex -53.2720631 40.6499543 0
      vertex -53.3324966 40.274361 0
    endloop
  endfacet
  facet normal -0.983105487 0.183039888 0
    outer loop
      vertex -53.2720631 40.6499543 0.04
      vertex -53.2024303 41.0239514 0.04
      vertex -53.2024303 41.0239514 0
    endloop
  endfacet
  facet normal -0.983105487 0.183039888 0
    outer loop
      vertex -53.2720631 40.6499543 0.04
      vertex -53.2024303 41.0239514 0
      vertex -53.2720631 40.6499543 0
    endloop
  endfacet
  facet normal -0.978317371 0.207111376 0
    outer loop
      vertex -53.2024303 41.0239514 0.04
      vertex -53.1236402 41.396127 0.04
      vertex -53.1236402 41.396127 0
    endloop
  endfacet
  facet normal -0.978317371 0.207111376 0
    outer loop
      vertex -53.2024303 41.0239514 0.04
      vertex -53.1236402 41.396127 0
      vertex -53.2024303 41.0239514 0
    endloop
  endfacet
  facet normal -0.972939952 0.231058108 0
    outer loop
      vertex -53.1236402 41.396127 0.04
      vertex -53.0357401 41.7662568 0.04
      vertex -53.0357401 41.7662568 0
    endloop
  endfacet
  facet normal -0.972939952 0.231058108 0
    outer loop
      vertex -53.1236402 41.396127 0.04
      vertex -53.0357401 41.7662568 0
      vertex -53.1236402 41.396127 0
    endloop
  endfacet
  facet normal -0.966976471 0.25486566 0
    outer loop
      vertex -53.0357401 41.7662568 0.04
      vertex -52.938783 42.134118 0.04
      vertex -52.938783 42.134118 0
    endloop
  endfacet
  facet normal -0.966976471 0.25486566 0
    outer loop
      vertex -53.0357401 41.7662568 0.04
      vertex -52.938783 42.134118 0
      vertex -53.0357401 41.7662568 0
    endloop
  endfacet
  facet normal -0.960430519 0.278519689 0
    outer loop
      vertex -52.938783 42.134118 0.04
      vertex -52.8328274 42.499489 0.04
      vertex -52.8328274 42.499489 0
    endloop
  endfacet
  facet normal -0.960430519 0.278519689 0
    outer loop
      vertex -52.938783 42.134118 0.04
      vertex -52.8328274 42.499489 0
      vertex -52.938783 42.134118 0
    endloop
  endfacet
  facet normal -0.95330604 0.302005949 0
    outer loop
      vertex -52.8328274 42.499489 0.04
      vertex -52.7179371 42.8621497 0.04
      vertex -52.7179371 42.8621497 0
    endloop
  endfacet
  facet normal -0.95330604 0.302005949 0
    outer loop
      vertex -52.8328274 42.499489 0.04
      vertex -52.7179371 42.8621497 0
      vertex -52.8328274 42.499489 0
    endloop
  endfacet
  facet normal -0.945607325 0.325310292 0
    outer loop
      vertex -52.7179371 42.8621497 0.04
      vertex -52.5941812 43.2218815 0.04
      vertex -52.5941812 43.2218815 0
    endloop
  endfacet
  facet normal -0.945607325 0.325310292 0
    outer loop
      vertex -52.7179371 42.8621497 0.04
      vertex -52.5941812 43.2218815 0
      vertex -52.7179371 42.8621497 0
    endloop
  endfacet
  facet normal -0.937339012 0.34841868 0
    outer loop
      vertex -52.5941812 43.2218815 0.04
      vertex -52.4616343 43.5784679 0.04
      vertex -52.4616343 43.5784679 0
    endloop
  endfacet
  facet normal -0.937339012 0.34841868 0
    outer loop
      vertex -52.5941812 43.2218815 0.04
      vertex -52.4616343 43.5784679 0
      vertex -52.5941812 43.2218815 0
    endloop
  endfacet
  facet normal -0.92850608 0.371317194 0
    outer loop
      vertex -52.4616343 43.5784679 0.04
      vertex -52.3203763 43.9316941 0.04
      vertex -52.3203763 43.9316941 0
    endloop
  endfacet
  facet normal -0.92850608 0.371317194 0
    outer loop
      vertex -52.4616343 43.5784679 0.04
      vertex -52.3203763 43.9316941 0
      vertex -52.4616343 43.5784679 0
    endloop
  endfacet
  facet normal -0.919113852 0.39399204 0
    outer loop
      vertex -52.3203763 43.9316941 0.04
      vertex -52.1704922 44.2813472 0.04
      vertex -52.1704922 44.2813472 0
    endloop
  endfacet
  facet normal -0.919113852 0.39399204 0
    outer loop
      vertex -52.3203763 43.9316941 0.04
      vertex -52.1704922 44.2813472 0
      vertex -52.3203763 43.9316941 0
    endloop
  endfacet
  facet normal -0.909167983 0.41642956 0
    outer loop
      vertex -52.1704922 44.2813472 0.04
      vertex -52.0120723 44.6272166 0.04
      vertex -52.0120723 44.6272166 0
    endloop
  endfacet
  facet normal -0.909167983 0.41642956 0
    outer loop
      vertex -52.1704922 44.2813472 0.04
      vertex -52.0120723 44.6272166 0
      vertex -52.1704922 44.2813472 0
    endloop
  endfacet
  facet normal -0.898674466 0.438616239 0
    outer loop
      vertex -52.0120723 44.6272166 0.04
      vertex -51.8452121 44.9690941 0.04
      vertex -51.8452121 44.9690941 0
    endloop
  endfacet
  facet normal -0.898674466 0.438616239 0
    outer loop
      vertex -52.0120723 44.6272166 0.04
      vertex -51.8452121 44.9690941 0
      vertex -52.0120723 44.6272166 0
    endloop
  endfacet
  facet normal -0.88763962 0.460538711 0
    outer loop
      vertex -51.8452121 44.9690941 0.04
      vertex -51.670012 45.3067737 0.04
      vertex -51.670012 45.3067737 0
    endloop
  endfacet
  facet normal -0.88763962 0.460538711 0
    outer loop
      vertex -51.8452121 44.9690941 0.04
      vertex -51.670012 45.3067737 0
      vertex -51.8452121 44.9690941 0
    endloop
  endfacet
  facet normal -0.876070094 0.482183772 0
    outer loop
      vertex -51.670012 45.3067737 0.04
      vertex -51.4865777 45.6400519 0.04
      vertex -51.4865777 45.6400519 0
    endloop
  endfacet
  facet normal -0.876070094 0.482183772 0
    outer loop
      vertex -51.670012 45.3067737 0.04
      vertex -51.4865777 45.6400519 0
      vertex -51.670012 45.3067737 0
    endloop
  endfacet
  facet normal -0.863972856 0.503538384 0
    outer loop
      vertex -51.4865777 45.6400519 0.04
      vertex -51.2950195 45.968728 0.04
      vertex -51.2950195 45.968728 0
    endloop
  endfacet
  facet normal -0.863972856 0.503538384 0
    outer loop
      vertex -51.4865777 45.6400519 0.04
      vertex -51.2950195 45.968728 0
      vertex -51.4865777 45.6400519 0
    endloop
  endfacet
  facet normal -0.851355193 0.524589683 0
    outer loop
      vertex -51.2950195 45.968728 0.04
      vertex -51.0954529 46.2926041 0.04
      vertex -51.0954529 46.2926041 0
    endloop
  endfacet
  facet normal -0.851355193 0.524589683 0
    outer loop
      vertex -51.2950195 45.968728 0.04
      vertex -51.0954529 46.2926041 0
      vertex -51.2950195 45.968728 0
    endloop
  endfacet
  facet normal -0.838224706 0.545324988 0
    outer loop
      vertex -51.0954529 46.2926041 0.04
      vertex -50.8879981 46.611485 0.04
      vertex -50.8879981 46.611485 0
    endloop
  endfacet
  facet normal -0.838224706 0.545324988 0
    outer loop
      vertex -51.0954529 46.2926041 0.04
      vertex -50.8879981 46.611485 0
      vertex -51.0954529 46.2926041 0
    endloop
  endfacet
  facet normal -0.824589303 0.565731811 0
    outer loop
      vertex -50.8879981 46.611485 0.04
      vertex -50.6727801 46.9251787 0.04
      vertex -50.6727801 46.9251787 0
    endloop
  endfacet
  facet normal -0.824589303 0.565731811 0
    outer loop
      vertex -50.8879981 46.611485 0.04
      vertex -50.6727801 46.9251787 0
      vertex -50.8879981 46.611485 0
    endloop
  endfacet
  facet normal -0.810457198 0.585797857 0
    outer loop
      vertex -50.6727801 46.9251787 0.04
      vertex -50.4499284 47.2334962 0.04
      vertex -50.4499284 47.2334962 0
    endloop
  endfacet
  facet normal -0.810457198 0.585797857 0
    outer loop
      vertex -50.6727801 46.9251787 0.04
      vertex -50.4499284 47.2334962 0
      vertex -50.6727801 46.9251787 0
    endloop
  endfacet
  facet normal -0.795836905 0.605511041 0
    outer loop
      vertex -50.4499284 47.2334962 0.04
      vertex -50.2195774 47.5362518 0.04
      vertex -50.2195774 47.5362518 0
    endloop
  endfacet
  facet normal -0.795836905 0.605511041 0
    outer loop
      vertex -50.4499284 47.2334962 0.04
      vertex -50.2195774 47.5362518 0
      vertex -50.4499284 47.2334962 0
    endloop
  endfacet
  facet normal -0.780737229 0.624859488 0
    outer loop
      vertex -50.2195774 47.5362518 0.04
      vertex -49.9818658 47.8332631 0.04
      vertex -49.9818658 47.8332631 0
    endloop
  endfacet
  facet normal -0.780737229 0.624859488 0
    outer loop
      vertex -50.2195774 47.5362518 0.04
      vertex -49.9818658 47.8332631 0
      vertex -50.2195774 47.5362518 0
    endloop
  endfacet
  facet normal -0.765167266 0.643831543 0
    outer loop
      vertex -49.9818658 47.8332631 0.04
      vertex -49.7369367 48.1243512 0.04
      vertex -49.7369367 48.1243512 0
    endloop
  endfacet
  facet normal -0.765167266 0.643831543 0
    outer loop
      vertex -49.9818658 47.8332631 0.04
      vertex -49.7369367 48.1243512 0
      vertex -49.9818658 47.8332631 0
    endloop
  endfacet
  facet normal -0.749136395 0.662415778 0
    outer loop
      vertex -49.7369367 48.1243512 0.04
      vertex -49.4849377 48.4093408 0.04
      vertex -49.4849377 48.4093408 0
    endloop
  endfacet
  facet normal -0.749136395 0.662415778 0
    outer loop
      vertex -49.7369367 48.1243512 0.04
      vertex -49.4849377 48.4093408 0
      vertex -49.7369367 48.1243512 0
    endloop
  endfacet
  facet normal -0.732654272 0.680600998 0
    outer loop
      vertex -49.4849377 48.4093408 0.04
      vertex -49.2260207 48.6880602 0.04
      vertex -49.2260207 48.6880602 0
    endloop
  endfacet
  facet normal -0.732654272 0.680600998 0
    outer loop
      vertex -49.4849377 48.4093408 0.04
      vertex -49.2260207 48.6880602 0
      vertex -49.4849377 48.4093408 0
    endloop
  endfacet
  facet normal -0.715730825 0.698376249 0
    outer loop
      vertex -49.2260207 48.6880602 0.04
      vertex -48.9603415 48.9603415 0.04
      vertex -48.9603415 48.9603415 0
    endloop
  endfacet
  facet normal -0.715730825 0.698376249 0
    outer loop
      vertex -49.2260207 48.6880602 0.04
      vertex -48.9603415 48.9603415 0
      vertex -49.2260207 48.6880602 0
    endloop
  endfacet
  facet normal -0.698376249 0.715730825 0
    outer loop
      vertex -48.9603415 48.9603415 0.04
      vertex -48.6880602 49.2260207 0.04
      vertex -48.6880602 49.2260207 0
    endloop
  endfacet
  facet normal -0.698376249 0.715730825 0
    outer loop
      vertex -48.9603415 48.9603415 0.04
      vertex -48.6880602 49.2260207 0
      vertex -48.9603415 48.9603415 0
    endloop
  endfacet
  facet normal -0.680600998 0.732654272 0
    outer loop
      vertex -48.6880602 49.2260207 0.04
      vertex -48.4093408 49.4849377 0.04
      vertex -48.4093408 49.4849377 0
    endloop
  endfacet
  facet normal -0.680600998 0.732654272 0
    outer loop
      vertex -48.6880602 49.2260207 0.04
      vertex -48.4093408 49.4849377 0
      vertex -48.6880602 49.2260207 0
    endloop
  endfacet
  facet normal -0.662415778 0.749136395 0
    outer loop
      vertex -48.4093408 49.4849377 0.04
      vertex -48.1243512 49.7369367 0.04
      vertex -48.1243512 49.7369367 0
    endloop
  endfacet
  facet normal -0.662415778 0.749136395 0
    outer loop
      vertex -48.4093408 49.4849377 0.04
      vertex -48.1243512 49.7369367 0
      vertex -48.4093408 49.4849377 0
    endloop
  endfacet
  facet normal -0.643831543 0.765167266 0
    outer loop
      vertex -48.1243512 49.7369367 0.04
      vertex -47.8332631 49.9818658 0.04
      vertex -47.8332631 49.9818658 0
    endloop
  endfacet
  facet normal -0.643831543 0.765167266 0
    outer loop
      vertex -48.1243512 49.7369367 0.04
      vertex -47.8332631 49.9818658 0
      vertex -48.1243512 49.7369367 0
    endloop
  endfacet
  facet normal -0.624859488 0.780737229 0
    outer loop
      vertex -47.8332631 49.9818658 0.04
      vertex -47.5362518 50.2195774 0.04
      vertex -47.5362518 50.2195774 0
    endloop
  endfacet
  facet normal -0.624859488 0.780737229 0
    outer loop
      vertex -47.8332631 49.9818658 0.04
      vertex -47.5362518 50.2195774 0
      vertex -47.8332631 49.9818658 0
    endloop
  endfacet
  facet normal -0.605511041 0.795836905 0
    outer loop
      vertex -47.5362518 50.2195774 0.04
      vertex -47.2334962 50.4499284 0.04
      vertex -47.2334962 50.4499284 0
    endloop
  endfacet
  facet normal -0.605511041 0.795836905 0
    outer loop
      vertex -47.5362518 50.2195774 0.04
      vertex -47.2334962 50.4499284 0
      vertex -47.5362518 50.2195774 0
    endloop
  endfacet
  facet normal -0.585797857 0.810457198 0
    outer loop
      vertex -47.2334962 50.4499284 0.04
      vertex -46.9251787 50.6727801 0.04
      vertex -46.9251787 50.6727801 0
    endloop
  endfacet
  facet normal -0.585797857 0.810457198 0
    outer loop
      vertex -47.2334962 50.4499284 0.04
      vertex -46.9251787 50.6727801 0
      vertex -47.2334962 50.4499284 0
    endloop
  endfacet
  facet normal -0.565731811 0.824589303 0
    outer loop
      vertex -46.9251787 50.6727801 0.04
      vertex -46.611485 50.8879981 0.04
      vertex -46.611485 50.8879981 0
    endloop
  endfacet
  facet normal -0.565731811 0.824589303 0
    outer loop
      vertex -46.9251787 50.6727801 0.04
      vertex -46.611485 50.8879981 0
      vertex -46.9251787 50.6727801 0
    endloop
  endfacet
  facet normal -0.545324988 0.838224706 0
    outer loop
      vertex -46.611485 50.8879981 0.04
      vertex -46.2926041 51.0954529 0.04
      vertex -46.2926041 51.0954529 0
    endloop
  endfacet
  facet normal -0.545324988 0.838224706 0
    outer loop
      vertex -46.611485 50.8879981 0.04
      vertex -46.2926041 51.0954529 0
      vertex -46.611485 50.8879981 0
    endloop
  endfacet
  facet normal -0.524589683 0.851355193 0
    outer loop
      vertex -46.2926041 51.0954529 0.04
      vertex -45.968728 51.2950195 0.04
      vertex -45.968728 51.2950195 0
    endloop
  endfacet
  facet normal -0.524589683 0.851355193 0
    outer loop
      vertex -46.2926041 51.0954529 0.04
      vertex -45.968728 51.2950195 0
      vertex -46.2926041 51.0954529 0
    endloop
  endfacet
  facet normal -0.503538384 0.863972856 0
    outer loop
      vertex -45.968728 51.2950195 0.04
      vertex -45.6400519 51.4865777 0.04
      vertex -45.6400519 51.4865777 0
    endloop
  endfacet
  facet normal -0.503538384 0.863972856 0
    outer loop
      vertex -45.968728 51.2950195 0.04
      vertex -45.6400519 51.4865777 0
      vertex -45.968728 51.2950195 0
    endloop
  endfacet
  facet normal -0.482183772 0.876070094 0
    outer loop
      vertex -45.6400519 51.4865777 0.04
      vertex -45.3067737 51.670012 0.04
      vertex -45.3067737 51.670012 0
    endloop
  endfacet
  facet normal -0.482183772 0.876070094 0
    outer loop
      vertex -45.6400519 51.4865777 0.04
      vertex -45.3067737 51.670012 0
      vertex -45.6400519 51.4865777 0
    endloop
  endfacet
  facet normal -0.460538711 0.88763962 0
    outer loop
      vertex -45.3067737 51.670012 0.04
      vertex -44.9690941 51.8452121 0.04
      vertex -44.9690941 51.8452121 0
    endloop
  endfacet
  facet normal -0.460538711 0.88763962 0
    outer loop
      vertex -45.3067737 51.670012 0.04
      vertex -44.9690941 51.8452121 0
      vertex -45.3067737 51.670012 0
    endloop
  endfacet
  facet normal -0.438616239 0.898674466 0
    outer loop
      vertex -44.9690941 51.8452121 0.04
      vertex -44.6272166 52.0120723 0.04
      vertex -44.6272166 52.0120723 0
    endloop
  endfacet
  facet normal -0.438616239 0.898674466 0
    outer loop
      vertex -44.9690941 51.8452121 0.04
      vertex -44.6272166 52.0120723 0
      vertex -44.9690941 51.8452121 0
    endloop
  endfacet
  facet normal -0.41642956 0.909167983 0
    outer loop
      vertex -44.6272166 52.0120723 0.04
      vertex -44.2813472 52.1704922 0.04
      vertex -44.2813472 52.1704922 0
    endloop
  endfacet
  facet normal -0.41642956 0.909167983 0
    outer loop
      vertex -44.6272166 52.0120723 0.04
      vertex -44.2813472 52.1704922 0
      vertex -44.6272166 52.0120723 0
    endloop
  endfacet
  facet normal -0.39399204 0.919113852 0
    outer loop
      vertex -44.2813472 52.1704922 0.04
      vertex -43.9316941 52.3203763 0.04
      vertex -43.9316941 52.3203763 0
    endloop
  endfacet
  facet normal -0.39399204 0.919113852 0
    outer loop
      vertex -44.2813472 52.1704922 0.04
      vertex -43.9316941 52.3203763 0
      vertex -44.2813472 52.1704922 0
    endloop
  endfacet
  facet normal -0.371317194 0.92850608 0
    outer loop
      vertex -43.9316941 52.3203763 0.04
      vertex -43.5784679 52.4616343 0.04
      vertex -43.5784679 52.4616343 0
    endloop
  endfacet
  facet normal -0.371317194 0.92850608 0
    outer loop
      vertex -43.9316941 52.3203763 0.04
      vertex -43.5784679 52.4616343 0
      vertex -43.9316941 52.3203763 0
    endloop
  endfacet
  facet normal -0.34841868 0.937339012 0
    outer loop
      vertex -43.5784679 52.4616343 0.04
      vertex -43.2218815 52.5941812 0.04
      vertex -43.2218815 52.5941812 0
    endloop
  endfacet
  facet normal -0.34841868 0.937339012 0
    outer loop
      vertex -43.5784679 52.4616343 0.04
      vertex -43.2218815 52.5941812 0
      vertex -43.5784679 52.4616343 0
    endloop
  endfacet
  facet normal -0.325310292 0.945607325 0
    outer loop
      vertex -43.2218815 52.5941812 0.04
      vertex -42.8621497 52.7179371 0.04
      vertex -42.8621497 52.7179371 0
    endloop
  endfacet
  facet normal -0.325310292 0.945607325 0
    outer loop
      vertex -43.2218815 52.5941812 0.04
      vertex -42.8621497 52.7179371 0
      vertex -43.2218815 52.5941812 0
    endloop
  endfacet
  facet normal -0.302005949 0.95330604 0
    outer loop
      vertex -42.8621497 52.7179371 0.04
      vertex -42.499489 52.8328274 0.04
      vertex -42.499489 52.8328274 0
    endloop
  endfacet
  facet normal -0.302005949 0.95330604 0
    outer loop
      vertex -42.8621497 52.7179371 0.04
      vertex -42.499489 52.8328274 0
      vertex -42.8621497 52.7179371 0
    endloop
  endfacet
  facet normal -0.278519689 0.960430519 0
    outer loop
      vertex -42.499489 52.8328274 0.04
      vertex -42.134118 52.938783 0.04
      vertex -42.134118 52.938783 0
    endloop
  endfacet
  facet normal -0.278519689 0.960430519 0
    outer loop
      vertex -42.499489 52.8328274 0.04
      vertex -42.134118 52.938783 0
      vertex -42.499489 52.8328274 0
    endloop
  endfacet
  facet normal -0.25486566 0.966976471 0
    outer loop
      vertex -42.134118 52.938783 0.04
      vertex -41.7662568 53.0357401 0.04
      vertex -41.7662568 53.0357401 0
    endloop
  endfacet
  facet normal -0.25486566 0.966976471 0
    outer loop
      vertex -42.134118 52.938783 0.04
      vertex -41.7662568 53.0357401 0
      vertex -42.134118 52.938783 0
    endloop
  endfacet
  facet normal -0.231058108 0.972939952 0
    outer loop
      vertex -41.7662568 53.0357401 0.04
      vertex -41.396127 53.1236402 0.04
      vertex -41.396127 53.1236402 0
    endloop
  endfacet
  facet normal -0.231058108 0.972939952 0
    outer loop
      vertex -41.7662568 53.0357401 0.04
      vertex -41.396127 53.1236402 0
      vertex -41.7662568 53.0357401 0
    endloop
  endfacet
  facet normal -0.207111376 0.978317371 0
    outer loop
      vertex -41.396127 53.1236402 0.04
      vertex -41.0239514 53.2024303 0.04
      vertex -41.0239514 53.2024303 0
    endloop
  endfacet
  facet normal -0.207111376 0.978317371 0
    outer loop
      vertex -41.396127 53.1236402 0.04
      vertex -41.0239514 53.2024303 0
      vertex -41.396127 53.1236402 0
    endloop
  endfacet
  facet normal -0.183039888 0.983105487 0
    outer loop
      vertex -41.0239514 53.2024303 0.04
      vertex -40.6499543 53.2720631 0.04
      vertex -40.6499543 53.2720631 0
    endloop
  endfacet
  facet normal -0.183039888 0.983105487 0
    outer loop
      vertex -41.0239514 53.2024303 0.04
      vertex -40.6499543 53.2720631 0
      vertex -41.0239514 53.2024303 0
    endloop
  endfacet
  facet normal -0.158858143 0.987301418 0
    outer loop
      vertex -40.6499543 53.2720631 0.04
      vertex -40.274361 53.3324966 0.04
      vertex -40.274361 53.3324966 0
    endloop
  endfacet
  facet normal -0.158858143 0.987301418 0
    outer loop
      vertex -40.6499543 53.2720631 0.04
      vertex -40.274361 53.3324966 0
      vertex -40.6499543 53.2720631 0
    endloop
  endfacet
  facet normal -0.134580709 0.990902635 0
    outer loop
      vertex -40.274361 53.3324966 0.04
      vertex -39.8973977 53.3836944 0.04
      vertex -39.8973977 53.3836944 0
    endloop
  endfacet
  facet normal -0.134580709 0.990902635 0
    outer loop
      vertex -40.274361 53.3324966 0.04
      vertex -39.8973977 53.3836944 0
      vertex -40.274361 53.3324966 0
    endloop
  endfacet
  facet normal -0.110222207 0.99390697 0
    outer loop
      vertex -39.8973977 53.3836944 0.04
      vertex -39.5192915 53.4256256 0.04
      vertex -39.5192915 53.4256256 0
    endloop
  endfacet
  facet normal -0.110222207 0.99390697 0
    outer loop
      vertex -39.8973977 53.3836944 0.04
      vertex -39.5192915 53.4256256 0
      vertex -39.8973977 53.3836944 0
    endloop
  endfacet
  facet normal -0.0857973123 0.996312612 0
    outer loop
      vertex -39.5192915 53.4256256 0.04
      vertex -39.1402701 53.4582649 0.04
      vertex -39.1402701 53.4582649 0
    endloop
  endfacet
  facet normal -0.0857973123 0.996312612 0
    outer loop
      vertex -39.5192915 53.4256256 0.04
      vertex -39.1402701 53.4582649 0
      vertex -39.5192915 53.4256256 0
    endloop
  endfacet
  facet normal -0.0613207363 0.998118113 0
    outer loop
      vertex -39.1402701 53.4582649 0.04
      vertex -38.7605619 53.4815928 0.04
      vertex -38.7605619 53.4815928 0
    endloop
  endfacet
  facet normal -0.0613207363 0.998118113 0
    outer loop
      vertex -39.1402701 53.4582649 0.04
      vertex -38.7605619 53.4815928 0
      vertex -39.1402701 53.4582649 0
    endloop
  endfacet
  facet normal -0.0368072229 0.999322385 0
    outer loop
      vertex -38.7605619 53.4815928 0.04
      vertex -38.3803955 53.4955952 0.04
      vertex -38.3803955 53.4955952 0
    endloop
  endfacet
  facet normal -0.0368072229 0.999322385 0
    outer loop
      vertex -38.7605619 53.4815928 0.04
      vertex -38.3803955 53.4955952 0
      vertex -38.7605619 53.4815928 0
    endloop
  endfacet
  facet normal -0.0122715383 0.999924702 0
    outer loop
      vertex -38.3803955 53.4955952 0.04
      vertex -38.021476 53.5 0.04
      vertex -38.021476 53.5 0
    endloop
  endfacet
  facet normal -0.0122715383 0.999924702 0
    outer loop
      vertex -38.3803955 53.4955952 0.04
      vertex -38.021476 53.5 0
      vertex -38.3803955 53.4955952 0
    endloop
  endfacet
  facet normal -0 1 0
    outer loop
      vertex -38.021476 53.5 0.04
      vertex 38.021476 53.5 0.04
      vertex 38.021476 53.5 0
    endloop
  endfacet
  facet normal 0 1 0
    outer loop
      vertex -38.021476 53.5 0.04
      vertex 38.021476 53.5 0
      vertex -38.021476 53.5 0
    endloop
  endfacet
  facet normal 0.0122715383 0.999924702 0
    outer loop
      vertex 38.021476 53.5 0.04
      vertex 38.3803955 53.4955952 0.04
      vertex 38.3803955 53.4955952 0
    endloop
  endfacet
  facet normal 0.0122715383 0.999924702 0
    outer loop
      vertex 38.021476 53.5 0.04
      vertex 38.3803955 53.4955952 0
      vertex 38.021476 53.5 0
    endloop
  endfacet
  facet normal 0.0368072229 0.999322385 0
    outer loop
      vertex 38.3803955 53.4955952 0.04
      vertex 38.7605619 53.4815928 0.04
      vertex 38.7605619 53.4815928 0
    endloop
  endfacet
  facet normal 0.0368072229 0.999322385 0
    outer loop
      vertex 38.3803955 53.4955952 0.04
      vertex 38.7605619 53.4815928 0
      vertex 38.3803955 53.4955952 0
    endloop
  endfacet
  facet normal 0.0613207363 0.998118113 0
    outer loop
      vertex 38.7605619 53.4815928 0.04
      vertex 39.1402701 53.4582649 0.04
      vertex 39.1402701 53.4582649 0
    endloop
  endfacet
  facet normal 0.0613207363 0.998118113 0
    outer loop
      vertex 38.7605619 53.4815928 0.04
      vertex 39.1402701 53.4582649 0
      vertex 38.7605619 53.4815928 0
    endloop
  endfacet
  facet normal 0.0857973123 0.996312612 0
    outer loop
      vertex 39.1402701 53.4582649 0.04
      vertex 39.5192915 53.4256256 0.04
      vertex 39.5192915 53.4256256 0
    endloop
  endfacet
  facet normal 0.0857973123 0.996312612 0
    outer loop
      vertex 39.1402701 53.4582649 0.04
      vertex 39.5192915 53.4256256 0
      vertex 39.1402701 53.4582649 0
    endloop
  endfacet
  facet normal 0.110222207 0.99390697 0
    outer loop
      vertex 39.5192915 53.4256256 0.04
      vertex 39.8973977 53.3836944 0.04
      vertex 39.8973977 53.3836944 0
    endloop
  endfacet
  facet normal 0.110222207 0.99390697 0
    outer loop
      vertex 39.5192915 53.4256256 0.04
      vertex 39.8973977 53.3836944 0
      vertex 39.5192915 53.4256256 0
    endloop
  endfacet
  facet normal 0.134580709 0.990902635 0
    outer loop
      vertex 39.8973977 53.3836944 0.04
      vertex 40.274361 53.3324966 0.04
      vertex 40.274361 53.3324966 0
    endloop
  endfacet
  facet normal 0.134580709 0.990902635 0
    outer loop
      vertex 39.8973977 53.3836944 0.04
      vertex 40.274361 53.3324966 0
      vertex 39.8973977 53.3836944 0
    endloop
  endfacet
  facet normal 0.158858143 0.987301418 0
    outer loop
      vertex 40.274361 53.3324966 0.04
      vertex 40.6499543 53.2720631 0.04
      vertex 40.6499543 53.2720631 0
    endloop
  endfacet
  facet normal 0.158858143 0.987301418 0
    outer loop
      vertex 40.274361 53.3324966 0.04
      vertex 40.6499543 53.2720631 0
      vertex 40.274361 53.3324966 0
    endloop
  endfacet
  facet normal 0.183039888 0.983105487 0
    outer loop
      vertex 40.6499543 53.2720631 0.04
      vertex 41.0239514 53.2024303 0.04
      vertex 41.0239514 53.2024303 0
    endloop
  endfacet
  facet normal 0.183039888 0.983105487 0
    outer loop
      vertex 40.6499543 53.2720631 0.04
      vertex 41.0239514 53.2024303 0
      vertex 40.6499543 53.2720631 0
    endloop
  endfacet
  facet normal 0.207111376 0.978317371 0
    outer loop
      vertex 41.0239514 53.2024303 0.04
      vertex 41.396127 53.1236402 0.04
      vertex 41.396127 53.1236402 0
    endloop
  endfacet
  facet normal 0.207111376 0.978317371 0
    outer loop
      vertex 41.0239514 53.2024303 0.04
      vertex 41.396127 53.1236402 0
      vertex 41.0239514 53.2024303 0
    endloop
  endfacet
  facet normal 0.231058108 0.972939952 0
    outer loop
      vertex 41.396127 53.1236402 0.04
      vertex 41.7662568 53.0357401 0.04
      vertex 41.7662568 53.0357401 0
    endloop
  endfacet
  facet normal 0.231058108 0.972939952 0
    outer loop
      vertex 41.396127 53.1236402 0.04
      vertex 41.7662568 53.0357401 0
      vertex 41.396127 53.1236402 0
    endloop
  endfacet
  facet normal 0.25486566 0.966976471 0
    outer loop
      vertex 41.7662568 53.0357401 0.04
      vertex 42.134118 52.938783 0.04
      vertex 42.134118 52.938783 0
    endloop
  endfacet
  facet normal 0.25486566 0.966976471 0
    outer loop
      vertex 41.7662568 53.0357401 0.04
      vertex 42.134118 52.938783 0
      vertex 41.7662568 53.0357401 0
    endloop
  endfacet
  facet normal 0.278519689 0.960430519 0
    outer loop
      vertex 42.134118 52.938783 0.04
      vertex 42.499489 52.8328274 0.04
      vertex 42.499489 52.8328274 0
    endloop
  endfacet
  facet normal 0.278519689 0.960430519 0
    outer loop
      vertex 42.134118 52.938783 0.04
      vertex 42.499489 52.8328274 0
      vertex 42.134118 52.938783 0
    endloop
  endfacet
  facet normal 0.302005949 0.95330604 0
    outer loop
      vertex 42.499489 52.8328274 0.04
      vertex 42.8621497 52.7179371 0.04
      vertex 42.8621497 52.7179371 0
    endloop
  endfacet
  facet normal 0.302005949 0.95330604 0
    outer loop
      vertex 42.499489 52.8328274 0.04
      vertex 42.8621497 52.7179371 0
      vertex 42.499489 52.8328274 0
    endloop
  endfacet
  facet normal 0.325310292 0.945607325 0
    outer loop
      vertex 42.8621497 52.7179371 0.04
      vertex 43.2218815 52.5941812 0.04
      vertex 43.2218815 52.5941812 0
    endloop
  endfacet
  facet normal 0.325310292 0.945607325 0
    outer loop
      vertex 42.8621497 52.7179371 0.04
      vertex 43.2218815 52.5941812 0
      vertex 42.8621497 52.7179371 0
    endloop
  endfacet
  facet normal 0.34841868 0.937339012 0
    outer loop
      vertex 43.2218815 52.5941812 0.04
      vertex 43.5784679 52.4616343 0.04
      vertex 43.5784679 52.4616343 0
    endloop
  endfacet
  facet normal 0.34841868 0.937339012 0
    outer loop
      vertex 43.2218815 52.5941812 0.04
      vertex 43.5784679 52.4616343 0
      vertex 43.2218815 52.5941812 0
    endloop
  endfacet
  facet normal 0.371317194 0.92850608 0
    outer loop
      vertex 43.5784679 52.4616343 0.04
      vertex 43.9316941 52.3203763 0.04
      vertex 43.9316941 52.3203763 0
    endloop
  endfacet
  facet normal 0.371317194 0.92850608 0
    outer loop
      vertex 43.5784679 52.4616343 0.04
      vertex 43.9316941 52.3203763 0
      vertex 43.5784679 52.4616343 0
    endloop
  endfacet
  facet normal 0.39399204 0.919113852 0
    outer loop
      vertex 43.9316941 52.3203763 0.04
      vertex 44.2813472 52.1704922 0.04
      vertex 44.2813472 52.1704922 0
    endloop
  endfacet
  facet normal 0.39399204 0.919113852 0
    outer loop
      vertex 43.9316941 52.3203763 0.04
      vertex 44.2813472 52.1704922 0
      vertex 43.9316941 52.3203763 0
    endloop
  endfacet
  facet normal 0.41642956 0.909167983 0
    outer loop
      vertex 44.2813472 52.1704922 0.04
      vertex 44.6272166 52.0120723 0.04
      vertex 44.6272166 52.0120723 0
    endloop
  endfacet
  facet normal 0.41642956 0.909167983 0
    outer loop
      vertex 44.2813472 52.1704922 0.04
      vertex 44.6272166 52.0120723 0
      vertex 44.2813472 52.1704922 0
    endloop
  endfacet
  facet normal 0.438616239 0.898674466 0
    outer loop
      vertex 44.6272166 52.0120723 0.04
      vertex 44.9690941 51.8452121 0.04
      vertex 44.9690941 51.8452121 0
    endloop
  endfacet
  facet normal 0.438616239 0.898674466 0
    outer loop
      vertex 44.6272166 52.0120723 0.04
      vertex 44.9690941 51.8452121 0
      vertex 44.6272166 52.0120723 0
    endloop
  endfacet
  facet normal 0.460538711 0.88763962 0
    outer loop
      vertex 44.9690941 51.8452121 0.04
      vertex 45.3067737 51.670012 0.04
      vertex 45.3067737 51.670012 0
    endloop
  endfacet
  facet normal 0.460538711 0.88763962 0
    outer loop
      vertex 44.9690941 51.8452121 0.04
      vertex 45.3067737 51.670012 0
      vertex 44.9690941 51.8452121 0
    endloop
  endfacet
  facet normal 0.482183772 0.876070094 0
    outer loop
      vertex 45.3067737 51.670012 0.04
      vertex 45.6400519 51.4865777 0.04
      vertex 45.6400519 51.4865777 0
    endloop
  endfacet
  facet normal 0.482183772 0.876070094 0
    outer loop
      vertex 45.3067737 51.670012 0.04
      vertex 45.6400519 51.4865777 0
      vertex 45.3067737 51.670012 0
    endloop
  endfacet
  facet normal 0.503538384 0.863972856 0
    outer loop
      vertex 45.6400519 51.4865777 0.04
      vertex 45.968728 51.2950195 0.04
      vertex 45.968728 51.2950195 0
    endloop
  endfacet
  facet normal 0.503538384 0.863972856 0
    outer loop
      vertex 45.6400519 51.4865777 0.04
      vertex 45.968728 51.2950195 0
      vertex 45.6400519 51.4865777 0
    endloop
  endfacet
  facet normal 0.524589683 0.851355193 0
    outer loop
      vertex 45.968728 51.2950195 0.04
      vertex 46.2926041 51.0954529 0.04
      vertex 46.2926041 51.0954529 0
    endloop
  endfacet
  facet normal 0.524589683 0.851355193 0
    outer loop
      vertex 45.968728 51.2950195 0.04
      vertex 46.2926041 51.0954529 0
      vertex 45.968728 51.2950195 0
    endloop
  endfacet
  facet normal 0.545324988 0.838224706 0
    outer loop
      vertex 46.2926041 51.0954529 0.04
      vertex 46.611485 50.8879981 0.04
      vertex 46.611485 50.8879981 0
    endloop
  endfacet
  facet normal 0.545324988 0.838224706 0
    outer loop
      vertex 46.2926041 51.0954529 0.04
      vertex 46.611485 50.8879981 0
      vertex 46.2926041 51.0954529 0
    endloop
  endfacet
  facet normal 0.565731811 0.824589303 0
    outer loop
      vertex 46.611485 50.8879981 0.04
      vertex 46.9251787 50.6727801 0.04
      vertex 46.9251787 50.6727801 0
    endloop
  endfacet
  facet normal 0.565731811 0.824589303 0
    outer loop
      vertex 46.611485 50.8879981 0.04
      vertex 46.9251787 50.6727801 0
      vertex 46.611485 50.8879981 0
    endloop
  endfacet
  facet normal 0.585797857 0.810457198 0
    outer loop
      vertex 46.9251787 50.6727801 0.04
      vertex 47.2334962 50.4499284 0.04
      vertex 47.2334962 50.4499284 0
    endloop
  endfacet
  facet normal 0.585797857 0.810457198 0
    outer loop
      vertex 46.9251787 50.6727801 0.04
      vertex 47.2334962 50.4499284 0
      vertex 46.9251787 50.6727801 0
    endloop
  endfacet
  facet normal 0.605511041 0.795836905 0
    outer loop
      vertex 47.2334962 50.4499284 0.04
      vertex 47.5362518 50.2195774 0.04
      vertex 47.5362518 50.2195774 0
    endloop
  endfacet
  facet normal 0.605511041 0.795836905 0
    outer loop
      vertex 47.2334962 50.4499284 0.04
      vertex 47.5362518 50.2195774 0
      vertex 47.2334962 50.4499284 0
    endloop
  endfacet
  facet normal 0.624859488 0.780737229 0
    outer loop
      vertex 47.5362518 50.2195774 0.04
      vertex 47.8332631 49.9818658 0.04
      vertex 47.8332631 49.9818658 0
    endloop
  endfacet
  facet normal 0.624859488 0.780737229 0
    outer loop
      vertex 47.5362518 50.2195774 0.04
      vertex 47.8332631 49.9818658 0
      vertex 47.5362518 50.2195774 0
    endloop
  endfacet
  facet normal 0.643831543 0.765167266 0
    outer loop
      vertex 47.8332631 49.9818658 0.04
      vertex 48.1243512 49.7369367 0.04
      vertex 48.1243512 49.7369367 0
    endloop
  endfacet
  facet normal 0.643831543 0.765167266 0
    outer loop
      vertex 47.8332631 49.9818658 0.04
      vertex 48.1243512 49.7369367 0
      vertex 47.8332631 49.9818658 0
    endloop
  endfacet
  facet normal 0.662415778 0.749136395 0
    outer loop
      vertex 48.1243512 49.7369367 0.04
      vertex 48.4093408 49.4849377 0.04
      vertex 48.4093408 49.4849377 0
    endloop
  endfacet
  facet normal 0.662415778 0.749136395 0
    outer loop
      vertex 48.1243512 49.7369367 0.04
      vertex 48.4093408 49.4849377 0
      vertex 48.1243512 49.7369367 0
    endloop
  endfacet
  facet normal 0.680600998 0.732654272 0
    outer loop
      vertex 48.4093408 49.4849377 0.04
      vertex 48.6880602 49.2260207 0.04
      vertex 48.6880602 49.2260207 0
    endloop
  endfacet
  facet normal 0.680600998 0.732654272 0
    outer loop
      vertex 48.4093408 49.4849377 0.04
      vertex 48.6880602 49.2260207 0
      vertex 48.4093408 49.4849377 0
    endloop
  endfacet
  facet normal 0.698376249 0.715730825 0
    outer loop
      vertex 48.6880602 49.2260207 0.04
      vertex 48.9603415 48.9603415 0.04
      vertex 48.9603415 48.9603415 0
    endloop
  endfacet
  facet normal 0.698376249 0.715730825 0
    outer loop
      vertex 48.6880602 49.2260207 0.04
      vertex 48.9603415 48.9603415 0
      vertex 48.6880602 49.2260207 0
    endloop
  endfacet
  facet normal 0.715730825 0.698376249 0
    outer loop
      vertex 48.9603415 48.9603415 0.04
      vertex 49.2260207 48.6880602 0.04
      vertex 49.2260207 48.6880602 0
    endloop
  endfacet
  facet normal 0.715730825 0.698376249 0
    outer loop
      vertex 48.9603415 48.9603415 0.04
      vertex 49.2260207 48.6880602 0
      vertex 48.9603415 48.9603415 0
    endloop
  endfacet
  facet normal 0.732654272 0.680600998 0
    outer loop
      vertex 49.2260207 48.6880602 0.04
      vertex 49.4849377 48.4093408 0.04
      vertex 49.4849377 48.4093408 0
    endloop
  endfacet
  facet normal 0.732654272 0.680600998 0
    outer loop
      vertex 49.2260207 48.6880602 0.04
      vertex 49.4849377 48.4093408 0
      vertex 49.2260207 48.6880602 0
    endloop
  endfacet
  facet normal 0.749136395 0.662415778 0
    outer loop
      vertex 49.4849377 48.4093408 0.04
      vertex 49.7369367 48.1243512 0.04
      vertex 49.7369367 48.1243512 0
    endloop
  endfacet
  facet normal 0.749136395 0.662415778 0
    outer loop
      vertex 49.4849377 48.4093408 0.04
      vertex 49.7369367 48.1243512 0
      vertex 49.4849377 48.4093408 0
    endloop
  endfacet
  facet normal 0.765167266 0.643831543 0
    outer loop
      vertex 49.7369367 48.1243512 0.04
      vertex 49.9818658 47.8332631 0.04
      vertex 49.9818658 47.8332631 0
    endloop
  endfacet
  facet normal 0.765167266 0.643831543 0
    outer loop
      vertex 49.7369367 48.1243512 0.04
      vertex 49.9818658 47.8332631 0
      vertex 49.7369367 48.1243512 0
    endloop
  endfacet
  facet normal 0.780737229 0.624859488 0
    outer loop
      vertex 49.9818658 47.8332631 0.04
      vertex 50.2195774 47.5362518 0.04
      vertex 50.2195774 47.5362518 0
    endloop
  endfacet
  facet normal 0.780737229 0.624859488 0
    outer loop
      vertex 49.9818658 47.8332631 0.04
      vertex 50.2195774 47.5362518 0
      vertex 49.9818658 47.8332631 0
    endloop
  endfacet
  facet normal 0.795836905 0.605511041 0
    outer loop
      vertex 50.2195774 47.5362518 0.04
      vertex 50.4499284 47.2334962 0.04
      vertex 50.4499284 47.2334962 0
    endloop
  endfacet
  facet normal 0.795836905 0.605511041 0
    outer loop
      vertex 50.2195774 47.5362518 0.04
      vertex 50.4499284 47.2334962 0
      vertex 50.2195774 47.5362518 0
    endloop
  endfacet
  facet normal 0.810457198 0.585797857 0
    outer loop
      vertex 50.4499284 47.2334962 0.04
      vertex 50.6727801 46.9251787 0.04
      vertex 50.6727801 46.9251787 0
    endloop
  endfacet
  facet normal 0.810457198 0.585797857 0
    outer loop
      vertex 50.4499284 47.2334962 0.04
      vertex 50.6727801 46.9251787 0
      vertex 50.4499284 47.2334962 0
    endloop
  endfacet
  facet normal 0.824589303 0.565731811 0
    outer loop
      vertex 50.6727801 46.9251787 0.04
      vertex 50.8879981 46.611485 0.04
      vertex 50.8879981 46.611485 0
    endloop
  endfacet
  facet normal 0.824589303 0.565731811 0
    outer loop
      vertex 50.6727801 46.9251787 0.04
      vertex 50.8879981 46.611485 0
      vertex 50.6727801 46.9251787 0
    endloop
  endfacet
  facet normal 0.838224706 0.545324988 0
    outer loop
      vertex 50.8879981 46.611485 0.04
      vertex 51.0954529 46.2926041 0.04
      vertex 51.0954529 46.2926041 0
    endloop
  endfacet
  facet normal 0.838224706 0.545324988 0
    outer loop
      vertex 50.8879981 46.611485 0.04
      vertex 51.0954529 46.2926041 0
      vertex 50.8879981 46.611485 0
    endloop
  endfacet
  facet normal 0.851355193 0.524589683 0
    outer loop
      vertex 51.0954529 46.2926041 0.04
      vertex 51.2950195 45.968728 0.04
      vertex 51.2950195 45.968728 0
    endloop
  endfacet
  facet normal 0.851355193 0.524589683 0
    outer loop
      vertex 51.0954529 46.2926041 0.04
      vertex 51.2950195 45.968728 0
      vertex 51.0954529 46.2926041 0
    endloop
  endfacet
  facet normal 0.863972856 0.503538384 0
    outer loop
      vertex 51.2950195 45.968728 0.04
      vertex 51.4865777 45.6400519 0.04
      vertex 51.4865777 45.6400519 0
    endloop
  endfacet
  facet normal 0.863972856 0.503538384 0
    outer loop
      vertex 51.2950195 45.968728 0.04
      vertex 51.4865777 45.6400519 0
      vertex 51.2950195 45.968728 0
    endloop
  endfacet
  facet normal 0.876070094 0.482183772 0
    outer loop
      vertex 51.4865777 45.6400519 0.04
      vertex 51.670012 45.3067737 0.04
      vertex 51.670012 45.3067737 0
    endloop
  endfacet
  facet normal 0.876070094 0.482183772 0
    outer loop
      vertex 51.4865777 45.6400519 0.04
      vertex 51.670012 45.3067737 0
      vertex 51.4865777 45.6400519 0
    endloop
  endfacet
  facet normal 0.88763962 0.460538711 0
    outer loop
      vertex 51.670012 45.3067737 0.04
      vertex 51.8452121 44.9690941 0.04
      vertex 51.8452121 44.9690941 0
    endloop
  endfacet
  facet normal 0.88763962 0.460538711 0
    outer loop
      vertex 51.670012 45.3067737 0.04
      vertex 51.8452121 44.9690941 0
      vertex 51.670012 45.3067737 0
    endloop
  endfacet
  facet normal 0.898674466 0.438616239 0
    outer loop
      vertex 51.8452121 44.9690941 0.04
      vertex 52.0120723 44.6272166 0.04
      vertex 52.0120723 44.6272166 0
    endloop
  endfacet
  facet normal 0.898674466 0.438616239 0
    outer loop
      vertex 51.8452121 44.9690941 0.04
      vertex 52.0120723 44.6272166 0
      vertex 51.8452121 44.9690941 0
    endloop
  endfacet
  facet normal 0.909167983 0.41642956 0
    outer loop
      vertex 52.0120723 44.6272166 0.04
      vertex 52.1704922 44.2813472 0.04
      vertex 52.1704922 44.2813472 0
    endloop
  endfacet
  facet normal 0.909167983 0.41642956 0
    outer loop
      vertex 52.0120723 44.6272166 0.04
      vertex 52.1704922 44.2813472 0
      vertex 52.0120723 44.6272166 0
    endloop
  endfacet
  facet normal 0.919113852 0.39399204 0
    outer loop
      vertex 52.1704922 44.2813472 0.04
      vertex 52.3203763 43.9316941 0.04
      vertex 52.3203763 43.9316941 0
    endloop
  endfacet
  facet normal 0.919113852 0.39399204 0
    outer loop
      vertex 52.1704922 44.2813472 0.04
      vertex 52.3203763 43.9316941 0
      vertex 52.1704922 44.2813472 0
    endloop
  endfacet
  facet normal 0.92850608 0.371317194 0
    outer loop
      vertex 52.3203763 43.9316941 0.04
      vertex 52.4616343 43.5784679 0.04
      vertex 52.4616343 43.5784679 0
    endloop
  endfacet
  facet normal 0.92850608 0.371317194 0
    outer loop
      vertex 52.3203763 43.9316941 0.04
      vertex 52.4616343 43.5784679 0
      vertex 52.3203763 43.9316941 0
    endloop
  endfacet
  facet normal 0.937339012 0.34841868 0
    outer loop
      vertex 52.4616343 43.5784679 0.04
      vertex 52.5941812 43.2218815 0.04
      vertex 52.5941812 43.2218815 0
    endloop
  endfacet
  facet normal 0.937339012 0.34841868 0
    outer loop
      vertex 52.4616343 43.5784679 0.04
      vertex 52.5941812 43.2218815 0
      vertex 52.4616343 43.5784679 0
    endloop
  endfacet
  facet normal 0.945607325 0.325310292 0
    outer loop
      vertex 52.5941812 43.2218815 0.04
      vertex 52.7179371 42.8621497 0.04
      vertex 52.7179371 42.8621497 0
    endloop
  endfacet
  facet normal 0.945607325 0.325310292 0
    outer loop
      vertex 52.5941812 43.2218815 0.04
      vertex 52.7179371 42.8621497 0
      vertex 52.5941812 43.2218815 0
    endloop
  endfacet
  facet normal 0.95330604 0.302005949 0
    outer loop
      vertex 52.7179371 42.8621497 0.04
      vertex 52.8328274 42.499489 0.04
      vertex 52.8328274 42.499489 0
    endloop
  endfacet
  facet normal 0.95330604 0.302005949 0
    outer loop
      vertex 52.7179371 42.8621497 0.04
      vertex 52.8328274 42.499489 0
      vertex 52.7179371 42.8621497 0
    endloop
  endfacet
  facet normal 0.960430519 0.278519689 0
    outer loop
      vertex 52.8328274 42.499489 0.04
      vertex 52.938783 42.134118 0.04
      vertex 52.938783 42.134118 0
    endloop
  endfacet
  facet normal 0.960430519 0.278519689 0
    outer loop
      vertex 52.8328274 42.499489 0.04
      vertex 52.938783 42.134118 0
      vertex 52.8328274 42.499489 0
    endloop
  endfacet
  facet normal 0.966976471 0.25486566 0
    outer loop
      vertex 52.938783 42.134118 0.04
      vertex 53.0357401 41.7662568 0.04
      vertex 53.0357401 41.7662568 0
    endloop
  endfacet
  facet normal 0.966976471 0.25486566 0
    outer loop
      vertex 52.938783 42.134118 0.04
      vertex 53.0357401 41.7662568 0
      vertex 52.938783 42.134118 0
    endloop
  endfacet
  facet normal 0.972939952 0.231058108 0
    outer loop
      vertex 53.0357401 41.7662568 0.04
      vertex 53.1236402 41.396127 0.04
      vertex 53.1236402 41.396127 0
    endloop
  endfacet
  facet normal 0.972939952 0.231058108 0
    outer loop
      vertex 53.0357401 41.7662568 0.04
      vertex 53.1236402 41.396127 0
      vertex 53.0357401 41.7662568 0
    endloop
  endfacet
  facet normal 0.978317371 0.207111376 0
    outer loop
      vertex 53.1236402 41.396127 0.04
      vertex 53.2024303 41.0239514 0.04
      vertex 53.2024303 41.0239514 0
    endloop
  endfacet
  facet normal 0.978317371 0.207111376 0
    outer loop
      vertex 53.1236402 41.396127 0.04
      vertex 53.2024303 41.0239514 0
      vertex 53.1236402 41.396127 0
    endloop
  endfacet
  facet normal 0.983105487 0.183039888 0
    outer loop
      vertex 53.2024303 41.0239514 0.04
      vertex 53.2720631 40.6499543 0.04
      vertex 53.2720631 40.6499543 0
    endloop
  endfacet
  facet normal 0.983105487 0.183039888 0
    outer loop
      vertex 53.2024303 41.0239514 0.04
      vertex 53.2720631 40.6499543 0
      vertex 53.2024303 41.0239514 0
    endloop
  endfacet
  facet normal 0.987301418 0.158858143 0
    outer loop
      vertex 53.2720631 40.6499543 0.04
      vertex 53.3324966 40.274361 0.04
      vertex 53.3324966 40.274361 0
    endloop
  endfacet
  facet normal 0.987301418 0.158858143 0
    outer loop
      vertex 53.2720631 40.6499543 0.04
      vertex 53.3324966 40.274361 0
      vertex 53.2720631 40.6499543 0
    endloop
  endfacet
  facet normal 0.990902635 0.134580709 0
    outer loop
      vertex 53.3324966 40.274361 0.04
      vertex 53.3836944 39.8973977 0.04
      vertex 53.3836944 39.8973977 0
    endloop
  endfacet
  facet normal 0.990902635 0.134580709 0
    outer loop
      vertex 53.3324966 40.274361 0.04
      vertex 53.3836944 39.8973977 0
      vertex 53.3324966 40.274361 0
    endloop
  endfacet
  facet normal 0.99390697 0.110222207 0
    outer loop
      vertex 53.3836944 39.8973977 0.04
      vertex 53.4256256 39.5192915 0.04
      vertex 53.4256256 39.5192915 0
    endloop
  endfacet
  facet normal 0.99390697 0.110222207 0
    outer loop
      vertex 53.3836944 39.8973977 0.04
      vertex 53.4256256 39.5192915 0
      vertex 53.3836944 39.8973977 0
    endloop
  endfacet
  facet normal 0.996312612 0.0857973123 0
    outer loop
      vertex 53.4256256 39.5192915 0.04
      vertex 53.4582649 39.1402701 0.04
      vertex 53.4582649 39.1402701 0
    endloop
  endfacet
  facet normal 0.996312612 0.0857973123 0
    outer loop
      vertex 53.4256256 39.5192915 0.04
      vertex 53.4582649 39.1402701 0
      vertex 53.4256256 39.5192915 0
    endloop
  endfacet
  facet normal 0.998118113 0.0613207363 0
    outer loop
      vertex 53.4582649 39.1402701 0.04
      vertex 53.4815928 38.7605619 0.04
      vertex 53.4815928 38.7605619 0
    endloop
  endfacet
  facet normal 0.998118113 0.0613207363 0
    outer loop
      vertex 53.4582649 39.1402701 0.04
      vertex 53.4815928 38.7605619 0
      vertex 53.4582649 39.1402701 0
    endloop
  endfacet
  facet normal 0.999322385 0.0368072229 0
    outer loop
      vertex 53.4815928 38.7605619 0.04
      vertex 53.4955952 38.3803955 0.04
      vertex 53.4955952 38.3803955 0
    endloop
  endfacet
  facet normal 0.999322385 0.0368072229 0
    outer loop
      vertex 53.4815928 38.7605619 0.04
      vertex 53.4955952 38.3803955 0
      vertex 53.4815928 38.7605619 0
    endloop
  endfacet
  facet normal 0.999924702 0.0122715383 0
    outer loop
      vertex 53.4955952 38.3803955 0.04
      vertex 53.5 38.021476 0.04
      vertex 53.5 38.021476 0
    endloop
  endfacet
  facet normal 0.999924702 0.0122715383 0
    outer loop
      vertex 53.4955952 38.3803955 0.04
      vertex 53.5 38.021476 0
      vertex 53.4955952 38.3803955 0
    endloop
  endfacet
  facet normal 1 0 0
    outer loop
      vertex 53.5 38.021476 0.04
      vertex 53.5 -38.021476 0.04
      vertex 53.5 -38.021476 0
    endloop
  endfacet
  facet normal 1 0 0
    outer loop
      vertex 53.5 38.021476 0.04
      vertex 53.5 -38.021476 0
      vertex 53.5 38.021476 0
    endloop
  endfacet
  facet normal 0.999924702 -0.0122715383 0
    outer loop
      vertex 53.5 -38.021476 0.04
      vertex 53.4955952 -38.3803955 0.04
      vertex 53.4955952 -38.3803955 0
    endloop
  endfacet
  facet normal 0.999924702 -0.0122715383 0
    outer loop
      vertex 53.5 -38.021476 0.04
      vertex 53.4955952 -38.3803955 0
      vertex 53.5 -38.021476 0
    endloop
  endfacet
  facet normal 0.999322385 -0.0368072229 0
    outer loop
      vertex 53.4955952 -38.3803955 0.04
      vertex 53.4815928 -38.7605619 0.04
      vertex 53.4815928 -38.7605619 0
    endloop
  endfacet
  facet normal 0.999322385 -0.0368072229 0
    outer loop
      vertex 53.4955952 -38.3803955 0.04
      vertex 53.4815928 -38.7605619 0
      vertex 53.4955952 -38.3803955 0
    endloop
  endfacet
  facet normal 0.998118113 -0.0613207363 0
    outer loop
      vertex 53.4815928 -38.7605619 0.04
      vertex 53.4582649 -39.1402701 0.04
      vertex 53.4582649 -39.1402701 0
    endloop
  endfacet
  facet normal 0.998118113 -0.0613207363 0
    outer loop
      vertex 53.4815928 -38.7605619 0.04
      vertex 53.4582649 -39.1402701 0
      vertex 53.4815928 -38.7605619 0
    endloop
  endfacet
  facet normal 0.996312612 -0.0857973123 0
    outer loop
      vertex 53.4582649 -39.1402701 0.04
      vertex 53.4256256 -39.5192915 0.04
      vertex 53.4256256 -39.5192915 0
    endloop
  endfacet
  facet normal 0.996312612 -0.0857973123 0
    outer loop
      vertex 53.4582649 -39.1402701 0.04
      vertex 53.4256256 -39.5192915 0
      vertex 53.4582649 -39.1402701 0
    endloop
  endfacet
  facet normal 0.99390697 -0.110222207 0
    outer loop
      vertex 53.4256256 -39.5192915 0.04
      vertex 53.3836944 -39.8973977 0.04
      vertex 53.3836944 -39.8973977 0
    endloop
  endfacet
  facet normal 0.99390697 -0.110222207 0
    outer loop
      vertex 53.4256256 -39.5192915 0.04
      vertex 53.3836944 -39.8973977 0
      vertex 53.4256256 -39.5192915 0
    endloop
  endfacet
  facet normal 0.990902635 -0.134580709 0
    outer loop
      vertex 53.3836944 -39.8973977 0.04
      vertex 53.3324966 -40.274361 0.04
      vertex 53.3324966 -40.274361 0
    endloop
  endfacet
  facet normal 0.990902635 -0.134580709 0
    outer loop
      vertex 53.3836944 -39.8973977 0.04
      vertex 53.3324966 -40.274361 0
      vertex 53.3836944 -39.8973977 0
    endloop
  endfacet
  facet normal 0.987301418 -0.158858143 0
    outer loop
      vertex 53.3324966 -40.274361 0.04
      vertex 53.2720631 -40.6499543 0.04
      vertex 53.2720631 -40.6499543 0
    endloop
  endfacet
  facet normal 0.987301418 -0.158858143 0
    outer loop
      vertex 53.3324966 -40.274361 0.04
      vertex 53.2720631 -40.6499543 0
      vertex 53.3324966 -40.274361 0
    endloop
  endfacet
  facet normal 0.983105487 -0.183039888 0
    outer loop
      vertex 53.2720631 -40.6499543 0.04
      vertex 53.2024303 -41.0239514 0.04
      vertex 53.2024303 -41.0239514 0
    endloop
  endfacet
  facet normal 0.983105487 -0.183039888 0
    outer loop
      vertex 53.2720631 -40.6499543 0.04
      vertex 53.2024303 -41.0239514 0
      vertex 53.2720631 -40.6499543 0
    endloop
  endfacet
  facet normal 0.978317371 -0.207111376 0
    outer loop
      vertex 53.2024303 -41.0239514 0.04
      vertex 53.1236402 -41.396127 0.04
      vertex 53.1236402 -41.396127 0
    endloop
  endfacet
  facet normal 0.978317371 -0.207111376 0
    outer loop
      vertex 53.2024303 -41.0239514 0.04
      vertex 53.1236402 -41.396127 0
      vertex 53.2024303 -41.0239514 0
    endloop
  endfacet
  facet normal 0.972939952 -0.231058108 0
    outer loop
      vertex 53.1236402 -41.396127 0.04
      vertex 53.0357401 -41.7662568 0.04
      vertex 53.0357401 -41.7662568 0
    endloop
  endfacet
  facet normal 0.972939952 -0.231058108 0
    outer loop
      vertex 53.1236402 -41.396127 0.04
      vertex 53.0357401 -41.7662568 0
      vertex 53.1236402 -41.396127 0
    endloop
  endfacet
  facet normal 0.966976471 -0.25486566 0
    outer loop
      vertex 53.0357401 -41.7662568 0.04
      vertex 52.938783 -42.134118 0.04
      vertex 52.938783 -42.134118 0
    endloop
  endfacet
  facet normal 0.966976471 -0.25486566 0
    outer loop
      vertex 53.0357401 -41.7662568 0.04
      vertex 52.938783 -42.134118 0
      vertex 53.0357401 -41.7662568 0
    endloop
  endfacet
  facet normal 0.960430519 -0.278519689 0
    outer loop
      vertex 52.938783 -42.134118 0.04
      vertex 52.8328274 -42.499489 0.04
      vertex 52.8328274 -42.499489 0
    endloop
  endfacet
  facet normal 0.960430519 -0.278519689 0
    outer loop
      vertex 52.938783 -42.134118 0.04
      vertex 52.8328274 -42.499489 0
      vertex 52.938783 -42.134118 0
    endloop
  endfacet
  facet normal 0.95330604 -0.302005949 0
    outer loop
      vertex 52.8328274 -42.499489 0.04
      vertex 52.7179371 -42.8621497 0.04
      vertex 52.7179371 -42.8621497 0
    endloop
  endfacet
  facet normal 0.95330604 -0.302005949 0
    outer loop
      vertex 52.8328274 -42.499489 0.04
      vertex 52.7179371 -42.8621497 0
      vertex 52.8328274 -42.499489 0
    endloop
  endfacet
  facet normal 0.945607325 -0.325310292 0
    outer loop
      vertex 52.7179371 -42.8621497 0.04
      vertex 52.5941812 -43.2218815 0.04
      vertex 52.5941812 -43.2218815 0
    endloop
  endfacet
  facet normal 0.945607325 -0.325310292 0
    outer loop
      vertex 52.7179371 -42.8621497 0.04
      vertex 52.5941812 -43.2218815 0
      vertex 52.7179371 -42.8621497 0
    endloop
  endfacet
  facet normal 0.937339012 -0.34841868 0
    outer loop
      vertex 52.5941812 -43.2218815 0.04
      vertex 52.4616343 -43.5784679 0.04
      vertex 52.4616343 -43.5784679 0
    endloop
  endfacet
  facet normal 0.937339012 -0.34841868 0
    outer loop
      vertex 52.5941812 -43.2218815 0.04
      vertex 52.4616343 -43.5784679 0
      vertex 52.5941812 -43.2218815 0
    endloop
  endfacet
  facet normal 0.92850608 -0.371317194 0
    outer loop
      vertex 52.4616343 -43.5784679 0.04
      vertex 52.3203763 -43.9316941 0.04
      vertex 52.3203763 -43.9316941 0
    endloop
  endfacet
  facet normal 0.92850608 -0.371317194 0
    outer loop
      vertex 52.4616343 -43.5784679 0.04
      vertex 52.3203763 -43.9316941 0
      vertex 52.4616343 -43.5784679 0
    endloop
  endfacet
  facet normal 0.919113852 -0.39399204 0
    outer loop
      vertex 52.3203763 -43.9316941 0.04
      vertex 52.1704922 -44.2813472 0.04
      vertex 52.1704922 -44.2813472 0
    endloop
  endfacet
  facet normal 0.919113852 -0.39399204 0
    outer loop
      vertex 52.3203763 -43.9316941 0.04
      vertex 52.1704922 -44.2813472 0
      vertex 52.3203763 -43.9316941 0
    endloop
  endfacet
  facet normal 0.909167983 -0.41642956 0
    outer loop
      vertex 52.1704922 -44.2813472 0.04
      vertex 52.0120723 -44.6272166 0.04
      vertex 52.0120723 -44.6272166 0
    endloop
  endfacet
  facet normal 0.909167983 -0.41642956 0
    outer loop
      vertex 52.1704922 -44.2813472 0.04
      vertex 52.0120723 -44.6272166 0
      vertex 52.1704922 -44.2813472 0
    endloop
  endfacet
  facet normal 0.898674466 -0.438616239 0
    outer loop
      vertex 52.0120723 -44.6272166 0.04
      vertex 51.8452121 -44.9690941 0.04
      vertex 51.8452121 -44.9690941 0
    endloop
  endfacet
  facet normal 0.898674466 -0.438616239 0
    outer loop
      vertex 52.0120723 -44.6272166 0.04
      vertex 51.8452121 -44.9690941 0
      vertex 52.0120723 -44.6272166 0
    endloop
  endfacet
  facet normal 0.88763962 -0.460538711 0
    outer loop
      vertex 51.8452121 -44.9690941 0.04
      vertex 51.670012 -45.3067737 0.04
      vertex 51.670012 -45.3067737 0
    endloop
  endfacet
  facet normal 0.88763962 -0.460538711 0
    outer loop
      vertex 51.8452121 -44.9690941 0.04
      vertex 51.670012 -45.3067737 0
      vertex 51.8452121 -44.9690941 0
    endloop
  endfacet
  facet normal 0.876070094 -0.482183772 0
    outer loop
      vertex 51.670012 -45.3067737 0.04
      vertex 51.4865777 -45.6400519 0.04
      vertex 51.4865777 -45.6400519 0
    endloop
  endfacet
  facet normal 0.876070094 -0.482183772 0
    outer loop
      vertex 51.670012 -45.3067737 0.04
      vertex 51.4865777 -45.6400519 0
      vertex 51.670012 -45.3067737 0
    endloop
  endfacet
  facet normal 0.863972856 -0.503538384 0
    outer loop
      vertex 51.4865777 -45.6400519 0.04
      vertex 51.2950195 -45.968728 0.04
      vertex 51.2950195 -45.968728 0
    endloop
  endfacet
  facet normal 0.863972856 -0.503538384 0
    outer loop
      vertex 51.4865777 -45.6400519 0.04
      vertex 51.2950195 -45.968728 0
      vertex 51.4865777 -45.6400519 0
    endloop
  endfacet
  facet normal 0.851355193 -0.524589683 0
    outer loop
      vertex 51.2950195 -45.968728 0.04
      vertex 51.0954529 -46.2926041 0.04
      vertex 51.0954529 -46.2926041 0
    endloop
  endfacet
  facet normal 0.851355193 -0.524589683 0
    outer loop
      vertex 51.2950195 -45.968728 0.04
      vertex 51.0954529 -46.2926041 0
      vertex 51.2950195 -45.968728 0
    endloop
  endfacet
  facet normal 0.838224706 -0.545324988 0
    outer loop
      vertex 51.0954529 -46.2926041 0.04
      vertex 50.8879981 -46.611485 0.04
      vertex 50.8879981 -46.611485 0
    endloop
  endfacet
  facet normal 0.838224706 -0.545324988 0
    outer loop
      vertex 51.0954529 -46.2926041 0.04
      vertex 50.8879981 -46.611485 0
      vertex 51.0954529 -46.2926041 0
    endloop
  endfacet
  facet normal 0.824589303 -0.565731811 0
    outer loop
      vertex 50.8879981 -46.611485 0.04
      vertex 50.6727801 -46.9251787 0.04
      vertex 50.6727801 -46.9251787 0
    endloop
  endfacet
  facet normal 0.824589303 -0.565731811 0
    outer loop
      vertex 50.8879981 -46.611485 0.04
      vertex 50.6727801 -46.9251787 0
      vertex 50.8879981 -46.611485 0
    endloop
  endfacet
  facet normal 0.810457198 -0.585797857 0
    outer loop
      vertex 50.6727801 -46.9251787 0.04
      vertex 50.4499284 -47.2334962 0.04
      vertex 50.4499284 -47.2334962 0
    endloop
  endfacet
  facet normal 0.810457198 -0.585797857 0
    outer loop
      vertex 50.6727801 -46.9251787 0.04
      vertex 50.4499284 -47.2334962 0
      vertex 50.6727801 -46.9251787 0
    endloop
  endfacet
  facet normal 0.795836905 -0.605511041 0
    outer loop
      vertex 50.4499284 -47.2334962 0.04
      vertex 50.2195774 -47.5362518 0.04
      vertex 50.2195774 -47.5362518 0
    endloop
  endfacet
  facet normal 0.795836905 -0.605511041 0
    outer loop
      vertex 50.4499284 -47.2334962 0.04
      vertex 50.2195774 -47.5362518 0
      vertex 50.4499284 -47.2334962 0
    endloop
  endfacet
  facet normal 0.780737229 -0.624859488 0
    outer loop
      vertex 50.2195774 -47.5362518 0.04
      vertex 49.9818658 -47.8332631 0.04
      vertex 49.9818658 -47.8332631 0
    endloop
  endfacet
  facet normal 0.780737229 -0.624859488 0
    outer loop
      vertex 50.2195774 -47.5362518 0.04
      vertex 49.9818658 -47.8332631 0
      vertex 50.2195774 -47.5362518 0
    endloop
  endfacet
  facet normal 0.765167266 -0.643831543 0
    outer loop
      vertex 49.9818658 -47.8332631 0.04
      vertex 49.7369367 -48.1243512 0.04
      vertex 49.7369367 -48.1243512 0
    endloop
  endfacet
  facet normal 0.765167266 -0.643831543 0
    outer loop
      vertex 49.9818658 -47.8332631 0.04
      vertex 49.7369367 -48.1243512 0
      vertex 49.9818658 -47.8332631 0
    endloop
  endfacet
  facet normal 0.749136395 -0.662415778 0
    outer loop
      vertex 49.7369367 -48.1243512 0.04
      vertex 49.4849377 -48.4093408 0.04
      vertex 49.4849377 -48.4093408 0
    endloop
  endfacet
  facet normal 0.749136395 -0.662415778 0
    outer loop
      vertex 49.7369367 -48.1243512 0.04
      vertex 49.4849377 -48.4093408 0
      vertex 49.7369367 -48.1243512 0
    endloop
  endfacet
  facet normal 0.732654272 -0.680600998 0
    outer loop
      vertex 49.4849377 -48.4093408 0.04
      vertex 49.2260207 -48.6880602 0.04
      vertex 49.2260207 -48.6880602 0
    endloop
  endfacet
  facet normal 0.732654272 -0.680600998 0
    outer loop
      vertex 49.4849377 -48.4093408 0.04
      vertex 49.2260207 -48.6880602 0
      vertex 49.4849377 -48.4093408 0
    endloop
  endfacet
  facet normal 0.715730825 -0.698376249 0
    outer loop
      vertex 49.2260207 -48.6880602 0.04
      vertex 48.9603415 -48.9603415 0.04
      vertex 48.9603415 -48.9603415 0
    endloop
  endfacet
  facet normal 0.715730825 -0.698376249 0
    outer loop
      vertex 49.2260207 -48.6880602 0.04
      vertex 48.9603415 -48.9603415 0
      vertex 49.2260207 -48.6880602 0
    endloop
  endfacet
  facet normal 0.698376249 -0.715730825 0
    outer loop
      vertex 48.9603415 -48.9603415 0.04
      vertex 48.6880602 -49.2260207 0.04
      vertex 48.6880602 -49.2260207 0
    endloop
  endfacet
  facet normal 0.698376249 -0.715730825 0
    outer loop
      vertex 48.9603415 -48.9603415 0.04
      vertex 48.6880602 -49.2260207 0
      vertex 48.9603415 -48.9603415 0
    endloop
  endfacet
  facet normal 0.680600998 -0.732654272 0
    outer loop
      vertex 48.6880602 -49.2260207 0.04
      vertex 48.4093408 -49.4849377 0.04
      vertex 48.4093408 -49.4849377 0
    endloop
  endfacet
  facet normal 0.680600998 -0.732654272 0
    outer loop
      vertex 48.6880602 -49.2260207 0.04
      vertex 48.4093408 -49.4849377 0
      vertex 48.6880602 -49.2260207 0
    endloop
  endfacet
  facet normal 0.662415778 -0.749136395 0
    outer loop
      vertex 48.4093408 -49.4849377 0.04
      vertex 48.1243512 -49.7369367 0.04
      vertex 48.1243512 -49.7369367 0
    endloop
  endfacet
  facet normal 0.662415778 -0.749136395 0
    outer loop
      vertex 48.4093408 -49.4849377 0.04
      vertex 48.1243512 -49.7369367 0
      vertex 48.4093408 -49.4849377 0
    endloop
  endfacet
  facet normal 0.643831543 -0.765167266 0
    outer loop
      vertex 48.1243512 -49.7369367 0.04
      vertex 47.8332631 -49.9818658 0.04
      vertex 47.8332631 -49.9818658 0
    endloop
  endfacet
  facet normal 0.643831543 -0.765167266 0
    outer loop
      vertex 48.1243512 -49.7369367 0.04
      vertex 47.8332631 -49.9818658 0
      vertex 48.1243512 -49.7369367 0
    endloop
  endfacet
  facet normal 0.624859488 -0.780737229 0
    outer loop
      vertex 47.8332631 -49.9818658 0.04
      vertex 47.5362518 -50.2195774 0.04
      vertex 47.5362518 -50.2195774 0
    endloop
  endfacet
  facet normal 0.624859488 -0.780737229 0
    outer loop
      vertex 47.8332631 -49.9818658 0.04
      vertex 47.5362518 -50.2195774 0
      vertex 47.8332631 -49.9818658 0
    endloop
  endfacet
  facet normal 0.605511041 -0.795836905 0
    outer loop
      vertex 47.5362518 -50.2195774 0.04
      vertex 47.2334962 -50.4499284 0.04
      vertex 47.2334962 -50.4499284 0
    endloop
  endfacet
  facet normal 0.605511041 -0.795836905 0
    outer loop
      vertex 47.5362518 -50.2195774 0.04
      vertex 47.2334962 -50.4499284 0
      vertex 47.5362518 -50.2195774 0
    endloop
  endfacet
  facet normal 0.585797857 -0.810457198 0
    outer loop
      vertex 47.2334962 -50.4499284 0.04
      vertex 46.9251787 -50.6727801 0.04
      vertex 46.9251787 -50.6727801 0
    endloop
  endfacet
  facet normal 0.585797857 -0.810457198 0
    outer loop
      vertex 47.2334962 -50.4499284 0.04
      vertex 46.9251787 -50.6727801 0
      vertex 47.2334962 -50.4499284 0
    endloop
  endfacet
  facet normal 0.565731811 -0.824589303 0
    outer loop
      vertex 46.9251787 -50.6727801 0.04
      vertex 46.611485 -50.8879981 0.04
      vertex 46.611485 -50.8879981 0
    endloop
  endfacet
  facet normal 0.565731811 -0.824589303 0
    outer loop
      vertex 46.9251787 -50.6727801 0.04
      vertex 46.611485 -50.8879981 0
      vertex 46.9251787 -50.6727801 0
    endloop
  endfacet
  facet normal 0.545324988 -0.838224706 0
    outer loop
      vertex 46.611485 -50.8879981 0.04
      vertex 46.2926041 -51.0954529 0.04
      vertex 46.2926041 -51.0954529 0
    endloop
  endfacet
  facet normal 0.545324988 -0.838224706 0
    outer loop
      vertex 46.611485 -50.8879981 0.04
      vertex 46.2926041 -51.0954529 0
      vertex 46.611485 -50.8879981 0
    endloop
  endfacet
  facet normal 0.524589683 -0.851355193 0
    outer loop
      vertex 46.2926041 -51.0954529 0.04
      vertex 45.968728 -51.2950195 0.04
      vertex 45.968728 -51.2950195 0
    endloop
  endfacet
  facet normal 0.524589683 -0.851355193 0
    outer loop
      vertex 46.2926041 -51.0954529 0.04
      vertex 45.968728 -51.2950195 0
      vertex 46.2926041 -51.0954529 0
    endloop
  endfacet
  facet normal 0.503538384 -0.863972856 0
    outer loop
      vertex 45.968728 -51.2950195 0.04
      vertex 45.6400519 -51.4865777 0.04
      vertex 45.6400519 -51.4865777 0
    endloop
  endfacet
  facet normal 0.503538384 -0.863972856 0
    outer loop
      vertex 45.968728 -51.2950195 0.04
      vertex 45.6400519 -51.4865777 0
      vertex 45.968728 -51.2950195 0
    endloop
  endfacet
  facet normal 0.482183772 -0.876070094 0
    outer loop
      vertex 45.6400519 -51.4865777 0.04
      vertex 45.3067737 -51.670012 0.04
      vertex 45.3067737 -51.670012 0
    endloop
  endfacet
  facet normal 0.482183772 -0.876070094 0
    outer loop
      vertex 45.6400519 -51.4865777 0.04
      vertex 45.3067737 -51.670012 0
      vertex 45.6400519 -51.4865777 0
    endloop
  endfacet
  facet normal 0.460538711 -0.88763962 0
    outer loop
      vertex 45.3067737 -51.670012 0.04
      vertex 44.9690941 -51.8452121 0.04
      vertex 44.9690941 -51.8452121 0
    endloop
  endfacet
  facet normal 0.460538711 -0.88763962 0
    outer loop
      vertex 45.3067737 -51.670012 0.04
      vertex 44.9690941 -51.8452121 0
      vertex 45.3067737 -51.670012 0
    endloop
  endfacet
  facet normal 0.438616239 -0.898674466 0
    outer loop
      vertex 44.9690941 -51.8452121 0.04
      vertex 44.6272166 -52.0120723 0.04
      vertex 44.6272166 -52.0120723 0
    endloop
  endfacet
  facet normal 0.438616239 -0.898674466 0
    outer loop
      vertex 44.9690941 -51.8452121 0.04
      vertex 44.6272166 -52.0120723 0
      vertex 44.9690941 -51.8452121 0
    endloop
  endfacet
  facet normal 0.41642956 -0.909167983 0
    outer loop
      vertex 44.6272166 -52.0120723 0.04
      vertex 44.2813472 -52.1704922 0.04
      vertex 44.2813472 -52.1704922 0
    endloop
  endfacet
  facet normal 0.41642956 -0.909167983 0
    outer loop
      vertex 44.6272166 -52.0120723 0.04
      vertex 44.2813472 -52.1704922 0
      vertex 44.6272166 -52.0120723 0
    endloop
  endfacet
  facet normal 0.39399204 -0.919113852 0
    outer loop
      vertex 44.2813472 -52.1704922 0.04
      vertex 43.9316941 -52.3203763 0.04
      vertex 43.9316941 -52.3203763 0
    endloop
  endfacet
  facet normal 0.39399204 -0.919113852 0
    outer loop
      vertex 44.2813472 -52.1704922 0.04
      vertex 43.9316941 -52.3203763 0
      vertex 44.2813472 -52.1704922 0
    endloop
  endfacet
  facet normal 0.371317194 -0.92850608 0
    outer loop
      vertex 43.9316941 -52.3203763 0.04
      vertex 43.5784679 -52.4616343 0.04
      vertex 43.5784679 -52.4616343 0
    endloop
  endfacet
  facet normal 0.371317194 -0.92850608 0
    outer loop
      vertex 43.9316941 -52.3203763 0.04
      vertex 43.5784679 -52.4616343 0
      vertex 43.9316941 -52.3203763 0
    endloop
  endfacet
  facet normal 0.34841868 -0.937339012 0
    outer loop
      vertex 43.5784679 -52.4616343 0.04
      vertex 43.2218815 -52.5941812 0.04
      vertex 43.2218815 -52.5941812 0
    endloop
  endfacet
  facet normal 0.34841868 -0.937339012 0
    outer loop
      vertex 43.5784679 -52.4616343 0.04
      vertex 43.2218815 -52.5941812 0
      vertex 43.5784679 -52.4616343 0
    endloop
  endfacet
  facet normal 0.325310292 -0.945607325 0
    outer loop
      vertex 43.2218815 -52.5941812 0.04
      vertex 42.8621497 -52.7179371 0.04
      vertex 42.8621497 -52.7179371 0
    endloop
  endfacet
  facet normal 0.325310292 -0.945607325 0
    outer loop
      vertex 43.2218815 -52.5941812 0.04
      vertex 42.8621497 -52.7179371 0
      vertex 43.2218815 -52.5941812 0
    endloop
  endfacet
  facet normal 0.302005949 -0.95330604 0
    outer loop
      vertex 42.8621497 -52.7179371 0.04
      vertex 42.499489 -52.8328274 0.04
      vertex 42.499489 -52.8328274 0
    endloop
  endfacet
  facet normal 0.302005949 -0.95330604 0
    outer loop
      vertex 42.8621497 -52.7179371 0.04
      vertex 42.499489 -52.8328274 0
      vertex 42.8621497 -52.7179371 0
    endloop
  endfacet
  facet normal 0.278519689 -0.960430519 0
    outer loop
      vertex 42.499489 -52.8328274 0.04
      vertex 42.134118 -52.938783 0.04
      vertex 42.134118 -52.938783 0
    endloop
  endfacet
  facet normal 0.278519689 -0.960430519 0
    outer loop
      vertex 42.499489 -52.8328274 0.04
      vertex 42.134118 -52.938783 0
      vertex 42.499489 -52.8328274 0
    endloop
  endfacet
  facet normal 0.25486566 -0.966976471 0
    outer loop
      vertex 42.134118 -52.938783 0.04
      vertex 41.7662568 -53.0357401 0.04
      vertex 41.7662568 -53.0357401 0
    endloop
  endfacet
  facet normal 0.25486566 -0.966976471 0
    outer loop
      vertex 42.134118 -52.938783 0.04
      vertex 41.7662568 -53.0357401 0
      vertex 42.134118 -52.938783 0
    endloop
  endfacet
  facet normal 0.231058108 -0.972939952 0
    outer loop
      vertex 41.7662568 -53.0357401 0.04
      vertex 41.396127 -53.1236402 0.04
      vertex 41.396127 -53.1236402 0
    endloop
  endfacet
  facet normal 0.231058108 -0.972939952 0
    outer loop
      vertex 41.7662568 -53.0357401 0.04
      vertex 41.396127 -53.1236402 0
      vertex 41.7662568 -53.0357401 0
    endloop
  endfacet
  facet normal 0.207111376 -0.978317371 0
    outer loop
      vertex 41.396127 -53.1236402 0.04
      vertex 41.0239514 -53.2024303 0.04
      vertex 41.0239514 -53.2024303 0
    endloop
  endfacet
  facet normal 0.207111376 -0.978317371 0
    outer loop
      vertex 41.396127 -53.1236402 0.04
      vertex 41.0239514 -53.2024303 0
      vertex 41.396127 -53.1236402 0
    endloop
  endfacet
  facet normal 0.183039888 -0.983105487 0
    outer loop
      vertex 41.0239514 -53.2024303 0.04
      vertex 40.6499543 -53.2720631 0.04
      vertex 40.6499543 -53.2720631 0
    endloop
  endfacet
  facet normal 0.183039888 -0.983105487 0
    outer loop
      vertex 41.0239514 -53.2024303 0.04
      vertex 40.6499543 -53.2720631 0
      vertex 41.0239514 -53.2024303 0
    endloop
  endfacet
  facet normal 0.158858143 -0.987301418 0
    outer loop
      vertex 40.6499543 -53.2720631 0.04
      vertex 40.274361 -53.3324966 0.04
      vertex 40.274361 -53.3324966 0
    endloop
  endfacet
  facet normal 0.158858143 -0.987301418 0
    outer loop
      vertex 40.6499543 -53.2720631 0.04
      vertex 40.274361 -53.3324966 0
      vertex 40.6499543 -53.2720631 0
    endloop
  endfacet
  facet normal 0.134580709 -0.990902635 0
    outer loop
      vertex 40.274361 -53.3324966 0.04
      vertex 39.8973977 -53.3836944 0.04
      vertex 39.8973977 -53.3836944 0
    endloop
  endfacet
  facet normal 0.134580709 -0.990902635 0
    outer loop
      vertex 40.274361 -53.3324966 0.04
      vertex 39.8973977 -53.3836944 0
      vertex 40.274361 -53.3324966 0
    endloop
  endfacet
  facet normal 0.110222207 -0.99390697 0
    outer loop
      vertex 39.8973977 -53.3836944 0.04
      vertex 39.5192915 -53.4256256 0.04
      vertex 39.5192915 -53.4256256 0
    endloop
  endfacet
  facet normal 0.110222207 -0.99390697 0
    outer loop
      vertex 39.8973977 -53.3836944 0.04
      vertex 39.5192915 -53.4256256 0
      vertex 39.8973977 -53.3836944 0
    endloop
  endfacet
  facet normal 0.0857973123 -0.996312612 0
    outer loop
      vertex 39.5192915 -53.4256256 0.04
      vertex 39.1402701 -53.4582649 0.04
      vertex 39.1402701 -53.4582649 0
    endloop
  endfacet
  facet normal 0.0857973123 -0.996312612 0
    outer loop
      vertex 39.5192915 -53.4256256 0.04
      vertex 39.1402701 -53.4582649 0
      vertex 39.5192915 -53.4256256 0
    endloop
  endfacet
  facet normal 0.0613207363 -0.998118113 0
    outer loop
      vertex 39.1402701 -53.4582649 0.04
      vertex 38.7605619 -53.4815928 0.04
      vertex 38.7605619 -53.4815928 0
    endloop
  endfacet
  facet normal 0.0613207363 -0.998118113 0
    outer loop
      vertex 39.1402701 -53.4582649 0.04
      vertex 38.7605619 -53.4815928 0
      vertex 39.1402701 -53.4582649 0
    endloop
  endfacet
  facet normal 0.0368072229 -0.999322385 0
    outer loop
      vertex 38.7605619 -53.4815928 0.04
      vertex 38.3803955 -53.4955952 0.04
      vertex 38.3803955 -53.4955952 0
    endloop
  endfacet
  facet normal 0.0368072229 -0.999322385 0
    outer loop
      vertex 38.7605619 -53.4815928 0.04
      vertex 38.3803955 -53.4955952 0
      vertex 38.7605619 -53.4815928 0
    endloop
  endfacet
  facet normal 0.0122715383 -0.999924702 0
    outer loop
      vertex 38.3803955 -53.4955952 0.04
      vertex 38.021476 -53.5 0.04
      vertex 38.021476 -53.5 0
    endloop
  endfacet
  facet normal 0.0122715383 -0.999924702 0
    outer loop
      vertex 38.3803955 -53.4955952 0.04
      vertex 38.021476 -53.5 0
      vertex 38.3803955 -53.4955952 0
    endloop
  endfacet
  facet normal -0 -1 0
    outer loop
      vertex 38.021476 -53.5 0.04
      vertex -38.021476 -53.5 0.04
      vertex -38.021476 -53.5 0
    endloop
  endfacet
  facet normal 0 -1 -0
    outer loop
      vertex 38.021476 -53.5 0.04
      vertex -38.021476 -53.5 0
      vertex 38.021476 -53.5 0
    endloop
  endfacet
  facet normal -0.0122715383 -0.999924702 0
    outer loop
      vertex -38.021476 -53.5 0.04
      vertex -38.3803955 -53.4955952 0.04
      vertex -38.3803955 -53.4955952 0
    endloop
  endfacet
  facet normal -0.0122715383 -0.999924702 -0
    outer loop
      vertex -38.021476 -53.5 0.04
      vertex -38.3803955 -53.4955952 0
      vertex -38.021476 -53.5 0
    endloop
  endfacet
  facet normal -0.0368072229 -0.999322385 0
    outer loop
      vertex -38.3803955 -53.4955952 0.04
      vertex -38.7605619 -53.4815928 0.04
      vertex -38.7605619 -53.4815928 0
    endloop
  endfacet
  facet normal -0.0368072229 -0.999322385 -0
    outer loop
      vertex -38.3803955 -53.4955952 0.04
      vertex -38.7605619 -53.4815928 0
      vertex -38.3803955 -53.4955952 0
    endloop
  endfacet
  facet normal -0.0368072229 0.999322385 0
    outer loop
      vertex 38.208594 -46.4971765 0.04
      vertex 38.4170623 -46.4894981 0.04
      vertex 38.4170623 -46.4894981 0
    endloop
  endfacet
  facet normal -0.0368072229 0.999322385 0
    outer loop
      vertex 38.208594 -46.4971765 0.04
      vertex 38.4170623 -46.4894981 0
      vertex 38.208594 -46.4971765 0
    endloop
  endfacet
  facet normal -0.0613207363 0.998118113 0
    outer loop
      vertex 38.4170623 -46.4894981 0.04
      vertex 38.6252794 -46.476706 0.04
      vertex 38.6252794 -46.476706 0
    endloop
  endfacet
  facet normal -0.0613207363 0.998118113 0
    outer loop
      vertex 38.4170623 -46.4894981 0.04
      vertex 38.6252794 -46.476706 0
      vertex 38.4170623 -46.4894981 0
    endloop
  endfacet
  facet normal -0.0857973123 0.996312612 0
    outer loop
      vertex 38.6252794 -46.476706 0.04
      vertex 38.8331199 -46.4588079 0.04
      vertex 38.8331199 -46.4588079 0
    endloop
  endfacet
  facet normal -0.0857973123 0.996312612 0
    outer loop
      vertex 38.6252794 -46.476706 0.04
      vertex 38.8331199 -46.4588079 0
      vertex 38.6252794 -46.476706 0
    endloop
  endfacet
  facet normal -0.110222207 0.99390697 0
    outer loop
      vertex 38.8331199 -46.4588079 0.04
      vertex 39.0404585 -46.4358145 0.04
      vertex 39.0404585 -46.4358145 0
    endloop
  endfacet
  facet normal -0.110222207 0.99390697 0
    outer loop
      vertex 38.8331199 -46.4588079 0.04
      vertex 39.0404585 -46.4358145 0
      vertex 38.8331199 -46.4588079 0
    endloop
  endfacet
  facet normal -0.134580709 0.990902635 0
    outer loop
      vertex 39.0404585 -46.4358145 0.04
      vertex 39.2471704 -46.4077396 0.04
      vertex 39.2471704 -46.4077396 0
    endloop
  endfacet
  facet normal -0.134580709 0.990902635 0
    outer loop
      vertex 39.0404585 -46.4358145 0.04
      vertex 39.2471704 -46.4077396 0
      vertex 39.0404585 -46.4358145 0
    endloop
  endfacet
  facet normal -0.158858143 0.987301418 0
    outer loop
      vertex 39.2471704 -46.4077396 0.04
      vertex 39.453131 -46.3746003 0.04
      vertex 39.453131 -46.3746003 0
    endloop
  endfacet
  facet normal -0.158858143 0.987301418 0
    outer loop
      vertex 39.2471704 -46.4077396 0.04
      vertex 39.453131 -46.3746003 0
      vertex 39.2471704 -46.4077396 0
    endloop
  endfacet
  facet normal -0.183039888 0.983105487 0
    outer loop
      vertex 39.453131 -46.3746003 0.04
      vertex 39.6582163 -46.3364164 0.04
      vertex 39.6582163 -46.3364164 0
    endloop
  endfacet
  facet normal -0.183039888 0.983105487 0
    outer loop
      vertex 39.453131 -46.3746003 0.04
      vertex 39.6582163 -46.3364164 0
      vertex 39.453131 -46.3746003 0
    endloop
  endfacet
  facet normal -0.207111376 0.978317371 0
    outer loop
      vertex 39.6582163 -46.3364164 0.04
      vertex 39.8623028 -46.2932109 0.04
      vertex 39.8623028 -46.2932109 0
    endloop
  endfacet
  facet normal -0.207111376 0.978317371 0
    outer loop
      vertex 39.6582163 -46.3364164 0.04
      vertex 39.8623028 -46.2932109 0
      vertex 39.6582163 -46.3364164 0
    endloop
  endfacet
  facet normal -0.231058108 0.972939952 0
    outer loop
      vertex 39.8623028 -46.2932109 0.04
      vertex 40.0652675 -46.24501 0.04
      vertex 40.0652675 -46.24501 0
    endloop
  endfacet
  facet normal -0.231058108 0.972939952 0
    outer loop
      vertex 39.8623028 -46.2932109 0.04
      vertex 40.0652675 -46.24501 0
      vertex 39.8623028 -46.2932109 0
    endloop
  endfacet
  facet normal -0.25486566 0.966976471 0
    outer loop
      vertex 40.0652675 -46.24501 0.04
      vertex 40.2669881 -46.1918425 0.04
      vertex 40.2669881 -46.1918425 0
    endloop
  endfacet
  facet normal -0.25486566 0.966976471 0
    outer loop
      vertex 40.0652675 -46.24501 0.04
      vertex 40.2669881 -46.1918425 0
      vertex 40.0652675 -46.24501 0
    endloop
  endfacet
  facet normal -0.278519689 0.960430519 0
    outer loop
      vertex 40.2669881 -46.1918425 0.04
      vertex 40.4673432 -46.1337406 0.04
      vertex 40.4673432 -46.1337406 0
    endloop
  endfacet
  facet normal -0.278519689 0.960430519 0
    outer loop
      vertex 40.2669881 -46.1918425 0.04
      vertex 40.4673432 -46.1337406 0
      vertex 40.2669881 -46.1918425 0
    endloop
  endfacet
  facet normal -0.302005949 0.95330604 0
    outer loop
      vertex 40.4673432 -46.1337406 0.04
      vertex 40.6662121 -46.0707393 0.04
      vertex 40.6662121 -46.0707393 0
    endloop
  endfacet
  facet normal -0.302005949 0.95330604 0
    outer loop
      vertex 40.4673432 -46.1337406 0.04
      vertex 40.6662121 -46.0707393 0
      vertex 40.4673432 -46.1337406 0
    endloop
  endfacet
  facet normal -0.325310292 0.945607325 0
    outer loop
      vertex 40.6662121 -46.0707393 0.04
      vertex 40.863475 -46.0028764 0.04
      vertex 40.863475 -46.0028764 0
    endloop
  endfacet
  facet normal -0.325310292 0.945607325 0
    outer loop
      vertex 40.6662121 -46.0707393 0.04
      vertex 40.863475 -46.0028764 0
      vertex 40.6662121 -46.0707393 0
    endloop
  endfacet
  facet normal -0.34841868 0.937339012 0
    outer loop
      vertex 40.863475 -46.0028764 0.04
      vertex 41.059013 -45.9301929 0.04
      vertex 41.059013 -45.9301929 0
    endloop
  endfacet
  facet normal -0.34841868 0.937339012 0
    outer loop
      vertex 40.863475 -46.0028764 0.04
      vertex 41.059013 -45.9301929 0
      vertex 40.863475 -46.0028764 0
    endloop
  endfacet
  facet normal -0.371317194 0.92850608 0
    outer loop
      vertex 41.059013 -45.9301929 0.04
      vertex 41.2527083 -45.8527325 0.04
      vertex 41.2527083 -45.8527325 0
    endloop
  endfacet
  facet normal -0.371317194 0.92850608 0
    outer loop
      vertex 41.059013 -45.9301929 0.04
      vertex 41.2527083 -45.8527325 0
      vertex 41.059013 -45.9301929 0
    endloop
  endfacet
  facet normal -0.39399204 0.919113852 0
    outer loop
      vertex 41.2527083 -45.8527325 0.04
      vertex 41.4444444 -45.770542 0.04
      vertex 41.4444444 -45.770542 0
    endloop
  endfacet
  facet normal -0.39399204 0.919113852 0
    outer loop
      vertex 41.2527083 -45.8527325 0.04
      vertex 41.4444444 -45.770542 0
      vertex 41.2527083 -45.8527325 0
    endloop
  endfacet
  facet normal -0.41642956 0.909167983 0
    outer loop
      vertex 41.4444444 -45.770542 0.04
      vertex 41.6341056 -45.6836707 0.04
      vertex 41.6341056 -45.6836707 0
    endloop
  endfacet
  facet normal -0.41642956 0.909167983 0
    outer loop
      vertex 41.4444444 -45.770542 0.04
      vertex 41.6341056 -45.6836707 0
      vertex 41.4444444 -45.770542 0
    endloop
  endfacet
  facet normal -0.438616239 0.898674466 0
    outer loop
      vertex 41.6341056 -45.6836707 0.04
      vertex 41.8215778 -45.5921711 0.04
      vertex 41.8215778 -45.5921711 0
    endloop
  endfacet
  facet normal -0.438616239 0.898674466 0
    outer loop
      vertex 41.6341056 -45.6836707 0.04
      vertex 41.8215778 -45.5921711 0
      vertex 41.6341056 -45.6836707 0
    endloop
  endfacet
  facet normal -0.460538711 0.88763962 0
    outer loop
      vertex 41.8215778 -45.5921711 0.04
      vertex 42.006748 -45.4960983 0.04
      vertex 42.006748 -45.4960983 0
    endloop
  endfacet
  facet normal -0.460538711 0.88763962 0
    outer loop
      vertex 41.8215778 -45.5921711 0.04
      vertex 42.006748 -45.4960983 0
      vertex 41.8215778 -45.5921711 0
    endloop
  endfacet
  facet normal -0.482183772 0.876070094 0
    outer loop
      vertex 42.006748 -45.4960983 0.04
      vertex 42.1895047 -45.3955101 0.04
      vertex 42.1895047 -45.3955101 0
    endloop
  endfacet
  facet normal -0.482183772 0.876070094 0
    outer loop
      vertex 42.006748 -45.4960983 0.04
      vertex 42.1895047 -45.3955101 0
      vertex 42.006748 -45.4960983 0
    endloop
  endfacet
  facet normal -0.503538384 0.863972856 0
    outer loop
      vertex 42.1895047 -45.3955101 0.04
      vertex 42.3697378 -45.2904671 0.04
      vertex 42.3697378 -45.2904671 0
    endloop
  endfacet
  facet normal -0.503538384 0.863972856 0
    outer loop
      vertex 42.1895047 -45.3955101 0.04
      vertex 42.3697378 -45.2904671 0
      vertex 42.1895047 -45.3955101 0
    endloop
  endfacet
  facet normal -0.524589683 0.851355193 0
    outer loop
      vertex 42.3697378 -45.2904671 0.04
      vertex 42.5473388 -45.1810326 0.04
      vertex 42.5473388 -45.1810326 0
    endloop
  endfacet
  facet normal -0.524589683 0.851355193 0
    outer loop
      vertex 42.3697378 -45.2904671 0.04
      vertex 42.5473388 -45.1810326 0
      vertex 42.3697378 -45.2904671 0
    endloop
  endfacet
  facet normal -0.545324988 0.838224706 0
    outer loop
      vertex 42.5473388 -45.1810326 0.04
      vertex 42.7222006 -45.0672726 0.04
      vertex 42.7222006 -45.0672726 0
    endloop
  endfacet
  facet normal -0.545324988 0.838224706 0
    outer loop
      vertex 42.5473388 -45.1810326 0.04
      vertex 42.7222006 -45.0672726 0
      vertex 42.5473388 -45.1810326 0
    endloop
  endfacet
  facet normal -0.565731811 0.824589303 0
    outer loop
      vertex 42.7222006 -45.0672726 0.04
      vertex 42.8942179 -44.9492554 0.04
      vertex 42.8942179 -44.9492554 0
    endloop
  endfacet
  facet normal -0.565731811 0.824589303 0
    outer loop
      vertex 42.7222006 -45.0672726 0.04
      vertex 42.8942179 -44.9492554 0
      vertex 42.7222006 -45.0672726 0
    endloop
  endfacet
  facet normal -0.585797857 0.810457198 0
    outer loop
      vertex 42.8942179 -44.9492554 0.04
      vertex 43.0632871 -44.8270523 0.04
      vertex 43.0632871 -44.8270523 0
    endloop
  endfacet
  facet normal -0.585797857 0.810457198 0
    outer loop
      vertex 42.8942179 -44.9492554 0.04
      vertex 43.0632871 -44.8270523 0
      vertex 42.8942179 -44.9492554 0
    endloop
  endfacet
  facet normal -0.605511041 0.795836905 0
    outer loop
      vertex 43.0632871 -44.8270523 0.04
      vertex 43.2293064 -44.7007369 0.04
      vertex 43.2293064 -44.7007369 0
    endloop
  endfacet
  facet normal -0.605511041 0.795836905 0
    outer loop
      vertex 43.0632871 -44.8270523 0.04
      vertex 43.2293064 -44.7007369 0
      vertex 43.0632871 -44.8270523 0
    endloop
  endfacet
  facet normal -0.624859488 0.780737229 0
    outer loop
      vertex 43.2293064 -44.7007369 0.04
      vertex 43.3921757 -44.5703851 0.04
      vertex 43.3921757 -44.5703851 0
    endloop
  endfacet
  facet normal -0.624859488 0.780737229 0
    outer loop
      vertex 43.2293064 -44.7007369 0.04
      vertex 43.3921757 -44.5703851 0
      vertex 43.2293064 -44.7007369 0
    endloop
  endfacet
  facet normal -0.643831543 0.765167266 0
    outer loop
      vertex 43.3921757 -44.5703851 0.04
      vertex 43.551797 -44.4360756 0.04
      vertex 43.551797 -44.4360756 0
    endloop
  endfacet
  facet normal -0.643831543 0.765167266 0
    outer loop
      vertex 43.3921757 -44.5703851 0.04
      vertex 43.551797 -44.4360756 0
      vertex 43.3921757 -44.5703851 0
    endloop
  endfacet
  facet normal -0.662415778 0.749136395 0
    outer loop
      vertex 43.551797 -44.4360756 0.04
      vertex 43.7080741 -44.2978893 0.04
      vertex 43.7080741 -44.2978893 0
    endloop
  endfacet
  facet normal -0.662415778 0.749136395 0
    outer loop
      vertex 43.551797 -44.4360756 0.04
      vertex 43.7080741 -44.2978893 0
      vertex 43.551797 -44.4360756 0
    endloop
  endfacet
  facet normal -0.680600998 0.732654272 0
    outer loop
      vertex 43.7080741 -44.2978893 0.04
      vertex 43.8609129 -44.1559093 0.04
      vertex 43.8609129 -44.1559093 0
    endloop
  endfacet
  facet normal -0.680600998 0.732654272 0
    outer loop
      vertex 43.7080741 -44.2978893 0.04
      vertex 43.8609129 -44.1559093 0
      vertex 43.7080741 -44.2978893 0
    endloop
  endfacet
  facet normal -0.698376249 0.715730825 0
    outer loop
      vertex 43.8609129 -44.1559093 0.04
      vertex 44.0102213 -44.0102213 0.04
      vertex 44.0102213 -44.0102213 0
    endloop
  endfacet
  facet normal -0.698376249 0.715730825 0
    outer loop
      vertex 43.8609129 -44.1559093 0.04
      vertex 44.0102213 -44.0102213 0
      vertex 43.8609129 -44.1559093 0
    endloop
  endfacet
  facet normal -0.715730825 0.698376249 0
    outer loop
      vertex 44.0102213 -44.0102213 0.04
      vertex 44.1559093 -43.8609129 0.04
      vertex 44.1559093 -43.8609129 0
    endloop
  endfacet
  facet normal -0.715730825 0.698376249 0
    outer loop
      vertex 44.0102213 -44.0102213 0.04
      vertex 44.1559093 -43.8609129 0
      vertex 44.0102213 -44.0102213 0
    endloop
  endfacet
  facet normal -0.732654272 0.680600998 0
    outer loop
      vertex 44.1559093 -43.8609129 0.04
      vertex 44.2978893 -43.7080741 0.04
      vertex 44.2978893 -43.7080741 0
    endloop
  endfacet
  facet normal -0.732654272 0.680600998 0
    outer loop
      vertex 44.1559093 -43.8609129 0.04
      vertex 44.2978893 -43.7080741 0
      vertex 44.1559093 -43.8609129 0
    endloop
  endfacet
  facet normal -0.749136395 0.662415778 0
    outer loop
      vertex 44.2978893 -43.7080741 0.04
      vertex 44.4360756 -43.551797 0.04
      vertex 44.4360756 -43.551797 0
    endloop
  endfacet
  facet normal -0.749136395 0.662415778 0
    outer loop
      vertex 44.2978893 -43.7080741 0.04
      vertex 44.4360756 -43.551797 0
      vertex 44.2978893 -43.7080741 0
    endloop
  endfacet
  facet normal -0.765167266 0.643831543 0
    outer loop
      vertex 44.4360756 -43.551797 0.04
      vertex 44.5703851 -43.3921757 0.04
      vertex 44.5703851 -43.3921757 0
    endloop
  endfacet
  facet normal -0.765167266 0.643831543 0
    outer loop
      vertex 44.4360756 -43.551797 0.04
      vertex 44.5703851 -43.3921757 0
      vertex 44.4360756 -43.551797 0
    endloop
  endfacet
  facet normal -0.780737229 0.624859488 0
    outer loop
      vertex 44.5703851 -43.3921757 0.04
      vertex 44.7007369 -43.2293064 0.04
      vertex 44.7007369 -43.2293064 0
    endloop
  endfacet
  facet normal -0.780737229 0.624859488 0
    outer loop
      vertex 44.5703851 -43.3921757 0.04
      vertex 44.7007369 -43.2293064 0
      vertex 44.5703851 -43.3921757 0
    endloop
  endfacet
  facet normal -0.795836905 0.605511041 0
    outer loop
      vertex 44.7007369 -43.2293064 0.04
      vertex 44.8270523 -43.0632871 0.04
      vertex 44.8270523 -43.0632871 0
    endloop
  endfacet
  facet normal -0.795836905 0.605511041 0
    outer loop
      vertex 44.7007369 -43.2293064 0.04
      vertex 44.8270523 -43.0632871 0
      vertex 44.7007369 -43.2293064 0
    endloop
  endfacet
  facet normal -0.810457198 0.585797857 0
    outer loop
      vertex 44.8270523 -43.0632871 0.04
      vertex 44.9492554 -42.8942179 0.04
      vertex 44.9492554 -42.8942179 0
    endloop
  endfacet
  facet normal -0.810457198 0.585797857 0
    outer loop
      vertex 44.8270523 -43.0632871 0.04
      vertex 44.9492554 -42.8942179 0
      vertex 44.8270523 -43.0632871 0
    endloop
  endfacet
  facet normal -0.824589303 0.565731811 0
    outer loop
      vertex 44.9492554 -42.8942179 0.04
      vertex 45.0672726 -42.7222006 0.04
      vertex 45.0672726 -42.7222006 0
    endloop
  endfacet
  facet normal -0.824589303 0.565731811 0
    outer loop
      vertex 44.9492554 -42.8942179 0.04
      vertex 45.0672726 -42.7222006 0
      vertex 44.9492554 -42.8942179 0
    endloop
  endfacet
  facet normal -0.838224706 0.545324988 0
    outer loop
      vertex 45.0672726 -42.7222006 0.04
      vertex 45.1810326 -42.5473388 0.04
      vertex 45.1810326 -42.5473388 0
    endloop
  endfacet
  facet normal -0.838224706 0.545324988 0
    outer loop
      vertex 45.0672726 -42.7222006 0.04
      vertex 45.1810326 -42.5473388 0
      vertex 45.0672726 -42.7222006 0
    endloop
  endfacet
  facet normal -0.851355193 0.524589683 0
    outer loop
      vertex 45.1810326 -42.5473388 0.04
      vertex 45.2904671 -42.3697378 0.04
      vertex 45.2904671 -42.3697378 0
    endloop
  endfacet
  facet normal -0.851355193 0.524589683 0
    outer loop
      vertex 45.1810326 -42.5473388 0.04
      vertex 45.2904671 -42.3697378 0
      vertex 45.1810326 -42.5473388 0
    endloop
  endfacet
  facet normal -0.863972856 0.503538384 0
    outer loop
      vertex 45.2904671 -42.3697378 0.04
      vertex 45.3955101 -42.1895047 0.04
      vertex 45.3955101 -42.1895047 0
    endloop
  endfacet
  facet normal -0.863972856 0.503538384 0
    outer loop
      vertex 45.2904671 -42.3697378 0.04
      vertex 45.3955101 -42.1895047 0
      vertex 45.2904671 -42.3697378 0
    endloop
  endfacet
  facet normal -0.876070094 0.482183772 0
    outer loop
      vertex 45.3955101 -42.1895047 0.04
      vertex 45.4960983 -42.006748 0.04
      vertex 45.4960983 -42.006748 0
    endloop
  endfacet
  facet normal -0.876070094 0.482183772 0
    outer loop
      vertex 45.3955101 -42.1895047 0.04
      vertex 45.4960983 -42.006748 0
      vertex 45.3955101 -42.1895047 0
    endloop
  endfacet
  facet normal -0.88763962 0.460538711 0
    outer loop
      vertex 45.4960983 -42.006748 0.04
      vertex 45.5921711 -41.8215778 0.04
      vertex 45.5921711 -41.8215778 0
    endloop
  endfacet
  facet normal -0.88763962 0.460538711 0
    outer loop
      vertex 45.4960983 -42.006748 0.04
      vertex 45.5921711 -41.8215778 0
      vertex 45.4960983 -42.006748 0
    endloop
  endfacet
  facet normal -0.898674466 0.438616239 0
    outer loop
      vertex 45.5921711 -41.8215778 0.04
      vertex 45.6836707 -41.6341056 0.04
      vertex 45.6836707 -41.6341056 0
    endloop
  endfacet
  facet normal -0.898674466 0.438616239 0
    outer loop
      vertex 45.5921711 -41.8215778 0.04
      vertex 45.6836707 -41.6341056 0
      vertex 45.5921711 -41.8215778 0
    endloop
  endfacet
  facet normal -0.909167983 0.41642956 0
    outer loop
      vertex 45.6836707 -41.6341056 0.04
      vertex 45.770542 -41.4444444 0.04
      vertex 45.770542 -41.4444444 0
    endloop
  endfacet
  facet normal -0.909167983 0.41642956 0
    outer loop
      vertex 45.6836707 -41.6341056 0.04
      vertex 45.770542 -41.4444444 0
      vertex 45.6836707 -41.6341056 0
    endloop
  endfacet
  facet normal -0.919113852 0.39399204 0
    outer loop
      vertex 45.770542 -41.4444444 0.04
      vertex 45.8527325 -41.2527083 0.04
      vertex 45.8527325 -41.2527083 0
    endloop
  endfacet
  facet normal -0.919113852 0.39399204 0
    outer loop
      vertex 45.770542 -41.4444444 0.04
      vertex 45.8527325 -41.2527083 0
      vertex 45.770542 -41.4444444 0
    endloop
  endfacet
  facet normal -0.92850608 0.371317194 0
    outer loop
      vertex 45.8527325 -41.2527083 0.04
      vertex 45.9301929 -41.059013 0.04
      vertex 45.9301929 -41.059013 0
    endloop
  endfacet
  facet normal -0.92850608 0.371317194 0
    outer loop
      vertex 45.8527325 -41.2527083 0.04
      vertex 45.9301929 -41.059013 0
      vertex 45.8527325 -41.2527083 0
    endloop
  endfacet
  facet normal -0.937339012 0.34841868 0
    outer loop
      vertex 45.9301929 -41.059013 0.04
      vertex 46.0028764 -40.863475 0.04
      vertex 46.0028764 -40.863475 0
    endloop
  endfacet
  facet normal -0.937339012 0.34841868 0
    outer loop
      vertex 45.9301929 -41.059013 0.04
      vertex 46.0028764 -40.863475 0
      vertex 45.9301929 -41.059013 0
    endloop
  endfacet
  facet normal -0.945607325 0.325310292 0
    outer loop
      vertex 46.0028764 -40.863475 0.04
      vertex 46.0707393 -40.6662121 0.04
      vertex 46.0707393 -40.6662121 0
    endloop
  endfacet
  facet normal -0.945607325 0.325310292 0
    outer loop
      vertex 46.0028764 -40.863475 0.04
      vertex 46.0707393 -40.6662121 0
      vertex 46.0028764 -40.863475 0
    endloop
  endfacet
  facet normal -0.95330604 0.302005949 0
    outer loop
      vertex 46.0707393 -40.6662121 0.04
      vertex 46.1337406 -40.4673432 0.04
      vertex 46.1337406 -40.4673432 0
    endloop
  endfacet
  facet normal -0.95330604 0.302005949 0
    outer loop
      vertex 46.0707393 -40.6662121 0.04
      vertex 46.1337406 -40.4673432 0
      vertex 46.0707393 -40.6662121 0
    endloop
  endfacet
  facet normal -0.960430519 0.278519689 0
    outer loop
      vertex 46.1337406 -40.4673432 0.04
      vertex 46.1918425 -40.2669881 0.04
      vertex 46.1918425 -40.2669881 0
    endloop
  endfacet
  facet normal -0.960430519 0.278519689 0
    outer loop
      vertex 46.1337406 -40.4673432 0.04
      vertex 46.1918425 -40.2669881 0
      vertex 46.1337406 -40.4673432 0
    endloop
  endfacet
  facet normal -0.966976471 0.25486566 0
    outer loop
      vertex 46.1918425 -40.2669881 0.04
      vertex 46.24501 -40.0652675 0.04
      vertex 46.24501 -40.0652675 0
    endloop
  endfacet
  facet normal -0.966976471 0.25486566 0
    outer loop
      vertex 46.1918425 -40.2669881 0.04
      vertex 46.24501 -40.0652675 0
      vertex 46.1918425 -40.2669881 0
    endloop
  endfacet
  facet normal -0.972939952 0.231058108 0
    outer loop
      vertex 46.24501 -40.0652675 0.04
      vertex 46.2932109 -39.8623028 0.04
      vertex 46.2932109 -39.8623028 0
    endloop
  endfacet
  facet normal -0.972939952 0.231058108 0
    outer loop
      vertex 46.24501 -40.0652675 0.04
      vertex 46.2932109 -39.8623028 0
      vertex 46.24501 -40.0652675 0
    endloop
  endfacet
  facet normal -0.978317371 0.207111376 0
    outer loop
      vertex 46.2932109 -39.8623028 0.04
      vertex 46.3364164 -39.6582163 0.04
      vertex 46.3364164 -39.6582163 0
    endloop
  endfacet
  facet normal -0.978317371 0.207111376 0
    outer loop
      vertex 46.2932109 -39.8623028 0.04
      vertex 46.3364164 -39.6582163 0
      vertex 46.2932109 -39.8623028 0
    endloop
  endfacet
  facet normal -0.983105487 0.183039888 0
    outer loop
      vertex 46.3364164 -39.6582163 0.04
      vertex 46.3746003 -39.453131 0.04
      vertex 46.3746003 -39.453131 0
    endloop
  endfacet
  facet normal -0.983105487 0.183039888 0
    outer loop
      vertex 46.3364164 -39.6582163 0.04
      vertex 46.3746003 -39.453131 0
      vertex 46.3364164 -39.6582163 0
    endloop
  endfacet
  facet normal -0.987301418 0.158858143 0
    outer loop
      vertex 46.3746003 -39.453131 0.04
      vertex 46.4077396 -39.2471704 0.04
      vertex 46.4077396 -39.2471704 0
    endloop
  endfacet
  facet normal -0.987301418 0.158858143 0
    outer loop
      vertex 46.3746003 -39.453131 0.04
      vertex 46.4077396 -39.2471704 0
      vertex 46.3746003 -39.453131 0
    endloop
  endfacet
  facet normal -0.990902635 0.134580709 0
    outer loop
      vertex 46.4077396 -39.2471704 0.04
      vertex 46.4358145 -39.0404585 0.04
      vertex 46.4358145 -39.0404585 0
    endloop
  endfacet
  facet normal -0.990902635 0.134580709 0
    outer loop
      vertex 46.4077396 -39.2471704 0.04
      vertex 46.4358145 -39.0404585 0
      vertex 46.4077396 -39.2471704 0
    endloop
  endfacet
  facet normal -0.99390697 0.110222207 0
    outer loop
      vertex 46.4358145 -39.0404585 0.04
      vertex 46.4588079 -38.8331199 0.04
      vertex 46.4588079 -38.8331199 0
    endloop
  endfacet
  facet normal -0.99390697 0.110222207 0
    outer loop
      vertex 46.4358145 -39.0404585 0.04
      vertex 46.4588079 -38.8331199 0
      vertex 46.4358145 -39.0404585 0
    endloop
  endfacet
  facet normal -0.996312612 0.0857973123 0
    outer loop
      vertex 46.4588079 -38.8331199 0.04
      vertex 46.476706 -38.6252794 0.04
      vertex 46.476706 -38.6252794 0
    endloop
  endfacet
  facet normal -0.996312612 0.0857973123 0
    outer loop
      vertex 46.4588079 -38.8331199 0.04
      vertex 46.476706 -38.6252794 0
      vertex 46.4588079 -38.8331199 0
    endloop
  endfacet
  facet normal -0.998118113 0.0613207363 0
    outer loop
      vertex 46.476706 -38.6252794 0.04
      vertex 46.4894981 -38.4170623 0.04
      vertex 46.4894981 -38.4170623 0
    endloop
  endfacet
  facet normal -0.998118113 0.0613207363 0
    outer loop
      vertex 46.476706 -38.6252794 0.04
      vertex 46.4894981 -38.4170623 0
      vertex 46.476706 -38.6252794 0
    endloop
  endfacet
  facet normal -0.999322385 0.0368072229 0
    outer loop
      vertex 46.4894981 -38.4170623 0.04
      vertex 46.4971765 -38.208594 0.04
      vertex 46.4971765 -38.208594 0
    endloop
  endfacet
  facet normal -0.999322385 0.0368072229 0
    outer loop
      vertex 46.4894981 -38.4170623 0.04
      vertex 46.4971765 -38.208594 0
      vertex 46.4894981 -38.4170623 0
    endloop
  endfacet
  facet normal -0.999924702 0.0122715383 0
    outer loop
      vertex 46.4971765 -38.208594 0.04
      vertex 46.5 -37.978524 0.04
      vertex 46.5 -37.978524 0
    endloop
  endfacet
  facet normal -0.999924702 0.0122715383 0
    outer loop
      vertex 46.4971765 -38.208594 0.04
      vertex 46.5 -37.978524 0
      vertex 46.4971765 -38.208594 0
    endloop
  endfacet
  facet normal -1 0 0
    outer loop
      vertex 46.5 -37.978524 0.04
      vertex 46.5 -3.5 0.04
      vertex 46.5 -3.5 0
    endloop
  endfacet
  facet normal -1 0 0
    outer loop
      vertex 46.5 -37.978524 0.04
      vertex 46.5 -3.5 0
      vertex 46.5 -37.978524 0
    endloop
  endfacet
  facet normal -0 -1 0
    outer loop
      vertex 46.5 -3.5 0.04
      vertex 7 -3.5 0.04
      vertex 7 -3.5 0
    endloop
  endfacet
  facet normal 0 -1 -0
    outer loop
      vertex 46.5 -3.5 0.04
      vertex 7 -3.5 0
      vertex 46.5 -3.5 0
    endloop
  endfacet
  facet normal 1 0 0
    outer loop
      vertex 7 -3.5 0.04
      vertex 7 -7 0.04
      vertex 7 -7 0
    endloop
  endfacet
  facet normal 1 0 0
    outer loop
      vertex 7 -3.5 0.04
      vertex 7 -7 0
      vertex 7 -3.5 0
    endloop
  endfacet
  facet normal -0 -1 0
    outer loop
      vertex 7 -7 0.04
      vertex 3.5 -7 0.04
      vertex 3.5 -7 0
    endloop
  endfacet
  facet normal 0 -1 -0
    outer loop
      vertex 7 -7 0.04
      vertex 3.5 -7 0
      vertex 7 -7 0
    endloop
  endfacet
  facet normal 1 0 0
    outer loop
      vertex 3.5 -7 0.04
      vertex 3.5 -46.5 0.04
      vertex 3.5 -46.5 0
    endloop
  endfacet
  facet normal 1 0 0
    outer loop
      vertex 3.5 -7 0.04
      vertex 3.5 -46.5 0
      vertex 3.5 -7 0
    endloop
  endfacet
  facet normal -0 1 0
    outer loop
      vertex 3.5 -46.5 0.04
      vertex 37.978524 -46.5 0.04
      vertex 37.978524 -46.5 0
    endloop
  endfacet
  facet normal 0 1 0
    outer loop
      vertex 3.5 -46.5 0.04
      vertex 37.978524 -46.5 0
      vertex 3.5 -46.5 0
    endloop
  endfacet
  facet normal -0.0122715383 0.999924702 0
    outer loop
      vertex 37.978524 -46.5 0.04
      vertex 38.208594 -46.4971765 0.04
      vertex 38.208594 -46.4971765 0
    endloop
  endfacet
  facet normal -0.0122715383 0.999924702 0
    outer loop
      vertex 37.978524 -46.5 0.04
      vertex 38.208594 -46.4971765 0
      vertex 37.978524 -46.5 0
    endloop
  endfacet
  facet normal -0.999924702 -0.0122715383 0
    outer loop
      vertex 46.5 37.978524 0.04
      vertex 46.4971765 38.208594 0.04
      vertex 46.4971765 38.208594 0
    endloop
  endfacet
  facet normal -0.999924702 -0.0122715383 -0
    outer loop
      vertex 46.5 37.978524 0.04
      vertex 46.4971765 38.208594 0
      vertex 46.5 37.978524 0
    endloop
  endfacet
  facet normal -0.999322385 -0.0368072229 0
    outer loop
      vertex 46.4971765 38.208594 0.04
      vertex 46.4894981 38.4170623 0.04
      vertex 46.4894981 38.4170623 0
    endloop
  endfacet
  facet normal -0.999322385 -0.0368072229 -0
    outer loop
      vertex 46.4971765 38.208594 0.04
      vertex 46.4894981 38.4170623 0
      vertex 46.4971765 38.208594 0
    endloop
  endfacet
  facet normal -0.998118113 -0.0613207363 0
    outer loop
      vertex 46.4894981 38.4170623 0.04
      vertex 46.476706 38.6252794 0.04
      vertex 46.476706 38.6252794 0
    endloop
  endfacet
  facet normal -0.998118113 -0.0613207363 -0
    outer loop
      vertex 46.4894981 38.4170623 0.04
      vertex 46.476706 38.6252794 0
      vertex 46.4894981 38.4170623 0
    endloop
  endfacet
  facet normal -0.996312612 -0.0857973123 0
    outer loop
      vertex 46.476706 38.6252794 0.04
      vertex 46.4588079 38.8331199 0.04
      vertex 46.4588079 38.8331199 0
    endloop
  endfacet
  facet normal -0.996312612 -0.0857973123 -0
    outer loop
      vertex 46.476706 38.6252794 0.04
      vertex 46.4588079 38.8331199 0
      vertex 46.476706 38.6252794 0
    endloop
  endfacet
  facet normal -0.99390697 -0.110222207 0
    outer loop
      vertex 46.4588079 38.8331199 0.04
      vertex 46.4358145 39.0404585 0.04
      vertex 46.4358145 39.0404585 0
    endloop
  endfacet
  facet normal -0.99390697 -0.110222207 -0
    outer loop
      vertex 46.4588079 38.8331199 0.04
      vertex 46.4358145 39.0404585 0
      vertex 46.4588079 38.8331199 0
    endloop
  endfacet
  facet normal -0.990902635 -0.134580709 0
    outer loop
      vertex 46.4358145 39.0404585 0.04
      vertex 46.4077396 39.2471704 0.04
      vertex 46.4077396 39.2471704 0
    endloop
  endfacet
  facet normal -0.990902635 -0.134580709 -0
    outer loop
      vertex 46.4358145 39.0404585 0.04
      vertex 46.4077396 39.2471704 0
      vertex 46.4358145 39.0404585 0
    endloop
  endfacet
  facet normal -0.987301418 -0.158858143 0
    outer loop
      vertex 46.4077396 39.2471704 0.04
      vertex 46.3746003 39.453131 0.04
      vertex 46.3746003 39.453131 0
    endloop
  endfacet
  facet normal -0.987301418 -0.158858143 -0
    outer loop
      vertex 46.4077396 39.2471704 0.04
      vertex 46.3746003 39.453131 0
      vertex 46.4077396 39.2471704 0
    endloop
  endfacet
  facet normal -0.983105487 -0.183039888 0
    outer loop
      vertex 46.3746003 39.453131 0.04
      vertex 46.3364164 39.6582163 0.04
      vertex 46.3364164 39.6582163 0
    endloop
  endfacet
  facet normal -0.983105487 -0.183039888 -0
    outer loop
      vertex 46.3746003 39.453131 0.04
      vertex 46.3364164 39.6582163 0
      vertex 46.3746003 39.453131 0
    endloop
  endfacet
  facet normal -0.978317371 -0.207111376 0
    outer loop
      vertex 46.3364164 39.6582163 0.04
      vertex 46.2932109 39.8623028 0.04
      vertex 46.2932109 39.8623028 0
    endloop
  endfacet
  facet normal -0.978317371 -0.207111376 -0
    outer loop
      vertex 46.3364164 39.6582163 0.04
      vertex 46.2932109 39.8623028 0
      vertex 46.3364164 39.6582163 0
    endloop
  endfacet
  facet normal -0.972939952 -0.231058108 0
    outer loop
      vertex 46.2932109 39.8623028 0.04
      vertex 46.24501 40.0652675 0.04
      vertex 46.24501 40.0652675 0
    endloop
  endfacet
  facet normal -0.972939952 -0.231058108 -0
    outer loop
      vertex 46.2932109 39.8623028 0.04
      vertex 46.24501 40.0652675 0
      vertex 46.2932109 39.8623028 0
    endloop
  endfacet
  facet normal -0.966976471 -0.25486566 0
    outer loop
      vertex 46.24501 40.0652675 0.04
      vertex 46.1918425 40.2669881 0.04
      vertex 46.1918425 40.2669881 0
    endloop
  endfacet
  facet normal -0.966976471 -0.25486566 -0
    outer loop
      vertex 46.24501 40.0652675 0.04
      vertex 46.1918425 40.2669881 0
      vertex 46.24501 40.0652675 0
    endloop
  endfacet
  facet normal -0.960430519 -0.278519689 0
    outer loop
      vertex 46.1918425 40.2669881 0.04
      vertex 46.1337406 40.4673432 0.04
      vertex 46.1337406 40.4673432 0
    endloop
  endfacet
  facet normal -0.960430519 -0.278519689 -0
    outer loop
      vertex 46.1918425 40.2669881 0.04
      vertex 46.1337406 40.4673432 0
      vertex 46.1918425 40.2669881 0
    endloop
  endfacet
  facet normal -0.95330604 -0.302005949 0
    outer loop
      vertex 46.1337406 40.4673432 0.04
      vertex 46.0707393 40.6662121 0.04
      vertex 46.0707393 40.6662121 0
    endloop
  endfacet
  facet normal -0.95330604 -0.302005949 -0
    outer loop
      vertex 46.1337406 40.4673432 0.04
      vertex 46.0707393 40.6662121 0
      vertex 46.1337406 40.4673432 0
    endloop
  endfacet
  facet normal -0.945607325 -0.325310292 0
    outer loop
      vertex 46.0707393 40.6662121 0.04
      vertex 46.0028764 40.863475 0.04
      vertex 46.0028764 40.863475 0
    endloop
  endfacet
  facet normal -0.945607325 -0.325310292 -0
    outer loop
      vertex 46.0707393 40.6662121 0.04
      vertex 46.0028764 40.863475 0
      vertex 46.0707393 40.6662121 0
    endloop
  endfacet
  facet normal -0.937339012 -0.34841868 0
    outer loop
      vertex 46.0028764 40.863475 0.04
      vertex 45.9301929 41.059013 0.04
      vertex 45.9301929 41.059013 0
    endloop
  endfacet
  facet normal -0.937339012 -0.34841868 -0
    outer loop
      vertex 46.0028764 40.863475 0.04
      vertex 45.9301929 41.059013 0
      vertex 46.0028764 40.863475 0
    endloop
  endfacet
  facet normal -0.92850608 -0.371317194 0
    outer loop
      vertex 45.9301929 41.059013 0.04
      vertex 45.8527325 41.2527083 0.04
      vertex 45.8527325 41.2527083 0
    endloop
  endfacet
  facet normal -0.92850608 -0.371317194 -0
    outer loop
      vertex 45.9301929 41.059013 0.04
      vertex 45.8527325 41.2527083 0
      vertex 45.9301929 41.059013 0
    endloop
  endfacet
  facet normal -0.919113852 -0.39399204 0
    outer loop
      vertex 45.8527325 41.2527083 0.04
      vertex 45.770542 41.4444444 0.04
      vertex 45.770542 41.4444444 0
    endloop
  endfacet
  facet normal -0.919113852 -0.39399204 -0
    outer loop
      vertex 45.8527325 41.2527083 0.04
      vertex 45.770542 41.4444444 0
      vertex 45.8527325 41.2527083 0
    endloop
  endfacet
  facet normal -0.909167983 -0.41642956 0
    outer loop
      vertex 45.770542 41.4444444 0.04
      vertex 45.6836707 41.6341056 0.04
      vertex 45.6836707 41.6341056 0
    endloop
  endfacet
  facet normal -0.909167983 -0.41642956 -0
    outer loop
      vertex 45.770542 41.4444444 0.04
      vertex 45.6836707 41.6341056 0
      vertex 45.770542 41.4444444 0
    endloop
  endfacet
  facet normal -0.898674466 -0.438616239 0
    outer loop
      vertex 45.6836707 41.6341056 0.04
      vertex 45.5921711 41.8215778 0.04
      vertex 45.5921711 41.8215778 0
    endloop
  endfacet
  facet normal -0.898674466 -0.438616239 -0
    outer loop
      vertex 45.6836707 41.6341056 0.04
      vertex 45.5921711 41.8215778 0
      vertex 45.6836707 41.6341056 0
    endloop
  endfacet
  facet normal -0.88763962 -0.460538711 0
    outer loop
      vertex 45.5921711 41.8215778 0.04
      vertex 45.4960983 42.006748 0.04
      vertex 45.4960983 42.006748 0
    endloop
  endfacet
  facet normal -0.88763962 -0.460538711 -0
    outer loop
      vertex 45.5921711 41.8215778 0.04
      vertex 45.4960983 42.006748 0
      vertex 45.5921711 41.8215778 0
    endloop
  endfacet
  facet normal -0.876070094 -0.482183772 0
    outer loop
      vertex 45.4960983 42.006748 0.04
      vertex 45.3955101 42.1895047 0.04
      vertex 45.3955101 42.1895047 0
    endloop
  endfacet
  facet normal -0.876070094 -0.482183772 -0
    outer loop
      vertex 45.4960983 42.006748 0.04
      vertex 45.3955101 42.1895047 0
      vertex 45.4960983 42.006748 0
    endloop
  endfacet
  facet normal -0.863972856 -0.503538384 0
    outer loop
      vertex 45.3955101 42.1895047 0.04
      vertex 45.2904671 42.3697378 0.04
      vertex 45.2904671 42.3697378 0
    endloop
  endfacet
  facet normal -0.863972856 -0.503538384 -0
    outer loop
      vertex 45.3955101 42.1895047 0.04
      vertex 45.2904671 42.3697378 0
      vertex 45.3955101 42.1895047 0
    endloop
  endfacet
  facet normal -0.851355193 -0.524589683 0
    outer loop
      vertex 45.2904671 42.3697378 0.04
      vertex 45.1810326 42.5473388 0.04
      vertex 45.1810326 42.5473388 0
    endloop
  endfacet
  facet normal -0.851355193 -0.524589683 -0
    outer loop
      vertex 45.2904671 42.3697378 0.04
      vertex 45.1810326 42.5473388 0
      vertex 45.2904671 42.3697378 0
    endloop
  endfacet
  facet normal -0.838224706 -0.545324988 0
    outer loop
      vertex 45.1810326 42.5473388 0.04
      vertex 45.0672726 42.7222006 0.04
      vertex 45.0672726 42.7222006 0
    endloop
  endfacet
  facet normal -0.838224706 -0.545324988 -0
    outer loop
      vertex 45.1810326 42.5473388 0.04
      vertex 45.0672726 42.7222006 0
      vertex 45.1810326 42.5473388 0
    endloop
  endfacet
  facet normal -0.824589303 -0.565731811 0
    outer loop
      vertex 45.0672726 42.7222006 0.04
      vertex 44.9492554 42.8942179 0.04
      vertex 44.9492554 42.8942179 0
    endloop
  endfacet
  facet normal -0.824589303 -0.565731811 -0
    outer loop
      vertex 45.0672726 42.7222006 0.04
      vertex 44.9492554 42.8942179 0
      vertex 45.0672726 42.7222006 0
    endloop
  endfacet
  facet normal -0.810457198 -0.585797857 0
    outer loop
      vertex 44.9492554 42.8942179 0.04
      vertex 44.8270523 43.0632871 0.04
      vertex 44.8270523 43.0632871 0
    endloop
  endfacet
  facet normal -0.810457198 -0.585797857 -0
    outer loop
      vertex 44.9492554 42.8942179 0.04
      vertex 44.8270523 43.0632871 0
      vertex 44.9492554 42.8942179 0
    endloop
  endfacet
  facet normal -0.795836905 -0.605511041 0
    outer loop
      vertex 44.8270523 43.0632871 0.04
      vertex 44.7007369 43.2293064 0.04
      vertex 44.7007369 43.2293064 0
    endloop
  endfacet
  facet normal -0.795836905 -0.605511041 -0
    outer loop
      vertex 44.8270523 43.0632871 0.04
      vertex 44.7007369 43.2293064 0
      vertex 44.8270523 43.0632871 0
    endloop
  endfacet
  facet normal -0.780737229 -0.624859488 0
    outer loop
      vertex 44.7007369 43.2293064 0.04
      vertex 44.5703851 43.3921757 0.04
      vertex 44.5703851 43.3921757 0
    endloop
  endfacet
  facet normal -0.780737229 -0.624859488 -0
    outer loop
      vertex 44.7007369 43.2293064 0.04
      vertex 44.5703851 43.3921757 0
      vertex 44.7007369 43.2293064 0
    endloop
  endfacet
  facet normal -0.765167266 -0.643831543 0
    outer loop
      vertex 44.5703851 43.3921757 0.04
      vertex 44.4360756 43.551797 0.04
      vertex 44.4360756 43.551797 0
    endloop
  endfacet
  facet normal -0.765167266 -0.643831543 -0
    outer loop
      vertex 44.5703851 43.3921757 0.04
      vertex 44.4360756 43.551797 0
      vertex 44.5703851 43.3921757 0
    endloop
  endfacet
  facet normal -0.749136395 -0.662415778 0
    outer loop
      vertex 44.4360756 43.551797 0.04
      vertex 44.2978893 43.7080741 0.04
      vertex 44.2978893 43.7080741 0
    endloop
  endfacet
  facet normal -0.749136395 -0.662415778 -0
    outer loop
      vertex 44.4360756 43.551797 0.04
      vertex 44.2978893 43.7080741 0
      vertex 44.4360756 43.551797 0
    endloop
  endfacet
  facet normal -0.732654272 -0.680600998 0
    outer loop
      vertex 44.2978893 43.7080741 0.04
      vertex 44.1559093 43.8609129 0.04
      vertex 44.1559093 43.8609129 0
    endloop
  endfacet
  facet normal -0.732654272 -0.680600998 -0
    outer loop
      vertex 44.2978893 43.7080741 0.04
      vertex 44.1559093 43.8609129 0
      vertex 44.2978893 43.7080741 0
    endloop
  endfacet
  facet normal -0.715730825 -0.698376249 0
    outer loop
      vertex 44.1559093 43.8609129 0.04
      vertex 44.0102213 44.0102213 0.04
      vertex 44.0102213 44.0102213 0
    endloop
  endfacet
  facet normal -0.715730825 -0.698376249 -0
    outer loop
      vertex 44.1559093 43.8609129 0.04
      vertex 44.0102213 44.0102213 0
      vertex 44.1559093 43.8609129 0
    endloop
  endfacet
  facet normal -0.698376249 -0.715730825 0
    outer loop
      vertex 44.0102213 44.0102213 0.04
      vertex 43.8609129 44.1559093 0.04
      vertex 43.8609129 44.1559093 0
    endloop
  endfacet
  facet normal -0.698376249 -0.715730825 -0
    outer loop
      vertex 44.0102213 44.0102213 0.04
      vertex 43.8609129 44.1559093 0
      vertex 44.0102213 44.0102213 0
    endloop
  endfacet
  facet normal -0.680600998 -0.732654272 0
    outer loop
      vertex 43.8609129 44.1559093 0.04
      vertex 43.7080741 44.2978893 0.04
      vertex 43.7080741 44.2978893 0
    endloop
  endfacet
  facet normal -0.680600998 -0.732654272 -0
    outer loop
      vertex 43.8609129 44.1559093 0.04
      vertex 43.7080741 44.2978893 0
      vertex 43.8609129 44.1559093 0
    endloop
  endfacet
  facet normal -0.662415778 -0.749136395 0
    outer loop
      vertex 43.7080741 44.2978893 0.04
      vertex 43.551797 44.4360756 0.04
      vertex 43.551797 44.4360756 0
    endloop
  endfacet
  facet normal -0.662415778 -0.749136395 -0
    outer loop
      vertex 43.7080741 44.2978893 0.04
      vertex 43.551797 44.4360756 0
      vertex 43.7080741 44.2978893 0
    endloop
  endfacet
  facet normal -0.643831543 -0.765167266 0
    outer loop
      vertex 43.551797 44.4360756 0.04
      vertex 43.3921757 44.5703851 0.04
      vertex 43.3921757 44.5703851 0
    endloop
  endfacet
  facet normal -0.643831543 -0.765167266 -0
    outer loop
      vertex 43.551797 44.4360756 0.04
      vertex 43.3921757 44.5703851 0
      vertex 43.551797 44.4360756 0
    endloop
  endfacet
  facet normal -0.624859488 -0.780737229 0
    outer loop
      vertex 43.3921757 44.5703851 0.04
      vertex 43.2293064 44.7007369 0.04
      vertex 43.2293064 44.7007369 0
    endloop
  endfacet
  facet normal -0.624859488 -0.780737229 -0
    outer loop
      vertex 43.3921757 44.5703851 0.04
      vertex 43.2293064 44.7007369 0
      vertex 43.3921757 44.5703851 0
    endloop
  endfacet
  facet normal -0.605511041 -0.795836905 0
    outer loop
      vertex 43.2293064 44.7007369 0.04
      vertex 43.0632871 44.8270523 0.04
      vertex 43.0632871 44.8270523 0
    endloop
  endfacet
  facet normal -0.605511041 -0.795836905 -0
    outer loop
      vertex 43.2293064 44.7007369 0.04
      vertex 43.0632871 44.8270523 0
      vertex 43.2293064 44.7007369 0
    endloop
  endfacet
  facet normal -0.585797857 -0.810457198 0
    outer loop
      vertex 43.0632871 44.8270523 0.04
      vertex 42.8942179 44.9492554 0.04
      vertex 42.8942179 44.9492554 0
    endloop
  endfacet
  facet normal -0.585797857 -0.810457198 -0
    outer loop
      vertex 43.0632871 44.8270523 0.04
      vertex 42.8942179 44.9492554 0
      vertex 43.0632871 44.8270523 0
    endloop
  endfacet
  facet normal -0.565731811 -0.824589303 0
    outer loop
      vertex 42.8942179 44.9492554 0.04
      vertex 42.7222006 45.0672726 0.04
      vertex 42.7222006 45.0672726 0
    endloop
  endfacet
  facet normal -0.565731811 -0.824589303 -0
    outer loop
      vertex 42.8942179 44.9492554 0.04
      vertex 42.7222006 45.0672726 0
      vertex 42.8942179 44.9492554 0
    endloop
  endfacet
  facet normal -0.545324988 -0.838224706 0
    outer loop
      vertex 42.7222006 45.0672726 0.04
      vertex 42.5473388 45.1810326 0.04
      vertex 42.5473388 45.1810326 0
    endloop
  endfacet
  facet normal -0.545324988 -0.838224706 -0
    outer loop
      vertex 42.7222006 45.0672726 0.04
      vertex 42.5473388 45.1810326 0
      vertex 42.7222006 45.0672726 0
    endloop
  endfacet
  facet normal -0.524589683 -0.851355193 0
    outer loop
      vertex 42.5473388 45.1810326 0.04
      vertex 42.3697378 45.2904671 0.04
      vertex 42.3697378 45.2904671 0
    endloop
  endfacet
  facet normal -0.524589683 -0.851355193 -0
    outer loop
      vertex 42.5473388 45.1810326 0.04
      vertex 42.3697378 45.2904671 0
      vertex 42.5473388 45.1810326 0
    endloop
  endfacet
  facet normal -0.503538384 -0.863972856 0
    outer loop
      vertex 42.3697378 45.2904671 0.04
      vertex 42.1895047 45.3955101 0.04
      vertex 42.1895047 45.3955101 0
    endloop
  endfacet
  facet normal -0.503538384 -0.863972856 -0
    outer loop
      vertex 42.3697378 45.2904671 0.04
      vertex 42.1895047 45.3955101 0
      vertex 42.3697378 45.2904671 0
    endloop
  endfacet
  facet normal -0.482183772 -0.876070094 0
    outer loop
      vertex 42.1895047 45.3955101 0.04
      vertex 42.006748 45.4960983 0.04
      vertex 42.006748 45.4960983 0
    endloop
  endfacet
  facet normal -0.482183772 -0.876070094 -0
    outer loop
      vertex 42.1895047 45.3955101 0.04
      vertex 42.006748 45.4960983 0
      vertex 42.1895047 45.3955101 0
    endloop
  endfacet
  facet normal -0.460538711 -0.88763962 0
    outer loop
      vertex 42.006748 45.4960983 0.04
      vertex 41.8215778 45.5921711 0.04
      vertex 41.8215778 45.5921711 0
    endloop
  endfacet
  facet normal -0.460538711 -0.88763962 -0
    outer loop
      vertex 42.006748 45.4960983 0.04
      vertex 41.8215778 45.5921711 0
      vertex 42.006748 45.4960983 0
    endloop
  endfacet
  facet normal -0.438616239 -0.898674466 0
    outer loop
      vertex 41.8215778 45.5921711 0.04
      vertex 41.6341056 45.6836707 0.04
      vertex 41.6341056 45.6836707 0
    endloop
  endfacet
  facet normal -0.438616239 -0.898674466 -0
    outer loop
      vertex 41.8215778 45.5921711 0.04
      vertex 41.6341056 45.6836707 0
      vertex 41.8215778 45.5921711 0
    endloop
  endfacet
  facet normal -0.41642956 -0.909167983 0
    outer loop
      vertex 41.6341056 45.6836707 0.04
      vertex 41.4444444 45.770542 0.04
      vertex 41.4444444 45.770542 0
    endloop
  endfacet
  facet normal -0.41642956 -0.909167983 -0
    outer loop
      vertex 41.6341056 45.6836707 0.04
      vertex 41.4444444 45.770542 0
      vertex 41.6341056 45.6836707 0
    endloop
  endfacet
  facet normal -0.39399204 -0.919113852 0
    outer loop
      vertex 41.4444444 45.770542 0.04
      vertex 41.2527083 45.8527325 0.04
      vertex 41.2527083 45.8527325 0
    endloop
  endfacet
  facet normal -0.39399204 -0.919113852 -0
    outer loop
      vertex 41.4444444 45.770542 0.04
      vertex 41.2527083 45.8527325 0
      vertex 41.4444444 45.770542 0
    endloop
  endfacet
  facet normal -0.371317194 -0.92850608 0
    outer loop
      vertex 41.2527083 45.8527325 0.04
      vertex 41.059013 45.9301929 0.04
      vertex 41.059013 45.9301929 0
    endloop
  endfacet
  facet normal -0.371317194 -0.92850608 -0
    outer loop
      vertex 41.2527083 45.8527325 0.04
      vertex 41.059013 45.9301929 0
      vertex 41.2527083 45.8527325 0
    endloop
  endfacet
  facet normal -0.34841868 -0.937339012 0
    outer loop
      vertex 41.059013 45.9301929 0.04
      vertex 40.863475 46.0028764 0.04
      vertex 40.863475 46.0028764 0
    endloop
  endfacet
  facet normal -0.34841868 -0.937339012 -0
    outer loop
      vertex 41.059013 45.9301929 0.04
      vertex 40.863475 46.0028764 0
      vertex 41.059013 45.9301929 0
    endloop
  endfacet
  facet normal -0.325310292 -0.945607325 0
    outer loop
      vertex 40.863475 46.0028764 0.04
      vertex 40.6662121 46.0707393 0.04
      vertex 40.6662121 46.0707393 0
    endloop
  endfacet
  facet normal -0.325310292 -0.945607325 -0
    outer loop
      vertex 40.863475 46.0028764 0.04
      vertex 40.6662121 46.0707393 0
      vertex 40.863475 46.0028764 0
    endloop
  endfacet
  facet normal -0.302005949 -0.95330604 0
    outer loop
      vertex 40.6662121 46.0707393 0.04
      vertex 40.4673432 46.1337406 0.04
      vertex 40.4673432 46.1337406 0
    endloop
  endfacet
  facet normal -0.302005949 -0.95330604 -0
    outer loop
      vertex 40.6662121 46.0707393 0.04
      vertex 40.4673432 46.1337406 0
      vertex 40.6662121 46.0707393 0
    endloop
  endfacet
  facet normal -0.278519689 -0.960430519 0
    outer loop
      vertex 40.4673432 46.1337406 0.04
      vertex 40.2669881 46.1918425 0.04
      vertex 40.2669881 46.1918425 0
    endloop
  endfacet
  facet normal -0.278519689 -0.960430519 -0
    outer loop
      vertex 40.4673432 46.1337406 0.04
      vertex 40.2669881 46.1918425 0
      vertex 40.4673432 46.1337406 0
    endloop
  endfacet
  facet normal -0.25486566 -0.966976471 0
    outer loop
      vertex 40.2669881 46.1918425 0.04
      vertex 40.0652675 46.24501 0.04
      vertex 40.0652675 46.24501 0
    endloop
  endfacet
  facet normal -0.25486566 -0.966976471 -0
    outer loop
      vertex 40.2669881 46.1918425 0.04
      vertex 40.0652675 46.24501 0
      vertex 40.2669881 46.1918425 0
    endloop
  endfacet
  facet normal -0.231058108 -0.972939952 0
    outer loop
      vertex 40.0652675 46.24501 0.04
      vertex 39.8623028 46.2932109 0.04
      vertex 39.8623028 46.2932109 0
    endloop
  endfacet
  facet normal -0.231058108 -0.972939952 -0
    outer loop
      vertex 40.0652675 46.24501 0.04
      vertex 39.8623028 46.2932109 0
      vertex 40.0652675 46.24501 0
    endloop
  endfacet
  facet normal -0.207111376 -0.978317371 0
    outer loop
      vertex 39.8623028 46.2932109 0.04
      vertex 39.6582163 46.3364164 0.04
      vertex 39.6582163 46.3364164 0
    endloop
  endfacet
  facet normal -0.207111376 -0.978317371 -0
    outer loop
      vertex 39.8623028 46.2932109 0.04
      vertex 39.6582163 46.3364164 0
      vertex 39.8623028 46.2932109 0
    endloop
  endfacet
  facet normal -0.183039888 -0.983105487 0
    outer loop
      vertex 39.6582163 46.3364164 0.04
      vertex 39.453131 46.3746003 0.04
      vertex 39.453131 46.3746003 0
    endloop
  endfacet
  facet normal -0.183039888 -0.983105487 -0
    outer loop
      vertex 39.6582163 46.3364164 0.04
      vertex 39.453131 46.3746003 0
      vertex 39.6582163 46.3364164 0
    endloop
  endfacet
  facet normal -0.158858143 -0.987301418 0
    outer loop
      vertex 39.453131 46.3746003 0.04
      vertex 39.2471704 46.4077396 0.04
      vertex 39.2471704 46.4077396 0
    endloop
  endfacet
  facet normal -0.158858143 -0.987301418 -0
    outer loop
      vertex 39.453131 46.3746003 0.04
      vertex 39.2471704 46.4077396 0
      vertex 39.453131 46.3746003 0
    endloop
  endfacet
  facet normal -0.134580709 -0.990902635 0
    outer loop
      vertex 39.2471704 46.4077396 0.04
      vertex 39.0404585 46.4358145 0.04
      vertex 39.0404585 46.4358145 0
    endloop
  endfacet
  facet normal -0.134580709 -0.990902635 -0
    outer loop
      vertex 39.2471704 46.4077396 0.04
      vertex 39.0404585 46.4358145 0
      vertex 39.2471704 46.4077396 0
    endloop
  endfacet
  facet normal -0.110222207 -0.99390697 0
    outer loop
      vertex 39.0404585 46.4358145 0.04
      vertex 38.8331199 46.4588079 0.04
      vertex 38.8331199 46.4588079 0
    endloop
  endfacet
  facet normal -0.110222207 -0.99390697 -0
    outer loop
      vertex 39.0404585 46.4358145 0.04
      vertex 38.8331199 46.4588079 0
      vertex 39.0404585 46.4358145 0
    endloop
  endfacet
  facet normal -0.0857973123 -0.996312612 0
    outer loop
      vertex 38.8331199 46.4588079 0.04
      vertex 38.6252794 46.476706 0.04
      vertex 38.6252794 46.476706 0
    endloop
  endfacet
  facet normal -0.0857973123 -0.996312612 -0
    outer loop
      vertex 38.8331199 46.4588079 0.04
      vertex 38.6252794 46.476706 0
      vertex 38.8331199 46.4588079 0
    endloop
  endfacet
  facet normal -0.0613207363 -0.998118113 0
    outer loop
      vertex 38.6252794 46.476706 0.04
      vertex 38.4170623 46.4894981 0.04
      vertex 38.4170623 46.4894981 0
    endloop
  endfacet
  facet normal -0.0613207363 -0.998118113 -0
    outer loop
      vertex 38.6252794 46.476706 0.04
      vertex 38.4170623 46.4894981 0
      vertex 38.6252794 46.476706 0
    endloop
  endfacet
  facet normal -0.0368072229 -0.999322385 0
    outer loop
      vertex 38.4170623 46.4894981 0.04
      vertex 38.208594 46.4971765 0.04
      vertex 38.208594 46.4971765 0
    endloop
  endfacet
  facet normal -0.0368072229 -0.999322385 -0
    outer loop
      vertex 38.4170623 46.4894981 0.04
      vertex 38.208594 46.4971765 0
      vertex 38.4170623 46.4894981 0
    endloop
  endfacet
  facet normal -0.0122715383 -0.999924702 0
    outer loop
      vertex 38.208594 46.4971765 0.04
      vertex 37.978524 46.5 0.04
      vertex 37.978524 46.5 0
    endloop
  endfacet
  facet normal -0.0122715383 -0.999924702 -0
    outer loop
      vertex 38.208594 46.4971765 0.04
      vertex 37.978524 46.5 0
      vertex 38.208594 46.4971765 0
    endloop
  endfacet
  facet normal -0 -1 0
    outer loop
      vertex 37.978524 46.5 0.04
      vertex 3.5 46.5 0.04
      vertex 3.5 46.5 0
    endloop
  endfacet
  facet normal 0 -1 -0
    outer loop
      vertex 37.978524 46.5 0.04
      vertex 3.5 46.5 0
      vertex 37.978524 46.5 0
    endloop
  endfacet
  facet normal 1 0 0
    outer loop
      vertex 3.5 46.5 0.04
      vertex 3.5 7 0.04
      vertex 3.5 7 0
    endloop
  endfacet
  facet normal 1 0 0
    outer loop
      vertex 3.5 46.5 0.04
      vertex 3.5 7 0
      vertex 3.5 46.5 0
    endloop
  endfacet
  facet normal -0 1 0
    outer loop
      vertex 3.5 7 0.04
      vertex 7 7 0.04
      vertex 7 7 0
    endloop
  endfacet
  facet normal 0 1 0
    outer loop
      vertex 3.5 7 0.04
      vertex 7 7 0
      vertex 3.5 7 0
    endloop
  endfacet
  facet normal 1 0 0
    outer loop
      vertex 7 7 0.04
      vertex 7 3.5 0.04
      vertex 7 3.5 0
    endloop
  endfacet
  facet normal 1 0 0
    outer loop
      vertex 7 7 0.04
      vertex 7 3.5 0
      vertex 7 7 0
    endloop
  endfacet
  facet normal -0 1 0
    outer loop
      vertex 7 3.5 0.04
      vertex 46.5 3.5 0.04
      vertex 46.5 3.5 0
    endloop
  endfacet
  facet normal 0 1 0
    outer loop
      vertex 7 3.5 0.04
      vertex 46.5 3.5 0
      vertex 7 3.5 0
    endloop
  endfacet
  facet normal -1 0 0
    outer loop
      vertex 46.5 3.5 0.04
      vertex 46.5 37.978524 0.04
      vertex 46.5 37.978524 0
    endloop
  endfacet
  facet normal -1 0 0
    outer loop
      vertex 46.5 3.5 0.04
      vertex 46.5 37.978524 0
      vertex 46.5 3.5 0
    endloop
  endfacet
  facet normal -0 -1 0
    outer loop
      vertex -3.5 -7 0.04
      vertex -7 -7 0.04
      vertex -7 -7 0
    endloop
  endfacet
  facet normal 0 -1 -0
    outer loop
      vertex -3.5 -7 0.04
      vertex -7 -7 0
      vertex -3.5 -7 0
    endloop
  endfacet
  facet normal -1 0 0
    outer loop
      vertex -7 -7 0.04
      vertex -7 -3.5 0.04
      vertex -7 -3.5 0
    endloop
  endfacet
  facet normal -1 0 0
    outer loop
      vertex -7 -7 0.04
      vertex -7 -3.5 0
      vertex -7 -7 0
    endloop
  endfacet
  facet normal -0 -1 0
    outer loop
      vertex -7 -3.5 0.04
      vertex -46.5 -3.5 0.04
      vertex -46.5 -3.5 0
    endloop
  endfacet
  facet normal 0 -1 -0
    outer loop
      vertex -7 -3.5 0.04
      vertex -46.5 -3.5 0
      vertex -7 -3.5 0
    endloop
  endfacet
  facet normal 1 0 0
    outer loop
      vertex -46.5 -3.5 0.04
      vertex -46.5 -37.978524 0.04
      vertex -46.5 -37.978524 0
    endloop
  endfacet
  facet normal 1 0 0
    outer loop
      vertex -46.5 -3.5 0.04
      vertex -46.5 -37.978524 0
      vertex -46.5 -3.5 0
    endloop
  endfacet
  facet normal 0.999924702 0.0122715383 0
    outer loop
      vertex -46.5 -37.978524 0.04
      vertex -46.4971765 -38.208594 0.04
      vertex -46.4971765 -38.208594 0
    endloop
  endfacet
  facet normal 0.999924702 0.0122715383 0
    outer loop
      vertex -46.5 -37.978524 0.04
      vertex -46.4971765 -38.208594 0
      vertex -46.5 -37.978524 0
    endloop
  endfacet
  facet normal 0.999322385 0.0368072229 0
    outer loop
      vertex -46.4971765 -38.208594 0.04
      vertex -46.4894981 -38.4170623 0.04
      vertex -46.4894981 -38.4170623 0
    endloop
  endfacet
  facet normal 0.999322385 0.0368072229 0
    outer loop
      vertex -46.4971765 -38.208594 0.04
      vertex -46.4894981 -38.4170623 0
      vertex -46.4971765 -38.208594 0
    endloop
  endfacet
  facet normal 0.998118113 0.0613207363 0
    outer loop
      vertex -46.4894981 -38.4170623 0.04
      vertex -46.476706 -38.6252794 0.04
      vertex -46.476706 -38.6252794 0
    endloop
  endfacet
  facet normal 0.998118113 0.0613207363 0
    outer loop
      vertex -46.4894981 -38.4170623 0.04
      vertex -46.476706 -38.6252794 0
      vertex -46.4894981 -38.4170623 0
    endloop
  endfacet
  facet normal 0.996312612 0.0857973123 0
    outer loop
      vertex -46.476706 -38.6252794 0.04
      vertex -46.4588079 -38.8331199 0.04
      vertex -46.4588079 -38.8331199 0
    endloop
  endfacet
  facet normal 0.996312612 0.0857973123 0
    outer loop
      vertex -46.476706 -38.6252794 0.04
      vertex -46.4588079 -38.8331199 0
      vertex -46.476706 -38.6252794 0
    endloop
  endfacet
  facet normal 0.99390697 0.110222207 0
    outer loop
      vertex -46.4588079 -38.8331199 0.04
      vertex -46.4358145 -39.0404585 0.04
      vertex -46.4358145 -39.0404585 0
    endloop
  endfacet
  facet normal 0.99390697 0.110222207 0
    outer loop
      vertex -46.4588079 -38.8331199 0.04
      vertex -46.4358145 -39.0404585 0
      vertex -46.4588079 -38.8331199 0
    endloop
  endfacet
  facet normal 0.990902635 0.134580709 0
    outer loop
      vertex -46.4358145 -39.0404585 0.04
      vertex -46.4077396 -39.2471704 0.04
      vertex -46.4077396 -39.2471704 0
    endloop
  endfacet
  facet normal 0.990902635 0.134580709 0
    outer loop
      vertex -46.4358145 -39.0404585 0.04
      vertex -46.4077396 -39.2471704 0
      vertex -46.4358145 -39.0404585 0
    endloop
  endfacet
  facet normal 0.987301418 0.158858143 0
    outer loop
      vertex -46.4077396 -39.2471704 0.04
      vertex -46.3746003 -39.453131 0.04
      vertex -46.3746003 -39.453131 0
    endloop
  endfacet
  facet normal 0.987301418 0.158858143 0
    outer loop
      vertex -46.4077396 -39.2471704 0.04
      vertex -46.3746003 -39.453131 0
      vertex -46.4077396 -39.2471704 0
    endloop
  endfacet
  facet normal 0.983105487 0.183039888 0
    outer loop
      vertex -46.3746003 -39.453131 0.04
      vertex -46.3364164 -39.6582163 0.04
      vertex -46.3364164 -39.6582163 0
    endloop
  endfacet
  facet normal 0.983105487 0.183039888 0
    outer loop
      vertex -46.3746003 -39.453131 0.04
      vertex -46.3364164 -39.6582163 0
      vertex -46.3746003 -39.453131 0
    endloop
  endfacet
  facet normal 0.978317371 0.207111376 0
    outer loop
      vertex -46.3364164 -39.6582163 0.04
      vertex -46.2932109 -39.8623028 0.04
      vertex -46.2932109 -39.8623028 0
    endloop
  endfacet
  facet normal 0.978317371 0.207111376 0
    outer loop
      vertex -46.3364164 -39.6582163 0.04
      vertex -46.2932109 -39.8623028 0
      vertex -46.3364164 -39.6582163 0
    endloop
  endfacet
  facet normal 0.972939952 0.231058108 0
    outer loop
      vertex -46.2932109 -39.8623028 0.04
      vertex -46.24501 -40.0652675 0.04
      vertex -46.24501 -40.0652675 0
    endloop
  endfacet
  facet normal 0.972939952 0.231058108 0
    outer loop
      vertex -46.2932109 -39.8623028 0.04
      vertex -46.24501 -40.0652675 0
      vertex -46.2932109 -39.8623028 0
    endloop
  endfacet
  facet normal 0.966976471 0.25486566 0
    outer loop
      vertex -46.24501 -40.0652675 0.04
      vertex -46.1918425 -40.2669881 0.04
      vertex -46.1918425 -40.2669881 0
    endloop
  endfacet
  facet normal 0.966976471 0.25486566 0
    outer loop
      vertex -46.24501 -40.0652675 0.04
      vertex -46.1918425 -40.2669881 0
      vertex -46.24501 -40.0652675 0
    endloop
  endfacet
  facet normal 0.960430519 0.278519689 0
    outer loop
      vertex -46.1918425 -40.2669881 0.04
      vertex -46.1337406 -40.4673432 0.04
      vertex -46.1337406 -40.4673432 0
    endloop
  endfacet
  facet normal 0.960430519 0.278519689 0
    outer loop
      vertex -46.1918425 -40.2669881 0.04
      vertex -46.1337406 -40.4673432 0
      vertex -46.1918425 -40.2669881 0
    endloop
  endfacet
  facet normal 0.95330604 0.302005949 0
    outer loop
      vertex -46.1337406 -40.4673432 0.04
      vertex -46.0707393 -40.6662121 0.04
      vertex -46.0707393 -40.6662121 0
    endloop
  endfacet
  facet normal 0.95330604 0.302005949 0
    outer loop
      vertex -46.1337406 -40.4673432 0.04
      vertex -46.0707393 -40.6662121 0
      vertex -46.1337406 -40.4673432 0
    endloop
  endfacet
  facet normal 0.945607325 0.325310292 0
    outer loop
      vertex -46.0707393 -40.6662121 0.04
      vertex -46.0028764 -40.863475 0.04
      vertex -46.0028764 -40.863475 0
    endloop
  endfacet
  facet normal 0.945607325 0.325310292 0
    outer loop
      vertex -46.0707393 -40.6662121 0.04
      vertex -46.0028764 -40.863475 0
      vertex -46.0707393 -40.6662121 0
    endloop
  endfacet
  facet normal 0.937339012 0.34841868 0
    outer loop
      vertex -46.0028764 -40.863475 0.04
      vertex -45.9301929 -41.059013 0.04
      vertex -45.9301929 -41.059013 0
    endloop
  endfacet
  facet normal 0.937339012 0.34841868 0
    outer loop
      vertex -46.0028764 -40.863475 0.04
      vertex -45.9301929 -41.059013 0
      vertex -46.0028764 -40.863475 0
    endloop
  endfacet
  facet normal 0.92850608 0.371317194 0
    outer loop
      vertex -45.9301929 -41.059013 0.04
      vertex -45.8527325 -41.2527083 0.04
      vertex -45.8527325 -41.2527083 0
    endloop
  endfacet
  facet normal 0.92850608 0.371317194 0
    outer loop
      vertex -45.9301929 -41.059013 0.04
      vertex -45.8527325 -41.2527083 0
      vertex -45.9301929 -41.059013 0
    endloop
  endfacet
  facet normal 0.919113852 0.39399204 0
    outer loop
      vertex -45.8527325 -41.2527083 0.04
      vertex -45.770542 -41.4444444 0.04
      vertex -45.770542 -41.4444444 0
    endloop
  endfacet
  facet normal 0.919113852 0.39399204 0
    outer loop
      vertex -45.8527325 -41.2527083 0.04
      vertex -45.770542 -41.4444444 0
      vertex -45.8527325 -41.2527083 0
    endloop
  endfacet
  facet normal 0.909167983 0.41642956 0
    outer loop
      vertex -45.770542 -41.4444444 0.04
      vertex -45.6836707 -41.6341056 0.04
      vertex -45.6836707 -41.6341056 0
    endloop
  endfacet
  facet normal 0.909167983 0.41642956 0
    outer loop
      vertex -45.770542 -41.4444444 0.04
      vertex -45.6836707 -41.6341056 0
      vertex -45.770542 -41.4444444 0
    endloop
  endfacet
  facet normal 0.898674466 0.438616239 0
    outer loop
      vertex -45.6836707 -41.6341056 0.04
      vertex -45.5921711 -41.8215778 0.04
      vertex -45.5921711 -41.8215778 0
    endloop
  endfacet
  facet normal 0.898674466 0.438616239 0
    outer loop
      vertex -45.6836707 -41.6341056 0.04
      vertex -45.5921711 -41.8215778 0
      vertex -45.6836707 -41.6341056 0
    endloop
  endfacet
  facet normal 0.88763962 0.460538711 0
    outer loop
      vertex -45.5921711 -41.8215778 0.04
      vertex -45.4960983 -42.006748 0.04
      vertex -45.4960983 -42.006748 0
    endloop
  endfacet
  facet normal 0.88763962 0.460538711 0
    outer loop
      vertex -45.5921711 -41.8215778 0.04
      vertex -45.4960983 -42.006748 0
      vertex -45.5921711 -41.8215778 0
    endloop
  endfacet
  facet normal 0.876070094 0.482183772 0
    outer loop
      vertex -45.4960983 -42.006748 0.04
      vertex -45.3955101 -42.1895047 0.04
      vertex -45.3955101 -42.1895047 0
    endloop
  endfacet
  facet normal 0.876070094 0.482183772 0
    outer loop
      vertex -45.4960983 -42.006748 0.04
      vertex -45.3955101 -42.1895047 0
      vertex -45.4960983 -42.006748 0
    endloop
  endfacet
  facet normal 0.863972856 0.503538384 0
    outer loop
      vertex -45.3955101 -42.1895047 0.04
      vertex -45.2904671 -42.3697378 0.04
      vertex -45.2904671 -42.3697378 0
    endloop
  endfacet
  facet normal 0.863972856 0.503538384 0
    outer loop
      vertex -45.3955101 -42.1895047 0.04
      vertex -45.2904671 -42.3697378 0
      vertex -45.3955101 -42.1895047 0
    endloop
  endfacet
  facet normal 0.851355193 0.524589683 0
    outer loop
      vertex -45.2904671 -42.3697378 0.04
      vertex -45.1810326 -42.5473388 0.04
      vertex -45.1810326 -42.5473388 0
    endloop
  endfacet
  facet normal 0.851355193 0.524589683 0
    outer loop
      vertex -45.2904671 -42.3697378 0.04
      vertex -45.1810326 -42.5473388 0
      vertex -45.2904671 -42.3697378 0
    endloop
  endfacet
  facet normal 0.838224706 0.545324988 0
    outer loop
      vertex -45.1810326 -42.5473388 0.04
      vertex -45.0672726 -42.7222006 0.04
      vertex -45.0672726 -42.7222006 0
    endloop
  endfacet
  facet normal 0.838224706 0.545324988 0
    outer loop
      vertex -45.1810326 -42.5473388 0.04
      vertex -45.0672726 -42.7222006 0
      vertex -45.1810326 -42.5473388 0
    endloop
  endfacet
  facet normal 0.824589303 0.565731811 0
    outer loop
      vertex -45.0672726 -42.7222006 0.04
      vertex -44.9492554 -42.8942179 0.04
      vertex -44.9492554 -42.8942179 0
    endloop
  endfacet
  facet normal 0.824589303 0.565731811 0
    outer loop
      vertex -45.0672726 -42.7222006 0.04
      vertex -44.9492554 -42.8942179 0
      vertex -45.0672726 -42.7222006 0
    endloop
  endfacet
  facet normal 0.810457198 0.585797857 0
    outer loop
      vertex -44.9492554 -42.8942179 0.04
      vertex -44.8270523 -43.0632871 0.04
      vertex -44.8270523 -43.0632871 0
    endloop
  endfacet
  facet normal 0.810457198 0.585797857 0
    outer loop
      vertex -44.9492554 -42.8942179 0.04
      vertex -44.8270523 -43.0632871 0
      vertex -44.9492554 -42.8942179 0
    endloop
  endfacet
  facet normal 0.795836905 0.605511041 0
    outer loop
      vertex -44.8270523 -43.0632871 0.04
      vertex -44.7007369 -43.2293064 0.04
      vertex -44.7007369 -43.2293064 0
    endloop
  endfacet
  facet normal 0.795836905 0.605511041 0
    outer loop
      vertex -44.8270523 -43.0632871 0.04
      vertex -44.7007369 -43.2293064 0
      vertex -44.8270523 -43.0632871 0
    endloop
  endfacet
  facet normal 0.780737229 0.624859488 0
    outer loop
      vertex -44.7007369 -43.2293064 0.04
      vertex -44.5703851 -43.3921757 0.04
      vertex -44.5703851 -43.3921757 0
    endloop
  endfacet
  facet normal 0.780737229 0.624859488 0
    outer loop
      vertex -44.7007369 -43.2293064 0.04
      vertex -44.5703851 -43.3921757 0
      vertex -44.7007369 -43.2293064 0
    endloop
  endfacet
  facet normal 0.765167266 0.643831543 0
    outer loop
      vertex -44.5703851 -43.3921757 0.04
      vertex -44.4360756 -43.551797 0.04
      vertex -44.4360756 -43.551797 0
    endloop
  endfacet
  facet normal 0.765167266 0.643831543 0
    outer loop
      vertex -44.5703851 -43.3921757 0.04
      vertex -44.4360756 -43.551797 0
      vertex -44.5703851 -43.3921757 0
    endloop
  endfacet
  facet normal 0.749136395 0.662415778 0
    outer loop
      vertex -44.4360756 -43.551797 0.04
      vertex -44.2978893 -43.7080741 0.04
      vertex -44.2978893 -43.7080741 0
    endloop
  endfacet
  facet normal 0.749136395 0.662415778 0
    outer loop
      vertex -44.4360756 -43.551797 0.04
      vertex -44.2978893 -43.7080741 0
      vertex -44.4360756 -43.551797 0
    endloop
  endfacet
  facet normal 0.732654272 0.680600998 0
    outer loop
      vertex -44.2978893 -43.7080741 0.04
      vertex -44.1559093 -43.8609129 0.04
      vertex -44.1559093 -43.8609129 0
    endloop
  endfacet
  facet normal 0.732654272 0.680600998 0
    outer loop
      vertex -44.2978893 -43.7080741 0.04
      vertex -44.1559093 -43.8609129 0
      vertex -44.2978893 -43.7080741 0
    endloop
  endfacet
  facet normal 0.715730825 0.698376249 0
    outer loop
      vertex -44.1559093 -43.8609129 0.04
      vertex -44.0102213 -44.0102213 0.04
      vertex -44.0102213 -44.0102213 0
    endloop
  endfacet
  facet normal 0.715730825 0.698376249 0
    outer loop
      vertex -44.1559093 -43.8609129 0.04
      vertex -44.0102213 -44.0102213 0
      vertex -44.1559093 -43.8609129 0
    endloop
  endfacet
  facet normal 0.698376249 0.715730825 0
    outer loop
      vertex -44.0102213 -44.0102213 0.04
      vertex -43.8609129 -44.1559093 0.04
      vertex -43.8609129 -44.1559093 0
    endloop
  endfacet
  facet normal 0.698376249 0.715730825 0
    outer loop
      vertex -44.0102213 -44.0102213 0.04
      vertex -43.8609129 -44.1559093 0
      vertex -44.0102213 -44.0102213 0
    endloop
  endfacet
  facet normal 0.680600998 0.732654272 0
    outer loop
      vertex -43.8609129 -44.1559093 0.04
      vertex -43.7080741 -44.2978893 0.04
      vertex -43.7080741 -44.2978893 0
    endloop
  endfacet
  facet normal 0.680600998 0.732654272 0
    outer loop
      vertex -43.8609129 -44.1559093 0.04
      vertex -43.7080741 -44.2978893 0
      vertex -43.8609129 -44.1559093 0
    endloop
  endfacet
  facet normal 0.662415778 0.749136395 0
    outer loop
      vertex -43.7080741 -44.2978893 0.04
      vertex -43.551797 -44.4360756 0.04
      vertex -43.551797 -44.4360756 0
    endloop
  endfacet
  facet normal 0.662415778 0.749136395 0
    outer loop
      vertex -43.7080741 -44.2978893 0.04
      vertex -43.551797 -44.4360756 0
      vertex -43.7080741 -44.2978893 0
    endloop
  endfacet
  facet normal 0.643831543 0.765167266 0
    outer loop
      vertex -43.551797 -44.4360756 0.04
      vertex -43.3921757 -44.5703851 0.04
      vertex -43.3921757 -44.5703851 0
    endloop
  endfacet
  facet normal 0.643831543 0.765167266 0
    outer loop
      vertex -43.551797 -44.4360756 0.04
      vertex -43.3921757 -44.5703851 0
      vertex -43.551797 -44.4360756 0
    endloop
  endfacet
  facet normal 0.624859488 0.780737229 0
    outer loop
      vertex -43.3921757 -44.5703851 0.04
      vertex -43.2293064 -44.7007369 0.04
      vertex -43.2293064 -44.7007369 0
    endloop
  endfacet
  facet normal 0.624859488 0.780737229 0
    outer loop
      vertex -43.3921757 -44.5703851 0.04
      vertex -43.2293064 -44.7007369 0
      vertex -43.3921757 -44.5703851 0
    endloop
  endfacet
  facet normal 0.605511041 0.795836905 0
    outer loop
      vertex -43.2293064 -44.7007369 0.04
      vertex -43.0632871 -44.8270523 0.04
      vertex -43.0632871 -44.8270523 0
    endloop
  endfacet
  facet normal 0.605511041 0.795836905 0
    outer loop
      vertex -43.2293064 -44.7007369 0.04
      vertex -43.0632871 -44.8270523 0
      vertex -43.2293064 -44.7007369 0
    endloop
  endfacet
  facet normal 0.585797857 0.810457198 0
    outer loop
      vertex -43.0632871 -44.8270523 0.04
      vertex -42.8942179 -44.9492554 0.04
      vertex -42.8942179 -44.9492554 0
    endloop
  endfacet
  facet normal 0.585797857 0.810457198 0
    outer loop
      vertex -43.0632871 -44.8270523 0.04
      vertex -42.8942179 -44.9492554 0
      vertex -43.0632871 -44.8270523 0
    endloop
  endfacet
  facet normal 0.565731811 0.824589303 0
    outer loop
      vertex -42.8942179 -44.9492554 0.04
      vertex -42.7222006 -45.0672726 0.04
      vertex -42.7222006 -45.0672726 0
    endloop
  endfacet
  facet normal 0.565731811 0.824589303 0
    outer loop
      vertex -42.8942179 -44.9492554 0.04
      vertex -42.7222006 -45.0672726 0
      vertex -42.8942179 -44.9492554 0
    endloop
  endfacet
  facet normal 0.545324988 0.838224706 0
    outer loop
      vertex -42.7222006 -45.0672726 0.04
      vertex -42.5473388 -45.1810326 0.04
      vertex -42.5473388 -45.1810326 0
    endloop
  endfacet
  facet normal 0.545324988 0.838224706 0
    outer loop
      vertex -42.7222006 -45.0672726 0.04
      vertex -42.5473388 -45.1810326 0
      vertex -42.7222006 -45.0672726 0
    endloop
  endfacet
  facet normal 0.524589683 0.851355193 0
    outer loop
      vertex -42.5473388 -45.1810326 0.04
      vertex -42.3697378 -45.2904671 0.04
      vertex -42.3697378 -45.2904671 0
    endloop
  endfacet
  facet normal 0.524589683 0.851355193 0
    outer loop
      vertex -42.5473388 -45.1810326 0.04
      vertex -42.3697378 -45.2904671 0
      vertex -42.5473388 -45.1810326 0
    endloop
  endfacet
  facet normal 0.503538384 0.863972856 0
    outer loop
      vertex -42.3697378 -45.2904671 0.04
      vertex -42.1895047 -45.3955101 0.04
      vertex -42.1895047 -45.3955101 0
    endloop
  endfacet
  facet normal 0.503538384 0.863972856 0
    outer loop
      vertex -42.3697378 -45.2904671 0.04
      vertex -42.1895047 -45.3955101 0
      vertex -42.3697378 -45.2904671 0
    endloop
  endfacet
  facet normal 0.482183772 0.876070094 0
    outer loop
      vertex -42.1895047 -45.3955101 0.04
      vertex -42.006748 -45.4960983 0.04
      vertex -42.006748 -45.4960983 0
    endloop
  endfacet
  facet normal 0.482183772 0.876070094 0
    outer loop
      vertex -42.1895047 -45.3955101 0.04
      vertex -42.006748 -45.4960983 0
      vertex -42.1895047 -45.3955101 0
    endloop
  endfacet
  facet normal 0.460538711 0.88763962 0
    outer loop
      vertex -42.006748 -45.4960983 0.04
      vertex -41.8215778 -45.5921711 0.04
      vertex -41.8215778 -45.5921711 0
    endloop
  endfacet
  facet normal 0.460538711 0.88763962 0
    outer loop
      vertex -42.006748 -45.4960983 0.04
      vertex -41.8215778 -45.5921711 0
      vertex -42.006748 -45.4960983 0
    endloop
  endfacet
  facet normal 0.438616239 0.898674466 0
    outer loop
      vertex -41.8215778 -45.5921711 0.04
      vertex -41.6341056 -45.6836707 0.04
      vertex -41.6341056 -45.6836707 0
    endloop
  endfacet
  facet normal 0.438616239 0.898674466 0
    outer loop
      vertex -41.8215778 -45.5921711 0.04
      vertex -41.6341056 -45.6836707 0
      vertex -41.8215778 -45.5921711 0
    endloop
  endfacet
  facet normal 0.41642956 0.909167983 0
    outer loop
      vertex -41.6341056 -45.6836707 0.04
      vertex -41.4444444 -45.770542 0.04
      vertex -41.4444444 -45.770542 0
    endloop
  endfacet
  facet normal 0.41642956 0.909167983 0
    outer loop
      vertex -41.6341056 -45.6836707 0.04
      vertex -41.4444444 -45.770542 0
      vertex -41.6341056 -45.6836707 0
    endloop
  endfacet
  facet normal 0.39399204 0.919113852 0
    outer loop
      vertex -41.4444444 -45.770542 0.04
      vertex -41.2527083 -45.8527325 0.04
      vertex -41.2527083 -45.8527325 0
    endloop
  endfacet
  facet normal 0.39399204 0.919113852 0
    outer loop
      vertex -41.4444444 -45.770542 0.04
      vertex -41.2527083 -45.8527325 0
      vertex -41.4444444 -45.770542 0
    endloop
  endfacet
  facet normal 0.371317194 0.92850608 0
    outer loop
      vertex -41.2527083 -45.8527325 0.04
      vertex -41.059013 -45.9301929 0.04
      vertex -41.059013 -45.9301929 0
    endloop
  endfacet
  facet normal 0.371317194 0.92850608 0
    outer loop
      vertex -41.2527083 -45.8527325 0.04
      vertex -41.059013 -45.9301929 0
      vertex -41.2527083 -45.8527325 0
    endloop
  endfacet
  facet normal 0.34841868 0.937339012 0
    outer loop
      vertex -41.059013 -45.9301929 0.04
      vertex -40.863475 -46.0028764 0.04
      vertex -40.863475 -46.0028764 0
    endloop
  endfacet
  facet normal 0.34841868 0.937339012 0
    outer loop
      vertex -41.059013 -45.9301929 0.04
      vertex -40.863475 -46.0028764 0
      vertex -41.059013 -45.9301929 0
    endloop
  endfacet
  facet normal 0.325310292 0.945607325 0
    outer loop
      vertex -40.863475 -46.0028764 0.04
      vertex -40.6662121 -46.0707393 0.04
      vertex -40.6662121 -46.0707393 0
    endloop
  endfacet
  facet normal 0.325310292 0.945607325 0
    outer loop
      vertex -40.863475 -46.0028764 0.04
      vertex -40.6662121 -46.0707393 0
      vertex -40.863475 -46.0028764 0
    endloop
  endfacet
  facet normal 0.302005949 0.95330604 0
    outer loop
      vertex -40.6662121 -46.0707393 0.04
      vertex -40.4673432 -46.1337406 0.04
      vertex -40.4673432 -46.1337406 0
    endloop
  endfacet
  facet normal 0.302005949 0.95330604 0
    outer loop
      vertex -40.6662121 -46.0707393 0.04
      vertex -40.4673432 -46.1337406 0
      vertex -40.6662121 -46.0707393 0
    endloop
  endfacet
  facet normal 0.278519689 0.960430519 0
    outer loop
      vertex -40.4673432 -46.1337406 0.04
      vertex -40.2669881 -46.1918425 0.04
      vertex -40.2669881 -46.1918425 0
    endloop
  endfacet
  facet normal 0.278519689 0.960430519 0
    outer loop
      vertex -40.4673432 -46.1337406 0.04
      vertex -40.2669881 -46.1918425 0
      vertex -40.4673432 -46.1337406 0
    endloop
  endfacet
  facet normal 0.25486566 0.966976471 0
    outer loop
      vertex -40.2669881 -46.1918425 0.04
      vertex -40.0652675 -46.24501 0.04
      vertex -40.0652675 -46.24501 0
    endloop
  endfacet
  facet normal 0.25486566 0.966976471 0
    outer loop
      vertex -40.2669881 -46.1918425 0.04
      vertex -40.0652675 -46.24501 0
      vertex -40.2669881 -46.1918425 0
    endloop
  endfacet
  facet normal 0.231058108 0.972939952 0
    outer loop
      vertex -40.0652675 -46.24501 0.04
      vertex -39.8623028 -46.2932109 0.04
      vertex -39.8623028 -46.2932109 0
    endloop
  endfacet
  facet normal 0.231058108 0.972939952 0
    outer loop
      vertex -40.0652675 -46.24501 0.04
      vertex -39.8623028 -46.2932109 0
      vertex -40.0652675 -46.24501 0
    endloop
  endfacet
  facet normal 0.207111376 0.978317371 0
    outer loop
      vertex -39.8623028 -46.2932109 0.04
      vertex -39.6582163 -46.3364164 0.04
      vertex -39.6582163 -46.3364164 0
    endloop
  endfacet
  facet normal 0.207111376 0.978317371 0
    outer loop
      vertex -39.8623028 -46.2932109 0.04
      vertex -39.6582163 -46.3364164 0
      vertex -39.8623028 -46.2932109 0
    endloop
  endfacet
  facet normal 0.183039888 0.983105487 0
    outer loop
      vertex -39.6582163 -46.3364164 0.04
      vertex -39.453131 -46.3746003 0.04
      vertex -39.453131 -46.3746003 0
    endloop
  endfacet
  facet normal 0.183039888 0.983105487 0
    outer loop
      vertex -39.6582163 -46.3364164 0.04
      vertex -39.453131 -46.3746003 0
      vertex -39.6582163 -46.3364164 0
    endloop
  endfacet
  facet normal 0.158858143 0.987301418 0
    outer loop
      vertex -39.453131 -46.3746003 0.04
      vertex -39.2471704 -46.4077396 0.04
      vertex -39.2471704 -46.4077396 0
    endloop
  endfacet
  facet normal 0.158858143 0.987301418 0
    outer loop
      vertex -39.453131 -46.3746003 0.04
      vertex -39.2471704 -46.4077396 0
      vertex -39.453131 -46.3746003 0
    endloop
  endfacet
  facet normal 0.134580709 0.990902635 0
    outer loop
      vertex -39.2471704 -46.4077396 0.04
      vertex -39.0404585 -46.4358145 0.04
      vertex -39.0404585 -46.4358145 0
    endloop
  endfacet
  facet normal 0.134580709 0.990902635 0
    outer loop
      vertex -39.2471704 -46.4077396 0.04
      vertex -39.0404585 -46.4358145 0
      vertex -39.2471704 -46.4077396 0
    endloop
  endfacet
  facet normal 0.110222207 0.99390697 0
    outer loop
      vertex -39.0404585 -46.4358145 0.04
      vertex -38.8331199 -46.4588079 0.04
      vertex -38.8331199 -46.4588079 0
    endloop
  endfacet
  facet normal 0.110222207 0.99390697 0
    outer loop
      vertex -39.0404585 -46.4358145 0.04
      vertex -38.8331199 -46.4588079 0
      vertex -39.0404585 -46.4358145 0
    endloop
  endfacet
  facet normal 0.0857973123 0.996312612 0
    outer loop
      vertex -38.8331199 -46.4588079 0.04
      vertex -38.6252794 -46.476706 0.04
      vertex -38.6252794 -46.476706 0
    endloop
  endfacet
  facet normal 0.0857973123 0.996312612 0
    outer loop
      vertex -38.8331199 -46.4588079 0.04
      vertex -38.6252794 -46.476706 0
      vertex -38.8331199 -46.4588079 0
    endloop
  endfacet
  facet normal 0.0613207363 0.998118113 0
    outer loop
      vertex -38.6252794 -46.476706 0.04
      vertex -38.4170623 -46.4894981 0.04
      vertex -38.4170623 -46.4894981 0
    endloop
  endfacet
  facet normal 0.0613207363 0.998118113 0
    outer loop
      vertex -38.6252794 -46.476706 0.04
      vertex -38.4170623 -46.4894981 0
      vertex -38.6252794 -46.476706 0
    endloop
  endfacet
  facet normal 0.0368072229 0.999322385 0
    outer loop
      vertex -38.4170623 -46.4894981 0.04
      vertex -38.208594 -46.4971765 0.04
      vertex -38.208594 -46.4971765 0
    endloop
  endfacet
  facet normal 0.0368072229 0.999322385 0
    outer loop
      vertex -38.4170623 -46.4894981 0.04
      vertex -38.208594 -46.4971765 0
      vertex -38.4170623 -46.4894981 0
    endloop
  endfacet
  facet normal 0.0122715383 0.999924702 0
    outer loop
      vertex -38.208594 -46.4971765 0.04
      vertex -37.978524 -46.5 0.04
      vertex -37.978524 -46.5 0
    endloop
  endfacet
  facet normal 0.0122715383 0.999924702 0
    outer loop
      vertex -38.208594 -46.4971765 0.04
      vertex -37.978524 -46.5 0
      vertex -38.208594 -46.4971765 0
    endloop
  endfacet
  facet normal -0 1 0
    outer loop
      vertex -37.978524 -46.5 0.04
      vertex -3.5 -46.5 0.04
      vertex -3.5 -46.5 0
    endloop
  endfacet
  facet normal 0 1 0
    outer loop
      vertex -37.978524 -46.5 0.04
      vertex -3.5 -46.5 0
      vertex -37.978524 -46.5 0
    endloop
  endfacet
  facet normal -1 0 0
    outer loop
      vertex -3.5 -46.5 0.04
      vertex -3.5 -7 0.04
      vertex -3.5 -7 0
    endloop
  endfacet
  facet normal -1 0 0
    outer loop
      vertex -3.5 -46.5 0.04
      vertex -3.5 -7 0
      vertex -3.5 -46.5 0
    endloop
  endfacet
  facet normal -0 -1 0
    outer loop
      vertex -3.5 46.5 0.04
      vertex -37.978524 46.5 0.04
      vertex -37.978524 46.5 0
    endloop
  endfacet
  facet normal 0 -1 -0
    outer loop
      vertex -3.5 46.5 0.04
      vertex -37.978524 46.5 0
      vertex -3.5 46.5 0
    endloop
  endfacet
  facet normal 0.0122715383 -0.999924702 0
    outer loop
      vertex -37.978524 46.5 0.04
      vertex -38.208594 46.4971765 0.04
      vertex -38.208594 46.4971765 0
    endloop
  endfacet
  facet normal 0.0122715383 -0.999924702 0
    outer loop
      vertex -37.978524 46.5 0.04
      vertex -38.208594 46.4971765 0
      vertex -37.978524 46.5 0
    endloop
  endfacet
  facet normal 0.0368072229 -0.999322385 0
    outer loop
      vertex -38.208594 46.4971765 0.04
      vertex -38.4170623 46.4894981 0.04
      vertex -38.4170623 46.4894981 0
    endloop
  endfacet
  facet normal 0.0368072229 -0.999322385 0
    outer loop
      vertex -38.208594 46.4971765 0.04
      vertex -38.4170623 46.4894981 0
      vertex -38.208594 46.4971765 0
    endloop
  endfacet
  facet normal 0.0613207363 -0.998118113 0
    outer loop
      vertex -38.4170623 46.4894981 0.04
      vertex -38.6252794 46.476706 0.04
      vertex -38.6252794 46.476706 0
    endloop
  endfacet
  facet normal 0.0613207363 -0.998118113 0
    outer loop
      vertex -38.4170623 46.4894981 0.04
      vertex -38.6252794 46.476706 0
      vertex -38.4170623 46.4894981 0
    endloop
  endfacet
  facet normal 0.0857973123 -0.996312612 0
    outer loop
      vertex -38.6252794 46.476706 0.04
      vertex -38.8331199 46.4588079 0.04
      vertex -38.8331199 46.4588079 0
    endloop
  endfacet
  facet normal 0.0857973123 -0.996312612 0
    outer loop
      vertex -38.6252794 46.476706 0.04
      vertex -38.8331199 46.4588079 0
      vertex -38.6252794 46.476706 0
    endloop
  endfacet
  facet normal 0.110222207 -0.99390697 0
    outer loop
      vertex -38.8331199 46.4588079 0.04
      vertex -39.0404585 46.4358145 0.04
      vertex -39.0404585 46.4358145 0
    endloop
  endfacet
  facet normal 0.110222207 -0.99390697 0
    outer loop
      vertex -38.8331199 46.4588079 0.04
      vertex -39.0404585 46.4358145 0
      vertex -38.8331199 46.4588079 0
    endloop
  endfacet
  facet normal 0.134580709 -0.990902635 0
    outer loop
      vertex -39.0404585 46.4358145 0.04
      vertex -39.2471704 46.4077396 0.04
      vertex -39.2471704 46.4077396 0
    endloop
  endfacet
  facet normal 0.134580709 -0.990902635 0
    outer loop
      vertex -39.0404585 46.4358145 0.04
      vertex -39.2471704 46.4077396 0
      vertex -39.0404585 46.4358145 0
    endloop
  endfacet
  facet normal 0.158858143 -0.987301418 0
    outer loop
      vertex -39.2471704 46.4077396 0.04
      vertex -39.453131 46.3746003 0.04
      vertex -39.453131 46.3746003 0
    endloop
  endfacet
  facet normal 0.158858143 -0.987301418 0
    outer loop
      vertex -39.2471704 46.4077396 0.04
      vertex -39.453131 46.3746003 0
      vertex -39.2471704 46.4077396 0
    endloop
  endfacet
  facet normal 0.183039888 -0.983105487 0
    outer loop
      vertex -39.453131 46.3746003 0.04
      vertex -39.6582163 46.3364164 0.04
      vertex -39.6582163 46.3364164 0
    endloop
  endfacet
  facet normal 0.183039888 -0.983105487 0
    outer loop
      vertex -39.453131 46.3746003 0.04
      vertex -39.6582163 46.3364164 0
      vertex -39.453131 46.3746003 0
    endloop
  endfacet
  facet normal 0.207111376 -0.978317371 0
    outer loop
      vertex -39.6582163 46.3364164 0.04
      vertex -39.8623028 46.2932109 0.04
      vertex -39.8623028 46.2932109 0
    endloop
  endfacet
  facet normal 0.207111376 -0.978317371 0
    outer loop
      vertex -39.6582163 46.3364164 0.04
      vertex -39.8623028 46.2932109 0
      vertex -39.6582163 46.3364164 0
    endloop
  endfacet
  facet normal 0.231058108 -0.972939952 0
    outer loop
      vertex -39.8623028 46.2932109 0.04
      vertex -40.0652675 46.24501 0.04
      vertex -40.0652675 46.24501 0
    endloop
  endfacet
  facet normal 0.231058108 -0.972939952 0
    outer loop
      vertex -39.8623028 46.2932109 0.04
      vertex -40.0652675 46.24501 0
      vertex -39.8623028 46.2932109 0
    endloop
  endfacet
  facet normal 0.25486566 -0.966976471 0
    outer loop
      vertex -40.0652675 46.24501 0.04
      vertex -40.2669881 46.1918425 0.04
      vertex -40.2669881 46.1918425 0
    endloop
  endfacet
  facet normal 0.25486566 -0.966976471 0
    outer loop
      vertex -40.0652675 46.24501 0.04
      vertex -40.2669881 46.1918425 0
      vertex -40.0652675 46.24501 0
    endloop
  endfacet
  facet normal 0.278519689 -0.960430519 0
    outer loop
      vertex -40.2669881 46.1918425 0.04
      vertex -40.4673432 46.1337406 0.04
      vertex -40.4673432 46.1337406 0
    endloop
  endfacet
  facet normal 0.278519689 -0.960430519 0
    outer loop
      vertex -40.2669881 46.1918425 0.04
      vertex -40.4673432 46.1337406 0
      vertex -40.2669881 46.1918425 0
    endloop
  endfacet
  facet normal 0.302005949 -0.95330604 0
    outer loop
      vertex -40.4673432 46.1337406 0.04
      vertex -40.6662121 46.0707393 0.04
      vertex -40.6662121 46.0707393 0
    endloop
  endfacet
  facet normal 0.302005949 -0.95330604 0
    outer loop
      vertex -40.4673432 46.1337406 0.04
      vertex -40.6662121 46.0707393 0
      vertex -40.4673432 46.1337406 0
    endloop
  endfacet
  facet normal 0.325310292 -0.945607325 0
    outer loop
      vertex -40.6662121 46.0707393 0.04
      vertex -40.863475 46.0028764 0.04
      vertex -40.863475 46.0028764 0
    endloop
  endfacet
  facet normal 0.325310292 -0.945607325 0
    outer loop
      vertex -40.6662121 46.0707393 0.04
      vertex -40.863475 46.0028764 0
      vertex -40.6662121 46.0707393 0
    endloop
  endfacet
  facet normal 0.34841868 -0.937339012 0
    outer loop
      vertex -40.863475 46.0028764 0.04
      vertex -41.059013 45.9301929 0.04
      vertex -41.059013 45.9301929 0
    endloop
  endfacet
  facet normal 0.34841868 -0.937339012 0
    outer loop
      vertex -40.863475 46.0028764 0.04
      vertex -41.059013 45.9301929 0
      vertex -40.863475 46.0028764 0
    endloop
  endfacet
  facet normal 0.371317194 -0.92850608 0
    outer loop
      vertex -41.059013 45.9301929 0.04
      vertex -41.2527083 45.8527325 0.04
      vertex -41.2527083 45.8527325 0
    endloop
  endfacet
  facet normal 0.371317194 -0.92850608 0
    outer loop
      vertex -41.059013 45.9301929 0.04
      vertex -41.2527083 45.8527325 0
      vertex -41.059013 45.9301929 0
    endloop
  endfacet
  facet normal 0.39399204 -0.919113852 0
    outer loop
      vertex -41.2527083 45.8527325 0.04
      vertex -41.4444444 45.770542 0.04
      vertex -41.4444444 45.770542 0
    endloop
  endfacet
  facet normal 0.39399204 -0.919113852 0
    outer loop
      vertex -41.2527083 45.8527325 0.04
      vertex -41.4444444 45.770542 0
      vertex -41.2527083 45.8527325 0
    endloop
  endfacet
  facet normal 0.41642956 -0.909167983 0
    outer loop
      vertex -41.4444444 45.770542 0.04
      vertex -41.6341056 45.6836707 0.04
      vertex -41.6341056 45.6836707 0
    endloop
  endfacet
  facet normal 0.41642956 -0.909167983 0
    outer loop
      vertex -41.4444444 45.770542 0.04
      vertex -41.6341056 45.6836707 0
      vertex -41.4444444 45.770542 0
    endloop
  endfacet
  facet normal 0.438616239 -0.898674466 0
    outer loop
      vertex -41.6341056 45.6836707 0.04
      vertex -41.8215778 45.5921711 0.04
      vertex -41.8215778 45.5921711 0
    endloop
  endfacet
  facet normal 0.438616239 -0.898674466 0
    outer loop
      vertex -41.6341056 45.6836707 0.04
      vertex -41.8215778 45.5921711 0
      vertex -41.6341056 45.6836707 0
    endloop
  endfacet
  facet normal 0.460538711 -0.88763962 0
    outer loop
      vertex -41.8215778 45.5921711 0.04
      vertex -42.006748 45.4960983 0.04
      vertex -42.006748 45.4960983 0
    endloop
  endfacet
  facet normal 0.460538711 -0.88763962 0
    outer loop
      vertex -41.8215778 45.5921711 0.04
      vertex -42.006748 45.4960983 0
      vertex -41.8215778 45.5921711 0
    endloop
  endfacet
  facet normal 0.482183772 -0.876070094 0
    outer loop
      vertex -42.006748 45.4960983 0.04
      vertex -42.1895047 45.3955101 0.04
      vertex -42.1895047 45.3955101 0
    endloop
  endfacet
  facet normal 0.482183772 -0.876070094 0
    outer loop
      vertex -42.006748 45.4960983 0.04
      vertex -42.1895047 45.3955101 0
      vertex -42.006748 45.4960983 0
    endloop
  endfacet
  facet normal 0.503538384 -0.863972856 0
    outer loop
      vertex -42.1895047 45.3955101 0.04
      vertex -42.3697378 45.2904671 0.04
      vertex -42.3697378 45.2904671 0
    endloop
  endfacet
  facet normal 0.503538384 -0.863972856 0
    outer loop
      vertex -42.1895047 45.3955101 0.04
      vertex -42.3697378 45.2904671 0
      vertex -42.1895047 45.3955101 0
    endloop
  endfacet
  facet normal 0.524589683 -0.851355193 0
    outer loop
      vertex -42.3697378 45.2904671 0.04
      vertex -42.5473388 45.1810326 0.04
      vertex -42.5473388 45.1810326 0
    endloop
  endfacet
  facet normal 0.524589683 -0.851355193 0
    outer loop
      vertex -42.3697378 45.2904671 0.04
      vertex -42.5473388 45.1810326 0
      vertex -42.3697378 45.2904671 0
    endloop
  endfacet
  facet normal 0.545324988 -0.838224706 0
    outer loop
      vertex -42.5473388 45.1810326 0.04
      vertex -42.7222006 45.0672726 0.04
      vertex -42.7222006 45.0672726 0
    endloop
  endfacet
  facet normal 0.545324988 -0.838224706 0
    outer loop
      vertex -42.5473388 45.1810326 0.04
      vertex -42.7222006 45.0672726 0
      vertex -42.5473388 45.1810326 0
    endloop
  endfacet
  facet normal 0.565731811 -0.824589303 0
    outer loop
      vertex -42.7222006 45.0672726 0.04
      vertex -42.8942179 44.9492554 0.04
      vertex -42.8942179 44.9492554 0
    endloop
  endfacet
  facet normal 0.565731811 -0.824589303 0
    outer loop
      vertex -42.7222006 45.0672726 0.04
      vertex -42.8942179 44.9492554 0
      vertex -42.7222006 45.0672726 0
    endloop
  endfacet
  facet normal 0.585797857 -0.810457198 0
    outer loop
      vertex -42.8942179 44.9492554 0.04
      vertex -43.0632871 44.8270523 0.04
      vertex -43.0632871 44.8270523 0
    endloop
  endfacet
  facet normal 0.585797857 -0.810457198 0
    outer loop
      vertex -42.8942179 44.9492554 0.04
      vertex -43.0632871 44.8270523 0
      vertex -42.8942179 44.9492554 0
    endloop
  endfacet
  facet normal 0.605511041 -0.795836905 0
    outer loop
      vertex -43.0632871 44.8270523 0.04
      vertex -43.2293064 44.7007369 0.04
      vertex -43.2293064 44.7007369 0
    endloop
  endfacet
  facet normal 0.605511041 -0.795836905 0
    outer loop
      vertex -43.0632871 44.8270523 0.04
      vertex -43.2293064 44.7007369 0
      vertex -43.0632871 44.8270523 0
    endloop
  endfacet
  facet normal 0.624859488 -0.780737229 0
    outer loop
      vertex -43.2293064 44.7007369 0.04
      vertex -43.3921757 44.5703851 0.04
      vertex -43.3921757 44.5703851 0
    endloop
  endfacet
  facet normal 0.624859488 -0.780737229 0
    outer loop
      vertex -43.2293064 44.7007369 0.04
      vertex -43.3921757 44.5703851 0
      vertex -43.2293064 44.7007369 0
    endloop
  endfacet
  facet normal 0.643831543 -0.765167266 0
    outer loop
      vertex -43.3921757 44.5703851 0.04
      vertex -43.551797 44.4360756 0.04
      vertex -43.551797 44.4360756 0
    endloop
  endfacet
  facet normal 0.643831543 -0.765167266 0
    outer loop
      vertex -43.3921757 44.5703851 0.04
      vertex -43.551797 44.4360756 0
      vertex -43.3921757 44.5703851 0
    endloop
  endfacet
  facet normal 0.662415778 -0.749136395 0
    outer loop
      vertex -43.551797 44.4360756 0.04
      vertex -43.7080741 44.2978893 0.04
      vertex -43.7080741 44.2978893 0
    endloop
  endfacet
  facet normal 0.662415778 -0.749136395 0
    outer loop
      vertex -43.551797 44.4360756 0.04
      vertex -43.7080741 44.2978893 0
      vertex -43.551797 44.4360756 0
    endloop
  endfacet
  facet normal 0.680600998 -0.732654272 0
    outer loop
      vertex -43.7080741 44.2978893 0.04
      vertex -43.8609129 44.1559093 0.04
      vertex -43.8609129 44.1559093 0
    endloop
  endfacet
  facet normal 0.680600998 -0.732654272 0
    outer loop
      vertex -43.7080741 44.2978893 0.04
      vertex -43.8609129 44.1559093 0
      vertex -43.7080741 44.2978893 0
    endloop
  endfacet
  facet normal 0.698376249 -0.715730825 0
    outer loop
      vertex -43.8609129 44.1559093 0.04
      vertex -44.0102213 44.0102213 0.04
      vertex -44.0102213 44.0102213 0
    endloop
  endfacet
  facet normal 0.698376249 -0.715730825 0
    outer loop
      vertex -43.8609129 44.1559093 0.04
      vertex -44.0102213 44.0102213 0
      vertex -43.8609129 44.1559093 0
    endloop
  endfacet
  facet normal 0.715730825 -0.698376249 0
    outer loop
      vertex -44.0102213 44.0102213 0.04
      vertex -44.1559093 43.8609129 0.04
      vertex -44.1559093 43.8609129 0
    endloop
  endfacet
  facet normal 0.715730825 -0.698376249 0
    outer loop
      vertex -44.0102213 44.0102213 0.04
      vertex -44.1559093 43.8609129 0
      vertex -44.0102213 44.0102213 0
    endloop
  endfacet
  facet normal 0.732654272 -0.680600998 0
    outer loop
      vertex -44.1559093 43.8609129 0.04
      vertex -44.2978893 43.7080741 0.04
      vertex -44.2978893 43.7080741 0
    endloop
  endfacet
  facet normal 0.732654272 -0.680600998 0
    outer loop
      vertex -44.1559093 43.8609129 0.04
      vertex -44.2978893 43.7080741 0
      vertex -44.1559093 43.8609129 0
    endloop
  endfacet
  facet normal 0.749136395 -0.662415778 0
    outer loop
      vertex -44.2978893 43.7080741 0.04
      vertex -44.4360756 43.551797 0.04
      vertex -44.4360756 43.551797 0
    endloop
  endfacet
  facet normal 0.749136395 -0.662415778 0
    outer loop
      vertex -44.2978893 43.7080741 0.04
      vertex -44.4360756 43.551797 0
      vertex -44.2978893 43.7080741 0
    endloop
  endfacet
  facet normal 0.765167266 -0.643831543 0
    outer loop
      vertex -44.4360756 43.551797 0.04
      vertex -44.5703851 43.3921757 0.04
      vertex -44.5703851 43.3921757 0
    endloop
  endfacet
  facet normal 0.765167266 -0.643831543 0
    outer loop
      vertex -44.4360756 43.551797 0.04
      vertex -44.5703851 43.3921757 0
      vertex -44.4360756 43.551797 0
    endloop
  endfacet
  facet normal 0.780737229 -0.624859488 0
    outer loop
      vertex -44.5703851 43.3921757 0.04
      vertex -44.7007369 43.2293064 0.04
      vertex -44.7007369 43.2293064 0
    endloop
  endfacet
  facet normal 0.780737229 -0.624859488 0
    outer loop
      vertex -44.5703851 43.3921757 0.04
      vertex -44.7007369 43.2293064 0
      vertex -44.5703851 43.3921757 0
    endloop
  endfacet
  facet normal 0.795836905 -0.605511041 0
    outer loop
      vertex -44.7007369 43.2293064 0.04
      vertex -44.8270523 43.0632871 0.04
      vertex -44.8270523 43.0632871 0
    endloop
  endfacet
  facet normal 0.795836905 -0.605511041 0
    outer loop
      vertex -44.7007369 43.2293064 0.04
      vertex -44.8270523 43.0632871 0
      vertex -44.7007369 43.2293064 0
    endloop
  endfacet
  facet normal 0.810457198 -0.585797857 0
    outer loop
      vertex -44.8270523 43.0632871 0.04
      vertex -44.9492554 42.8942179 0.04
      vertex -44.9492554 42.8942179 0
    endloop
  endfacet
  facet normal 0.810457198 -0.585797857 0
    outer loop
      vertex -44.8270523 43.0632871 0.04
      vertex -44.9492554 42.8942179 0
      vertex -44.8270523 43.0632871 0
    endloop
  endfacet
  facet normal 0.824589303 -0.565731811 0
    outer loop
      vertex -44.9492554 42.8942179 0.04
      vertex -45.0672726 42.7222006 0.04
      vertex -45.0672726 42.7222006 0
    endloop
  endfacet
  facet normal 0.824589303 -0.565731811 0
    outer loop
      vertex -44.9492554 42.8942179 0.04
      vertex -45.0672726 42.7222006 0
      vertex -44.9492554 42.8942179 0
    endloop
  endfacet
  facet normal 0.838224706 -0.545324988 0
    outer loop
      vertex -45.0672726 42.7222006 0.04
      vertex -45.1810326 42.5473388 0.04
      vertex -45.1810326 42.5473388 0
    endloop
  endfacet
  facet normal 0.838224706 -0.545324988 0
    outer loop
      vertex -45.0672726 42.7222006 0.04
      vertex -45.1810326 42.5473388 0
      vertex -45.0672726 42.7222006 0
    endloop
  endfacet
  facet normal 0.851355193 -0.524589683 0
    outer loop
      vertex -45.1810326 42.5473388 0.04
      vertex -45.2904671 42.3697378 0.04
      vertex -45.2904671 42.3697378 0
    endloop
  endfacet
  facet normal 0.851355193 -0.524589683 0
    outer loop
      vertex -45.1810326 42.5473388 0.04
      vertex -45.2904671 42.3697378 0
      vertex -45.1810326 42.5473388 0
    endloop
  endfacet
  facet normal 0.863972856 -0.503538384 0
    outer loop
      vertex -45.2904671 42.3697378 0.04
      vertex -45.3955101 42.1895047 0.04
      vertex -45.3955101 42.1895047 0
    endloop
  endfacet
  facet normal 0.863972856 -0.503538384 0
    outer loop
      vertex -45.2904671 42.3697378 0.04
      vertex -45.3955101 42.1895047 0
      vertex -45.2904671 42.3697378 0
    endloop
  endfacet
  facet normal 0.876070094 -0.482183772 0
    outer loop
      vertex -45.3955101 42.1895047 0.04
      vertex -45.4960983 42.006748 0.04
      vertex -45.4960983 42.006748 0
    endloop
  endfacet
  facet normal 0.876070094 -0.482183772 0
    outer loop
      vertex -45.3955101 42.1895047 0.04
      vertex -45.4960983 42.006748 0
      vertex -45.3955101 42.1895047 0
    endloop
  endfacet
  facet normal 0.88763962 -0.460538711 0
    outer loop
      vertex -45.4960983 42.006748 0.04
      vertex -45.5921711 41.8215778 0.04
      vertex -45.5921711 41.8215778 0
    endloop
  endfacet
  facet normal 0.88763962 -0.460538711 0
    outer loop
      vertex -45.4960983 42.006748 0.04
      vertex -45.5921711 41.8215778 0
      vertex -45.4960983 42.006748 0
    endloop
  endfacet
  facet normal 0.898674466 -0.438616239 0
    outer loop
      vertex -45.5921711 41.8215778 0.04
      vertex -45.6836707 41.6341056 0.04
      vertex -45.6836707 41.6341056 0
    endloop
  endfacet
  facet normal 0.898674466 -0.438616239 0
    outer loop
      vertex -45.5921711 41.8215778 0.04
      vertex -45.6836707 41.6341056 0
      vertex -45.5921711 41.8215778 0
    endloop
  endfacet
  facet normal 0.909167983 -0.41642956 0
    outer loop
      vertex -45.6836707 41.6341056 0.04
      vertex -45.770542 41.4444444 0.04
      vertex -45.770542 41.4444444 0
    endloop
  endfacet
  facet normal 0.909167983 -0.41642956 0
    outer loop
      vertex -45.6836707 41.6341056 0.04
      vertex -45.770542 41.4444444 0
      vertex -45.6836707 41.6341056 0
    endloop
  endfacet
  facet normal 0.919113852 -0.39399204 0
    outer loop
      vertex -45.770542 41.4444444 0.04
      vertex -45.8527325 41.2527083 0.04
      vertex -45.8527325 41.2527083 0
    endloop
  endfacet
  facet normal 0.919113852 -0.39399204 0
    outer loop
      vertex -45.770542 41.4444444 0.04
      vertex -45.8527325 41.2527083 0
      vertex -45.770542 41.4444444 0
    endloop
  endfacet
  facet normal 0.92850608 -0.371317194 0
    outer loop
      vertex -45.8527325 41.2527083 0.04
      vertex -45.9301929 41.059013 0.04
      vertex -45.9301929 41.059013 0
    endloop
  endfacet
  facet normal 0.92850608 -0.371317194 0
    outer loop
      vertex -45.8527325 41.2527083 0.04
      vertex -45.9301929 41.059013 0
      vertex -45.8527325 41.2527083 0
    endloop
  endfacet
  facet normal 0.937339012 -0.34841868 0
    outer loop
      vertex -45.9301929 41.059013 0.04
      vertex -46.0028764 40.863475 0.04
      vertex -46.0028764 40.863475 0
    endloop
  endfacet
  facet normal 0.937339012 -0.34841868 0
    outer loop
      vertex -45.9301929 41.059013 0.04
      vertex -46.0028764 40.863475 0
      vertex -45.9301929 41.059013 0
    endloop
  endfacet
  facet normal 0.945607325 -0.325310292 0
    outer loop
      vertex -46.0028764 40.863475 0.04
      vertex -46.0707393 40.6662121 0.04
      vertex -46.0707393 40.6662121 0
    endloop
  endfacet
  facet normal 0.945607325 -0.325310292 0
    outer loop
      vertex -46.0028764 40.863475 0.04
      vertex -46.0707393 40.6662121 0
      vertex -46.0028764 40.863475 0
    endloop
  endfacet
  facet normal 0.95330604 -0.302005949 0
    outer loop
      vertex -46.0707393 40.6662121 0.04
      vertex -46.1337406 40.4673432 0.04
      vertex -46.1337406 40.4673432 0
    endloop
  endfacet
  facet normal 0.95330604 -0.302005949 0
    outer loop
      vertex -46.0707393 40.6662121 0.04
      vertex -46.1337406 40.4673432 0
      vertex -46.0707393 40.6662121 0
    endloop
  endfacet
  facet normal 0.960430519 -0.278519689 0
    outer loop
      vertex -46.1337406 40.4673432 0.04
      vertex -46.1918425 40.2669881 0.04
      vertex -46.1918425 40.2669881 0
    endloop
  endfacet
  facet normal 0.960430519 -0.278519689 0
    outer loop
      vertex -46.1337406 40.4673432 0.04
      vertex -46.1918425 40.2669881 0
      vertex -46.1337406 40.4673432 0
    endloop
  endfacet
  facet normal 0.966976471 -0.25486566 0
    outer loop
      vertex -46.1918425 40.2669881 0.04
      vertex -46.24501 40.0652675 0.04
      vertex -46.24501 40.0652675 0
    endloop
  endfacet
  facet normal 0.966976471 -0.25486566 0
    outer loop
      vertex -46.1918425 40.2669881 0.04
      vertex -46.24501 40.0652675 0
      vertex -46.1918425 40.2669881 0
    endloop
  endfacet
  facet normal 0.972939952 -0.231058108 0
    outer loop
      vertex -46.24501 40.0652675 0.04
      vertex -46.2932109 39.8623028 0.04
      vertex -46.2932109 39.8623028 0
    endloop
  endfacet
  facet normal 0.972939952 -0.231058108 0
    outer loop
      vertex -46.24501 40.0652675 0.04
      vertex -46.2932109 39.8623028 0
      vertex -46.24501 40.0652675 0
    endloop
  endfacet
  facet normal 0.978317371 -0.207111376 0
    outer loop
      vertex -46.2932109 39.8623028 0.04
      vertex -46.3364164 39.6582163 0.04
      vertex -46.3364164 39.6582163 0
    endloop
  endfacet
  facet normal 0.978317371 -0.207111376 0
    outer loop
      vertex -46.2932109 39.8623028 0.04
      vertex -46.3364164 39.6582163 0
      vertex -46.2932109 39.8623028 0
    endloop
  endfacet
  facet normal 0.983105487 -0.183039888 0
    outer loop
      vertex -46.3364164 39.6582163 0.04
      vertex -46.3746003 39.453131 0.04
      vertex -46.3746003 39.453131 0
    endloop
  endfacet
  facet normal 0.983105487 -0.183039888 0
    outer loop
      vertex -46.3364164 39.6582163 0.04
      vertex -46.3746003 39.453131 0
      vertex -46.3364164 39.6582163 0
    endloop
  endfacet
  facet normal 0.987301418 -0.158858143 0
    outer loop
      vertex -46.3746003 39.453131 0.04
      vertex -46.4077396 39.2471704 0.04
      vertex -46.4077396 39.2471704 0
    endloop
  endfacet
  facet normal 0.987301418 -0.158858143 0
    outer loop
      vertex -46.3746003 39.453131 0.04
      vertex -46.4077396 39.2471704 0
      vertex -46.3746003 39.453131 0
    endloop
  endfacet
  facet normal 0.990902635 -0.134580709 0
    outer loop
      vertex -46.4077396 39.2471704 0.04
      vertex -46.4358145 39.0404585 0.04
      vertex -46.4358145 39.0404585 0
    endloop
  endfacet
  facet normal 0.990902635 -0.134580709 0
    outer loop
      vertex -46.4077396 39.2471704 0.04
      vertex -46.4358145 39.0404585 0
      vertex -46.4077396 39.2471704 0
    endloop
  endfacet
  facet normal 0.99390697 -0.110222207 0
    outer loop
      vertex -46.4358145 39.0404585 0.04
      vertex -46.4588079 38.8331199 0.04
      vertex -46.4588079 38.8331199 0
    endloop
  endfacet
  facet normal 0.99390697 -0.110222207 0
    outer loop
      vertex -46.4358145 39.0404585 0.04
      vertex -46.4588079 38.8331199 0
      vertex -46.4358145 39.0404585 0
    endloop
  endfacet
  facet normal 0.996312612 -0.0857973123 0
    outer loop
      vertex -46.4588079 38.8331199 0.04
      vertex -46.476706 38.6252794 0.04
      vertex -46.476706 38.6252794 0
    endloop
  endfacet
  facet normal 0.996312612 -0.0857973123 0
    outer loop
      vertex -46.4588079 38.8331199 0.04
      vertex -46.476706 38.6252794 0
      vertex -46.4588079 38.8331199 0
    endloop
  endfacet
  facet normal 0.998118113 -0.0613207363 0
    outer loop
      vertex -46.476706 38.6252794 0.04
      vertex -46.4894981 38.4170623 0.04
      vertex -46.4894981 38.4170623 0
    endloop
  endfacet
  facet normal 0.998118113 -0.0613207363 0
    outer loop
      vertex -46.476706 38.6252794 0.04
      vertex -46.4894981 38.4170623 0
      vertex -46.476706 38.6252794 0
    endloop
  endfacet
  facet normal 0.999322385 -0.0368072229 0
    outer loop
      vertex -46.4894981 38.4170623 0.04
      vertex -46.4971765 38.208594 0.04
      vertex -46.4971765 38.208594 0
    endloop
  endfacet
  facet normal 0.999322385 -0.0368072229 0
    outer loop
      vertex -46.4894981 38.4170623 0.04
      vertex -46.4971765 38.208594 0
      vertex -46.4894981 38.4170623 0
    endloop
  endfacet
  facet normal 0.999924702 -0.0122715383 0
    outer loop
      vertex -46.4971765 38.208594 0.04
      vertex -46.5 37.978524 0.04
      vertex -46.5 37.978524 0
    endloop
  endfacet
  facet normal 0.999924702 -0.0122715383 0
    outer loop
      vertex -46.4971765 38.208594 0.04
      vertex -46.5 37.978524 0
      vertex -46.4971765 38.208594 0
    endloop
  endfacet
  facet normal 1 0 0
    outer loop
      vertex -46.5 37.978524 0.04
      vertex -46.5 3.5 0.04
      vertex -46.5 3.5 0
    endloop
  endfacet
  facet normal 1 0 0
    outer loop
      vertex -46.5 37.978524 0.04
      vertex -46.5 3.5 0
      vertex -46.5 37.978524 0
    endloop
  endfacet
  facet normal -0 1 0
    outer loop
      vertex -46.5 3.5 0.04
      vertex -7 3.5 0.04
      vertex -7 3.5 0
    endloop
  endfacet
  facet normal 0 1 0
    outer loop
      vertex -46.5 3.5 0.04
      vertex -7 3.5 0
      vertex -46.5 3.5 0
    endloop
  endfacet
  facet normal -1 0 0
    outer loop
      vertex -7 3.5 0.04
      vertex -7 7 0.04
      vertex -7 7 0
    endloop
  endfacet
  facet normal -1 0 0
    outer loop
      vertex -7 3.5 0.04
      vertex -7 7 0
      vertex -7 3.5 0
    endloop
  endfacet
  facet normal -0 1 0
    outer loop
      vertex -7 7 0.04
      vertex -3.5 7 0.04
      vertex -3.5 7 0
    endloop
  endfacet
  facet normal 0 1 0
    outer loop
      vertex -7 7 0.04
      vertex -3.5 7 0
      vertex -7 7 0
    endloop
  endfacet
  facet normal -1 0 0
    outer loop
      vertex -3.5 7 0.04
      vertex -3.5 46.5 0.04
      vertex -3.5 46.5 0
    endloop
  endfacet
  facet normal -1 0 0
    outer loop
      vertex -3.5 7 0.04
      vertex -3.5 46.5 0
      vertex -3.5 7 0
    endloop
  endfacet
endsolid road_asphalt
