solid white_edge_lines_inset_10cm
  facet normal 0 0 1
    outer loop
      vertex -49.410837 48.3421798 0.041
      vertex -49.6612101 48.059029 0.041
      vertex -49.299686 48.2414384 0.041
    endloop
  endfacet
  facet normal -0 0 1
    outer loop
      vertex -49.410837 48.3421798 0.041
      vertex -49.299686 48.2414384 0.041
      vertex -49.1535905 48.6191009 0.041
    endloop
  endfacet
  facet normal 0 0 1
    outer loop
      vertex -49.1535905 48.6191009 0.041
      vertex -49.299686 48.2414384 0.041
      vertex -49.0449453 48.5156621 0.041
    endloop
  endfacet
  facet normal -0 0 1
    outer loop
      vertex -49.1535905 48.6191009 0.041
      vertex -49.0449453 48.5156621 0.041
      vertex -48.8896255 48.8896255 0.041
    endloop
  endfacet
  facet normal 0 0 1
    outer loop
      vertex -48.8896255 48.8896255 0.041
      vertex -49.0449453 48.5156621 0.041
      vertex -48.7835515 48.7835515 0.041
    endloop
  endfacet
  facet normal -0 0 1
    outer loop
      vertex -48.8896255 48.8896255 0.041
      vertex -48.7835515 48.7835515 0.041
      vertex -48.5156621 49.0449453 0.041
    endloop
  endfacet
  facet normal 0 0 1
    outer loop
      vertex -48.8896255 48.8896255 0.041
      vertex -48.5156621 49.0449453 0.041
      vertex -48.6191009 49.1535905 0.041
    endloop
  endfacet
  facet normal -0 0 1
    outer loop
      vertex -48.6191009 49.1535905 0.041
      vertex -48.5156621 49.0449453 0.041
      vertex -48.2414384 49.299686 0.041
    endloop
  endfacet
  facet normal 0 0 1
    outer loop
      vertex -48.6191009 49.1535905 0.041
      vertex -48.2414384 49.299686 0.041
      vertex -48.3421798 49.410837 0.041
    endloop
  endfacet
  facet normal -0 0 1
    outer loop
      vertex -48.3421798 49.410837 0.041
      vertex -48.2414384 49.299686 0.041
      vertex -48.059029 49.6612101 0.041
    endloop
  endfacet
  facet normal 0 0 1
    outer loop
      vertex -48.059029 49.6612101 0.041
      vertex -48.2414384 49.299686 0.041
      vertex -47.9610457 49.5476202 0.041
    endloop
  endfacet
  facet normal -0 0 1
    outer loop
      vertex -48.059029 49.6612101 0.041
      vertex -47.9610457 49.5476202 0.041
      vertex -47.769819 49.9045589 0.041
    endloop
  endfacet
  facet normal 0 0 1
    outer loop
      vertex -47.769819 49.9045589 0.041
      vertex -47.9610457 49.5476202 0.041
      vertex -47.6746528 49.7885986 0.041
    endloop
  endfacet
  facet normal -0 0 1
    outer loop
      vertex -47.769819 49.9045589 0.041
      vertex -47.6746528 49.7885986 0.041
      vertex -47.3824323 50.022476 0.041
    endloop
  endfacet
  facet normal 0 0 1
    outer loop
      vertex -47.769819 49.9045589 0.041
      vertex -47.3824323 50.022476 0.041
      vertex -47.474724 50.1407368 0.041
    endloop
  endfacet
  facet normal -0 0 1
    outer loop
      vertex -47.474724 50.1407368 0.041
      vertex -47.3824323 50.022476 0.041
      vertex -47.0845602 50.2491114 0.041
    endloop
  endfacet
  facet normal 0 0 1
    outer loop
      vertex -47.474724 50.1407368 0.041
      vertex -47.0845602 50.2491114 0.041
      vertex -47.1739218 50.3696016 0.041
    endloop
  endfacet
  facet normal -0 0 1
    outer loop
      vertex -47.1739218 50.3696016 0.041
      vertex -47.0845602 50.2491114 0.041
      vertex -46.8675936 50.5910155 0.041
    endloop
  endfacet
  facet normal 0 0 1
    outer loop
      vertex -46.8675936 50.5910155 0.041
      vertex -47.0845602 50.2491114 0.041
      vertex -46.7812158 50.4683685 0.041
    endloop
  endfacet
  facet normal -0 0 1
    outer loop
      vertex -46.8675936 50.5910155 0.041
      vertex -46.7812158 50.4683685 0.041
      vertex -46.5559238 50.8048449 0.041
    endloop
  endfacet
  facet normal 0 0 1
    outer loop
      vertex -46.5559238 50.8048449 0.041
      vertex -46.7812158 50.4683685 0.041
      vertex -46.472582 50.6801151 0.041
    endloop
  endfacet
  facet normal -0 0 1
    outer loop
      vertex -46.5559238 50.8048449 0.041
      vertex -46.472582 50.6801151 0.041
      vertex -46.1588446 50.8842236 0.041
    endloop
  endfacet
  facet normal 0 0 1
    outer loop
      vertex -46.5559238 50.8048449 0.041
      vertex -46.1588446 50.8842236 0.041
      vertex -46.2391003 51.0109612 0.041
    endloop
  endfacet
  facet normal -0 0 1
    outer loop
      vertex -46.2391003 51.0109612 0.041
      vertex -46.1588446 50.8842236 0.041
      vertex -45.8401927 51.0805712 0.041
    endloop
  endfacet
  facet normal 0 0 1
    outer loop
      vertex -46.2391003 51.0109612 0.041
      vertex -45.8401927 51.0805712 0.041
      vertex -45.9173139 51.2092402 0.041
    endloop
  endfacet
  facet normal -0 0 1
    outer loop
      vertex -45.9173139 51.2092402 0.041
      vertex -45.8401927 51.0805712 0.041
      vertex -45.5907584 51.3995624 0.041
    endloop
  endfacet
  facet normal 0 0 1
    outer loop
      vertex -45.5907584 51.3995624 0.041
      vertex -45.8401927 51.0805712 0.041
      vertex -45.5168181 51.2690396 0.041
    endloop
  endfacet
  facet normal -0 0 1
    outer loop
      vertex -45.5907584 51.3995624 0.041
      vertex -45.5168181 51.2690396 0.041
      vertex -45.2596304 51.5818133 0.041
    endloop
  endfacet
  facet normal 0 0 1
    outer loop
      vertex -45.2596304 51.5818133 0.041
      vertex -45.5168181 51.2690396 0.041
      vertex -45.1889156 51.4495151 0.041
    endloop
  endfacet
  facet normal -0 0 1
    outer loop
      vertex -45.2596304 51.5818133 0.041
      vertex -45.1889156 51.4495151 0.041
      vertex -44.9241296 51.7558829 0.041
    endloop
  endfacet
  facet normal 0 0 1
    outer loop
      vertex -44.9241296 51.7558829 0.041
      vertex -45.1889156 51.4495151 0.041
      vertex -44.8566828 51.6218892 0.041
    endloop
  endfacet
  facet normal -0 0 1
    outer loop
      vertex -44.9241296 51.7558829 0.041
      vertex -44.8566828 51.6218892 0.041
      vertex -44.5203198 51.786058 0.041
    endloop
  endfacet
  facet normal 0 0 1
    outer loop
      vertex -44.9241296 51.7558829 0.041
      vertex -44.5203198 51.786058 0.041
      vertex -44.5844579 51.9216666 0.041
    endloop
  endfacet
  facet normal -0 0 1
    outer loop
      vertex -44.5844579 51.9216666 0.041
      vertex -44.5203198 51.786058 0.041
      vertex -44.1800292 51.9419225 0.041
    endloop
  endfacet
  facet normal 0 0 1
    outer loop
      vertex -44.5844579 51.9216666 0.041
      vertex -44.1800292 51.9419225 0.041
      vertex -44.24082 52.0790643 0.041
    endloop
  endfacet
  facet normal -0 0 1
    outer loop
      vertex -44.24082 52.0790643 0.041
      vertex -44.1800292 51.9419225 0.041
      vertex -43.8934228 52.2279813 0.041
    endloop
  endfacet
  facet normal 0 0 1
    outer loop
      vertex -43.8934228 52.2279813 0.041
      vertex -44.1800292 51.9419225 0.041
      vertex -43.836016 52.089389 0.041
    endloop
  endfacet
  facet normal -0 0 1
    outer loop
      vertex -43.8934228 52.2279813 0.041
      vertex -43.836016 52.089389 0.041
      vertex -43.5424757 52.368328 0.041
    endloop
  endfacet
  facet normal 0 0 1
    outer loop
      vertex -43.5424757 52.368328 0.041
      vertex -43.836016 52.089389 0.041
      vertex -43.4884874 52.2283685 0.041
    endloop
  endfacet
  facet normal -0 0 1
    outer loop
      vertex -43.5424757 52.368328 0.041
      vertex -43.4884874 52.2283685 0.041
      vertex -43.18819 52.5000197 0.041
    endloop
  endfacet
  facet normal 0 0 1
    outer loop
      vertex -43.18819 52.5000197 0.041
      vertex -43.4884874 52.2283685 0.041
      vertex -43.1376527 52.3587774 0.041
    endloop
  endfacet
  facet normal 0 0 1
    outer loop
      vertex -43.18819 52.5000197 0.041
      vertex -43.1376527 52.3587774 0.041
      vertex -42.7837233 52.4805371 0.041
    endloop
  endfacet
  facet normal -0 0 1
    outer loop
      vertex -43.18819 52.5000197 0.041
      vertex -42.7837233 52.4805371 0.041
      vertex -42.8307791 52.6229771 0.041
    endloop
  endfacet
  facet normal 0 0 1
    outer loop
      vertex -42.8307791 52.6229771 0.041
      vertex -42.7837233 52.4805371 0.041
      vertex -42.4269124 52.5935743 0.041
    endloop
  endfacet
  facet normal -0 0 1
    outer loop
      vertex -42.8307791 52.6229771 0.041
      vertex -42.4269124 52.5935743 0.041
      vertex -42.4704584 52.7371262 0.041
    endloop
  endfacet
  facet normal 0 0 1
    outer loop
      vertex -42.4704584 52.7371262 0.041
      vertex -42.4269124 52.5935743 0.041
      vertex -42.0674348 52.6978209 0.041
    endloop
  endfacet
  facet normal -0 0 1
    outer loop
      vertex -42.4704584 52.7371262 0.041
      vertex -42.0674348 52.6978209 0.041
      vertex -42.1074448 52.8423982 0.041
    endloop
  endfacet
  facet normal 0 0 1
    outer loop
      vertex -42.1074448 52.8423982 0.041
      vertex -42.0674348 52.6978209 0.041
      vertex -41.7055072 52.793214 0.041
    endloop
  endfacet
  facet normal -0 0 1
    outer loop
      vertex -42.1074448 52.8423982 0.041
      vertex -41.7055072 52.793214 0.041
      vertex -41.741957 52.9387297 0.041
    endloop
  endfacet
  facet normal -0 0 1
    outer loop
      vertex -41.741957 52.9387297 0.041
      vertex -41.7055072 52.793214 0.041
      vertex -41.3742152 53.0260626 0.041
    endloop
  endfacet
  facet normal 0 0 1
    outer loop
      vertex -41.3742152 53.0260626 0.041
      vertex -41.7055072 52.793214 0.041
      vertex -41.3413475 52.8796963 0.041
    endloop
  endfacet
  facet normal -0 0 1
    outer loop
      vertex -41.3742152 53.0260626 0.041
      vertex -41.3413475 52.8796963 0.041
      vertex -41.0044409 53.1043444 0.041
    endloop
  endfacet
  facet normal 0 0 1
    outer loop
      vertex -41.0044409 53.1043444 0.041
      vertex -41.3413475 52.8796963 0.041
      vertex -40.9751752 52.9572156 0.041
    endloop
  endfacet
  facet normal 0 0 1
    outer loop
      vertex -41.0044409 53.1043444 0.041
      vertex -40.9751752 52.9572156 0.041
      vertex -40.6072106 53.0257252 0.041
    endloop
  endfacet
  facet normal -0 0 1
    outer loop
      vertex -41.0044409 53.1043444 0.041
      vertex -40.6072106 53.0257252 0.041
      vertex -40.6328569 53.173528 0.041
    endloop
  endfacet
  facet normal 0 0 1
    outer loop
      vertex -40.6328569 53.173528 0.041
      vertex -40.6072106 53.0257252 0.041
      vertex -40.2376756 53.0851839 0.041
    endloop
  endfacet
  facet normal -0 0 1
    outer loop
      vertex -40.6328569 53.173528 0.041
      vertex -40.2376756 53.0851839 0.041
      vertex -40.2596869 53.2335715 0.041
    endloop
  endfacet
  facet normal -0 0 1
    outer loop
      vertex -40.2596869 53.2335715 0.041
      vertex -40.2376756 53.0851839 0.041
      vertex -39.8851557 53.2844389 0.041
    endloop
  endfacet
  facet normal 0 0 1
    outer loop
      vertex -39.8851557 53.2844389 0.041
      vertex -40.2376756 53.0851839 0.041
      vertex -39.8667928 53.1355558 0.041
    endloop
  endfacet
  facet normal 0 0 1
    outer loop
      vertex -39.8851557 53.2844389 0.041
      vertex -39.8667928 53.1355558 0.041
      vertex -39.4947854 53.1768106 0.041
    endloop
  endfacet
  facet normal -0 0 1
    outer loop
      vertex -39.8851557 53.2844389 0.041
      vertex -39.4947854 53.1768106 0.041
      vertex -39.5094891 53.3260996 0.041
    endloop
  endfacet
  facet normal -0 0 1
    outer loop
      vertex -39.5094891 53.3260996 0.041
      vertex -39.4947854 53.1768106 0.041
      vertex -39.1329131 53.3585284 0.041
    endloop
  endfacet
  facet normal 0 0 1
    outer loop
      vertex -39.1329131 53.3585284 0.041
      vertex -39.4947854 53.1768106 0.041
      vertex -39.1218776 53.2089235 0.041
    endloop
  endfacet
  facet normal -0 0 1
    outer loop
      vertex -39.1329131 53.3585284 0.041
      vertex -39.1218776 53.2089235 0.041
      vertex -38.7556547 53.3817058 0.041
    endloop
  endfacet
  facet normal 0 0 1
    outer loop
      vertex -38.7556547 53.3817058 0.041
      vertex -39.1218776 53.2089235 0.041
      vertex -38.748294 53.2318751 0.041
    endloop
  endfacet
  facet normal 0 0 1
    outer loop
      vertex -38.7556547 53.3817058 0.041
      vertex -38.748294 53.2318751 0.041
      vertex -38.3742597 53.2456516 0.041
    endloop
  endfacet
  facet normal -0 0 1
    outer loop
      vertex -38.7556547 53.3817058 0.041
      vertex -38.3742597 53.2456516 0.041
      vertex -38.3779412 53.3956178 0.041
    endloop
  endfacet
  facet normal -0 0 1
    outer loop
      vertex -38.3779412 53.3956178 0.041
      vertex -38.3742597 53.2456516 0.041
      vertex -38.0208624 53.4 0.041
    endloop
  endfacet
  facet normal 0 0 1
    outer loop
      vertex -38.0208624 53.4 0.041
      vertex -38.3742597 53.2456516 0.041
      vertex -38.019942 53.25 0.041
    endloop
  endfacet
  facet normal -0 0 1
    outer loop
      vertex -38.0208624 53.4 0.041
      vertex -38.019942 53.25 0.041
      vertex -3.4 53.4 0.041
    endloop
  endfacet
  facet normal 0 0 1
    outer loop
      vertex -3.4 53.5 0.041
      vertex -3.4 53.4 0.041
      vertex -3.25 53.4 0.041
    endloop
  endfacet
  facet normal -0 0 1
    outer loop
      vertex -3.4 53.5 0.041
      vertex -3.25 53.4 0.041
      vertex -3.25 53.5 0.041
    endloop
  endfacet
  facet normal 0 0 1
    outer loop
      vertex 3.25 53.5 0.041
      vertex 3.25 53.4 0.041
      vertex 3.4 53.4 0.041
    endloop
  endfacet
  facet normal -0 0 1
    outer loop
      vertex 3.25 53.5 0.041
      vertex 3.4 53.4 0.041
      vertex 3.4 53.5 0.041
    endloop
  endfacet
  facet normal 0 0 1
    outer loop
      vertex 38.0208624 53.4 0.041
      vertex 3.4 53.4 0.041
      vertex 38.019942 53.25 0.041
    endloop
  endfacet
  facet normal 0 0 1
    outer loop
      vertex 38.0208624 53.4 0.041
      vertex 38.019942 53.25 0.041
      vertex 38.3742597 53.2456516 0.041
    endloop
  endfacet
  facet normal 0 0 1
    outer loop
      vertex 38.0208624 53.4 0.041
      vertex 38.3742597 53.2456516 0.041
      vertex 38.3779412 53.3956178 0.041
    endloop
  endfacet
  facet normal 0 0 1
    outer loop
      vertex 38.3779412 53.3956178 0.041
      vertex 38.3742597 53.2456516 0.041
      vertex 38.7556547 53.3817058 0.041
    endloop
  endfacet
  facet normal 0 0 1
    outer loop
      vertex 38.7556547 53.3817058 0.041
      vertex 38.3742597 53.2456516 0.041
      vertex 38.748294 53.2318751 0.041
    endloop
  endfacet
  facet normal 0 0 1
    outer loop
      vertex 38.7556547 53.3817058 0.041
      vertex 38.748294 53.2318751 0.041
      vertex 39.1218776 53.2089235 0.041
    endloop
  endfacet
  facet normal 0 0 1
    outer loop
      vertex 38.7556547 53.3817058 0.041
      vertex 39.1218776 53.2089235 0.041
      vertex 39.1329131 53.3585284 0.041
    endloop
  endfacet
  facet normal 0 0 1
    outer loop
      vertex 39.1329131 53.3585284 0.041
      vertex 39.1218776 53.2089235 0.041
      vertex 39.4947854 53.1768106 0.041
    endloop
  endfacet
  facet normal 0 0 1
    outer loop
      vertex 39.1329131 53.3585284 0.041
      vertex 39.4947854 53.1768106 0.041
      vertex 39.5094891 53.3260996 0.041
    endloop
  endfacet
  facet normal 0 0 1
    outer loop
      vertex 39.5094891 53.3260996 0.041
      vertex 39.4947854 53.1768106 0.041
      vertex 39.8851557 53.2844389 0.041
    endloop
  endfacet
  facet normal 0 0 1
    outer loop
      vertex 39.8851557 53.2844389 0.041
      vertex 39.4947854 53.1768106 0.041
      vertex 39.8667928 53.1355558 0.041
    endloop
  endfacet
  facet normal 0 0 1
    outer loop
      vertex 39.8851557 53.2844389 0.041
      vertex 39.8667928 53.1355558 0.041
      vertex 40.2376756 53.0851839 0.041
    endloop
  endfacet
  facet normal 0 0 1
    outer loop
      vertex 39.8851557 53.2844389 0.041
      vertex 40.2376756 53.0851839 0.041
      vertex 40.2596869 53.2335715 0.041
    endloop
  endfacet
  facet normal 0 0 1
    outer loop
      vertex 40.2596869 53.2335715 0.041
      vertex 40.2376756 53.0851839 0.041
      vertex 40.6328569 53.173528 0.041
    endloop
  endfacet
  facet normal 0 0 1
    outer loop
      vertex 40.6328569 53.173528 0.041
      vertex 40.2376756 53.0851839 0.041
      vertex 40.6072106 53.0257252 0.041
    endloop
  endfacet
  facet normal 0 0 1
    outer loop
      vertex 40.6328569 53.173528 0.041
      vertex 40.6072106 53.0257252 0.041
      vertex 41.0044409 53.1043444 0.041
    endloop
  endfacet
  facet normal 0 0 1
    outer loop
      vertex 41.0044409 53.1043444 0.041
      vertex 40.6072106 53.0257252 0.041
      vertex 40.9751752 52.9572156 0.041
    endloop
  endfacet
  facet normal 0 0 1
    outer loop
      vertex 41.0044409 53.1043444 0.041
      vertex 40.9751752 52.9572156 0.041
      vertex 41.3413475 52.8796963 0.041
    endloop
  endfacet
  facet normal 0 0 1
    outer loop
      vertex 41.0044409 53.1043444 0.041
      vertex 41.3413475 52.8796963 0.041
      vertex 41.3742152 53.0260626 0.041
    endloop
  endfacet
  facet normal 0 0 1
    outer loop
      vertex 41.3742152 53.0260626 0.041
      vertex 41.3413475 52.8796963 0.041
      vertex 41.7055072 52.793214 0.041
    endloop
  endfacet
  facet normal 0 0 1
    outer loop
      vertex 41.3742152 53.0260626 0.041
      vertex 41.7055072 52.793214 0.041
      vertex 41.741957 52.9387297 0.041
    endloop
  endfacet
  facet normal 0 0 1
    outer loop
      vertex 41.741957 52.9387297 0.041
      vertex 41.7055072 52.793214 0.041
      vertex 42.1074448 52.8423982 0.041
    endloop
  endfacet
  facet normal 0 0 1
    outer loop
      vertex 42.1074448 52.8423982 0.041
      vertex 41.7055072 52.793214 0.041
      vertex 42.0674348 52.6978209 0.041
    endloop
  endfacet
  facet normal 0 0 1
    outer loop
      vertex 42.1074448 52.8423982 0.041
      vertex 42.0674348 52.6978209 0.041
      vertex 42.4704584 52.7371262 0.041
    endloop
  endfacet
  facet normal 0 0 1
    outer loop
      vertex 42.4704584 52.7371262 0.041
      vertex 42.0674348 52.6978209 0.041
      vertex 42.4269124 52.5935743 0.041
    endloop
  endfacet
  facet normal 0 0 1
    outer loop
      vertex 42.4704584 52.7371262 0.041
      vertex 42.4269124 52.5935743 0.041
      vertex 42.8307791 52.6229771 0.041
    endloop
  endfacet
  facet normal 0 0 1
    outer loop
      vertex 42.8307791 52.6229771 0.041
      vertex 42.4269124 52.5935743 0.041
      vertex 42.7837233 52.4805371 0.041
    endloop
  endfacet
  facet normal 0 0 1
    outer loop
      vertex 42.8307791 52.6229771 0.041
      vertex 42.7837233 52.4805371 0.041
      vertex 43.18819 52.5000197 0.041
    endloop
  endfacet
  facet normal 0 0 1
    outer loop
      vertex 43.18819 52.5000197 0.041
      vertex 42.7837233 52.4805371 0.041
      vertex 43.1376527 52.3587774 0.041
    endloop
  endfacet
  facet normal 0 0 1
    outer loop
      vertex 43.18819 52.5000197 0.041
      vertex 43.1376527 52.3587774 0.041
      vertex 43.5424757 52.368328 0.041
    endloop
  endfacet
  facet normal 0 0 1
    outer loop
      vertex 43.5424757 52.368328 0.041
      vertex 43.1376527 52.3587774 0.041
      vertex 43.4884874 52.2283685 0.041
    endloop
  endfacet
  facet normal 0 0 1
    outer loop
      vertex 43.5424757 52.368328 0.041
      vertex 43.4884874 52.2283685 0.041
      vertex 43.836016 52.089389 0.041
    endloop
  endfacet
  facet normal 0 0 1
    outer loop
      vertex 43.5424757 52.368328 0.041
      vertex 43.836016 52.089389 0.041
      vertex 43.8934228 52.2279813 0.041
    endloop
  endfacet
  facet normal 0 0 1
    outer loop
      vertex 43.8934228 52.2279813 0.041
      vertex 43.836016 52.089389 0.041
      vertex 44.1800292 51.9419225 0.041
    endloop
  endfacet
  facet normal 0 0 1
    outer loop
      vertex 43.8934228 52.2279813 0.041
      vertex 44.1800292 51.9419225 0.041
      vertex 44.24082 52.0790643 0.041
    endloop
  endfacet
  facet normal 0 0 1
    outer loop
      vertex 44.24082 52.0790643 0.041
      vertex 44.1800292 51.9419225 0.041
      vertex 44.5844579 51.9216666 0.041
    endloop
  endfacet
  facet normal 0 0 1
    outer loop
      vertex 44.5844579 51.9216666 0.041
      vertex 44.1800292 51.9419225 0.041
      vertex 44.5203198 51.786058 0.041
    endloop
  endfacet
  facet normal 0 0 1
    outer loop
      vertex 44.5844579 51.9216666 0.041
      vertex 44.5203198 51.786058 0.041
      vertex 44.8566828 51.6218892 0.041
    endloop
  endfacet
  facet normal 0 0 1
    outer loop
      vertex 44.5844579 51.9216666 0.041
      vertex 44.8566828 51.6218892 0.041
      vertex 44.9241296 51.7558829 0.041
    endloop
  endfacet
  facet normal 0 0 1
    outer loop
      vertex 44.9241296 51.7558829 0.041
      vertex 44.8566828 51.6218892 0.041
      vertex 45.2596304 51.5818133 0.041
    endloop
  endfacet
  facet normal 0 0 1
    outer loop
      vertex 45.2596304 51.5818133 0.041
      vertex 44.8566828 51.6218892 0.041
      vertex 45.1889156 51.4495151 0.041
    endloop
  endfacet
  facet normal 0 0 1
    outer loop
      vertex 45.2596304 51.5818133 0.041
      vertex 45.1889156 51.4495151 0.041
      vertex 45.5907584 51.3995624 0.041
    endloop
  endfacet
  facet normal 0 0 1
    outer loop
      vertex 45.5907584 51.3995624 0.041
      vertex 45.1889156 51.4495151 0.041
      vertex 45.5168181 51.2690396 0.041
    endloop
  endfacet
  facet normal 0 0 1
    outer loop
      vertex 45.5907584 51.3995624 0.041
      vertex 45.5168181 51.2690396 0.041
      vertex 45.8401927 51.0805712 0.041
    endloop
  endfacet
  facet normal 0 0 1
    outer loop
      vertex 45.5907584 51.3995624 0.041
      vertex 45.8401927 51.0805712 0.041
      vertex 45.9173139 51.2092402 0.041
    endloop
  endfacet
  facet normal 0 0 1
    outer loop
      vertex 45.9173139 51.2092402 0.041
      vertex 45.8401927 51.0805712 0.041
      vertex 46.2391003 51.0109612 0.041
    endloop
  endfacet
  facet normal 0 0 1
    outer loop
      vertex 46.2391003 51.0109612 0.041
      vertex 45.8401927 51.0805712 0.041
      vertex 46.1588446 50.8842236 0.041
    endloop
  endfacet
  facet normal 0 0 1
    outer loop
      vertex 46.2391003 51.0109612 0.041
      vertex 46.1588446 50.8842236 0.041
      vertex 46.5559238 50.8048449 0.041
    endloop
  endfacet
  facet normal 0 0 1
    outer loop
      vertex 46.5559238 50.8048449 0.041
      vertex 46.1588446 50.8842236 0.041
      vertex 46.472582 50.6801151 0.041
    endloop
  endfacet
  facet normal 0 0 1
    outer loop
      vertex 46.5559238 50.8048449 0.041
      vertex 46.472582 50.6801151 0.041
      vertex 46.7812158 50.4683685 0.041
    endloop
  endfacet
  facet normal 0 0 1
    outer loop
      vertex 46.5559238 50.8048449 0.041
      vertex 46.7812158 50.4683685 0.041
      vertex 46.8675936 50.5910155 0.041
    endloop
  endfacet
  facet normal 0 0 1
    outer loop
      vertex 46.8675936 50.5910155 0.041
      vertex 46.7812158 50.4683685 0.041
      vertex 47.0845602 50.2491114 0.041
    endloop
  endfacet
  facet normal 0 0 1
    outer loop
      vertex 46.8675936 50.5910155 0.041
      vertex 47.0845602 50.2491114 0.041
      vertex 47.1739218 50.3696016 0.041
    endloop
  endfacet
  facet normal 0 0 1
    outer loop
      vertex 47.1739218 50.3696016 0.041
      vertex 47.0845602 50.2491114 0.041
      vertex 47.474724 50.1407368 0.041
    endloop
  endfacet
  facet normal 0 0 1
    outer loop
      vertex 47.474724 50.1407368 0.041
      vertex 47.0845602 50.2491114 0.041
      vertex 47.3824323 50.022476 0.041
    endloop
  endfacet
  facet normal 0 0 1
    outer loop
      vertex 47.474724 50.1407368 0.041
      vertex 47.3824323 50.022476 0.041
      vertex 47.769819 49.9045589 0.041
    endloop
  endfacet
  facet normal 0 0 1
    outer loop
      vertex 47.769819 49.9045589 0.041
      vertex 47.3824323 50.022476 0.041
      vertex 47.6746528 49.7885986 0.041
    endloop
  endfacet
  facet normal 0 0 1
    outer loop
      vertex 47.769819 49.9045589 0.041
      vertex 47.6746528 49.7885986 0.041
      vertex 47.9610457 49.5476202 0.041
    endloop
  endfacet
  facet normal 0 0 1
    outer loop
      vertex 47.769819 49.9045589 0.041
      vertex 47.9610457 49.5476202 0.041
      vertex 48.059029 49.6612101 0.041
    endloop
  endfacet
  facet normal 0 0 1
    outer loop
      vertex 48.059029 49.6612101 0.041
      vertex 47.9610457 49.5476202 0.041
      vertex 48.2414384 49.299686 0.041
    endloop
  endfacet
  facet normal 0 0 1
    outer loop
      vertex 48.059029 49.6612101 0.041
      vertex 48.2414384 49.299686 0.041
      vertex 48.3421798 49.410837 0.041
    endloop
  endfacet
  facet normal 0 0 1
    outer loop
      vertex 48.3421798 49.410837 0.041
      vertex 48.2414384 49.299686 0.041
      vertex 48.5156621 49.0449453 0.041
    endloop
  endfacet
  facet normal 0 0 1
    outer loop
      vertex 48.3421798 49.410837 0.041
      vertex 48.5156621 49.0449453 0.041
      vertex 48.6191009 49.1535905 0.041
    endloop
  endfacet
  facet normal 0 0 1
    outer loop
      vertex 48.6191009 49.1535905 0.041
      vertex 48.5156621 49.0449453 0.041
      vertex 48.7835515 48.7835515 0.041
    endloop
  endfacet
  facet normal 0 0 1
    outer loop
      vertex 48.6191009 49.1535905 0.041
      vertex 48.7835515 48.7835515 0.041
      vertex 48.8896255 48.8896255 0.041
    endloop
  endfacet
  facet normal 0 0 1
    outer loop
      vertex 48.8896255 48.8896255 0.041
      vertex 48.7835515 48.7835515 0.041
      vertex 49.1535905 48.6191009 0.041
    endloop
  endfacet
  facet normal 0 0 1
    outer loop
      vertex 49.1535905 48.6191009 0.041
      vertex 48.7835515 48.7835515 0.041
      vertex 49.0449453 48.5156621 0.041
    endloop
  endfacet
  facet normal 0 0 1
    outer loop
      vertex 49.1535905 48.6191009 0.041
      vertex 49.0449453 48.5156621 0.041
      vertex 49.410837 48.3421798 0.041
    endloop
  endfacet
  facet normal 0 0 1
    outer loop
      vertex 49.410837 48.3421798 0.041
      vertex 49.0449453 48.5156621 0.041
      vertex 49.299686 48.2414384 0.041
    endloop
  endfacet
  facet normal 0 0 1
    outer loop
      vertex 49.410837 48.3421798 0.041
      vertex 49.299686 48.2414384 0.041
      vertex 49.6612101 48.059029 0.041
    endloop
  endfacet
  facet normal 0 0 1
    outer loop
      vertex 49.6612101 48.059029 0.041
      vertex 49.299686 48.2414384 0.041
      vertex 49.5476202 47.9610457 0.041
    endloop
  endfacet
  facet normal 0 0 1
    outer loop
      vertex 49.6612101 48.059029 0.041
      vertex 49.5476202 47.9610457 0.041
      vertex 49.9045589 47.769819 0.041
    endloop
  endfacet
  facet normal 0 0 1
    outer loop
      vertex 49.9045589 47.769819 0.041
      vertex 49.5476202 47.9610457 0.041
      vertex 49.7885986 47.6746528 0.041
    endloop
  endfacet
  facet normal 0 0 1
    outer loop
      vertex 49.9045589 47.769819 0.041
      vertex 49.7885986 47.6746528 0.041
      vertex 50.022476 47.3824323 0.041
    endloop
  endfacet
  facet normal 0 0 1
    outer loop
      vertex 49.9045589 47.769819 0.041
      vertex 50.022476 47.3824323 0.041
      vertex 50.1407368 47.474724 0.041
    endloop
  endfacet
  facet normal 0 0 1
    outer loop
      vertex 50.1407368 47.474724 0.041
      vertex 50.022476 47.3824323 0.041
      vertex 50.2491114 47.0845602 0.041
    endloop
  endfacet
  facet normal 0 0 1
    outer loop
      vertex 50.1407368 47.474724 0.041
      vertex 50.2491114 47.0845602 0.041
      vertex 50.3696016 47.1739218 0.041
    endloop
  endfacet
  facet normal 0 0 1
    outer loop
      vertex 50.3696016 47.1739218 0.041
      vertex 50.2491114 47.0845602 0.041
      vertex 50.5910155 46.8675936 0.041
    endloop
  endfacet
  facet normal 0 0 1
    outer loop
      vertex 50.5910155 46.8675936 0.041
      vertex 50.2491114 47.0845602 0.041
      vertex 50.4683685 46.7812158 0.041
    endloop
  endfacet
  facet normal 0 0 1
    outer loop
      vertex 50.5910155 46.8675936 0.041
      vertex 50.4683685 46.7812158 0.041
      vertex 50.8048449 46.5559238 0.041
    endloop
  endfacet
  facet normal 0 0 1
    outer loop
      vertex 50.8048449 46.5559238 0.041
      vertex 50.4683685 46.7812158 0.041
      vertex 50.6801151 46.472582 0.041
    endloop
  endfacet
  facet normal 0 0 1
    outer loop
      vertex 50.8048449 46.5559238 0.041
      vertex 50.6801151 46.472582 0.041
      vertex 50.8842236 46.1588446 0.041
    endloop
  endfacet
  facet normal 0 0 1
    outer loop
      vertex 50.8048449 46.5559238 0.041
      vertex 50.8842236 46.1588446 0.041
      vertex 51.0109612 46.2391003 0.041
    endloop
  endfacet
  facet normal 0 0 1
    outer loop
      vertex 51.0109612 46.2391003 0.041
      vertex 50.8842236 46.1588446 0.041
      vertex 51.0805712 45.8401927 0.041
    endloop
  endfacet
  facet normal 0 0 1
    outer loop
      vertex 51.0109612 46.2391003 0.041
      vertex 51.0805712 45.8401927 0.041
      vertex 51.2092402 45.9173139 0.041
    endloop
  endfacet
  facet normal 0 0 1
    outer loop
      vertex 51.2092402 45.9173139 0.041
      vertex 51.0805712 45.8401927 0.041
      vertex 51.3995624 45.5907584 0.041
    endloop
  endfacet
  facet normal 0 0 1
    outer loop
      vertex 51.3995624 45.5907584 0.041
      vertex 51.0805712 45.8401927 0.041
      vertex 51.2690396 45.5168181 0.041
    endloop
  endfacet
  facet normal 0 0 1
    outer loop
      vertex 51.3995624 45.5907584 0.041
      vertex 51.2690396 45.5168181 0.041
      vertex 51.4495151 45.1889156 0.041
    endloop
  endfacet
  facet normal 0 0 1
    outer loop
      vertex 51.3995624 45.5907584 0.041
      vertex 51.4495151 45.1889156 0.041
      vertex 51.5818133 45.2596304 0.041
    endloop
  endfacet
  facet normal 0 0 1
    outer loop
      vertex 51.5818133 45.2596304 0.041
      vertex 51.4495151 45.1889156 0.041
      vertex 51.6218892 44.8566828 0.041
    endloop
  endfacet
  facet normal 0 0 1
    outer loop
      vertex 51.5818133 45.2596304 0.041
      vertex 51.6218892 44.8566828 0.041
      vertex 51.7558829 44.9241296 0.041
    endloop
  endfacet
  facet normal 0 0 1
    outer loop
      vertex 51.7558829 44.9241296 0.041
      vertex 51.6218892 44.8566828 0.041
      vertex 51.9216666 44.5844579 0.041
    endloop
  endfacet
  facet normal 0 0 1
    outer loop
      vertex 51.9216666 44.5844579 0.041
      vertex 51.6218892 44.8566828 0.041
      vertex 51.786058 44.5203198 0.041
    endloop
  endfacet
  facet normal 0 0 1
    outer loop
      vertex 51.9216666 44.5844579 0.041
      vertex 51.786058 44.5203198 0.041
      vertex 51.9419225 44.1800292 0.041
    endloop
  endfacet
  facet normal 0 0 1
    outer loop
      vertex 51.9216666 44.5844579 0.041
      vertex 51.9419225 44.1800292 0.041
      vertex 52.0790643 44.24082 0.041
    endloop
  endfacet
  facet normal 0 0 1
    outer loop
      vertex 52.0790643 44.24082 0.041
      vertex 51.9419225 44.1800292 0.041
      vertex 52.2279813 43.8934228 0.041
    endloop
  endfacet
  facet normal 0 0 1
    outer loop
      vertex 52.2279813 43.8934228 0.041
      vertex 51.9419225 44.1800292 0.041
      vertex 52.089389 43.836016 0.041
    endloop
  endfacet
  facet normal 0 0 1
    outer loop
      vertex 52.2279813 43.8934228 0.041
      vertex 52.089389 43.836016 0.041
      vertex 52.368328 43.5424757 0.041
    endloop
  endfacet
  facet normal 0 0 1
    outer loop
      vertex 52.368328 43.5424757 0.041
      vertex 52.089389 43.836016 0.041
      vertex 52.2283685 43.4884874 0.041
    endloop
  endfacet
  facet normal 0 0 1
    outer loop
      vertex 52.368328 43.5424757 0.041
      vertex 52.2283685 43.4884874 0.041
      vertex 52.3587774 43.1376527 0.041
    endloop
  endfacet
  facet normal 0 0 1
    outer loop
      vertex 52.368328 43.5424757 0.041
      vertex 52.3587774 43.1376527 0.041
      vertex 52.5000197 43.18819 0.041
    endloop
  endfacet
  facet normal 0 0 1
    outer loop
      vertex 52.5000197 43.18819 0.041
      vertex 52.3587774 43.1376527 0.041
      vertex 52.4805371 42.7837233 0.041
    endloop
  endfacet
  facet normal 0 0 1
    outer loop
      vertex 52.5000197 43.18819 0.041
      vertex 52.4805371 42.7837233 0.041
      vertex 52.6229771 42.8307791 0.041
    endloop
  endfacet
  facet normal 0 0 1
    outer loop
      vertex 52.6229771 42.8307791 0.041
      vertex 52.4805371 42.7837233 0.041
      vertex 52.5935743 42.4269124 0.041
    endloop
  endfacet
  facet normal 0 0 1
    outer loop
      vertex 52.6229771 42.8307791 0.041
      vertex 52.5935743 42.4269124 0.041
      vertex 52.7371262 42.4704584 0.041
    endloop
  endfacet
  facet normal 0 0 1
    outer loop
      vertex 52.7371262 42.4704584 0.041
      vertex 52.5935743 42.4269124 0.041
      vertex 52.6978209 42.0674348 0.041
    endloop
  endfacet
  facet normal 0 0 1
    outer loop
      vertex 52.7371262 42.4704584 0.041
      vertex 52.6978209 42.0674348 0.041
      vertex 52.8423982 42.1074448 0.041
    endloop
  endfacet
  facet normal 0 0 1
    outer loop
      vertex 52.8423982 42.1074448 0.041
      vertex 52.6978209 42.0674348 0.041
      vertex 52.793214 41.7055072 0.041
    endloop
  endfacet
  facet normal 0 0 1
    outer loop
      vertex 52.8423982 42.1074448 0.041
      vertex 52.793214 41.7055072 0.041
      vertex 52.9387297 41.741957 0.041
    endloop
  endfacet
  facet normal 0 0 1
    outer loop
      vertex 52.9387297 41.741957 0.041
      vertex 52.793214 41.7055072 0.041
      vertex 53.0260626 41.3742152 0.041
    endloop
  endfacet
  facet normal 0 0 1
    outer loop
      vertex 53.0260626 41.3742152 0.041
      vertex 52.793214 41.7055072 0.041
      vertex 52.8796963 41.3413475 0.041
    endloop
  endfacet
  facet normal 0 0 1
    outer loop
      vertex 53.0260626 41.3742152 0.041
      vertex 52.8796963 41.3413475 0.041
      vertex 53.1043444 41.0044409 0.041
    endloop
  endfacet
  facet normal 0 0 1
    outer loop
      vertex 53.1043444 41.0044409 0.041
      vertex 52.8796963 41.3413475 0.041
      vertex 52.9572156 40.9751752 0.041
    endloop
  endfacet
  facet normal 0 0 1
    outer loop
      vertex 53.1043444 41.0044409 0.041
      vertex 52.9572156 40.9751752 0.041
      vertex 53.0257252 40.6072106 0.041
    endloop
  endfacet
  facet normal 0 0 1
    outer loop
      vertex 53.1043444 41.0044409 0.041
      vertex 53.0257252 40.6072106 0.041
      vertex 53.173528 40.6328569 0.041
    endloop
  endfacet
  facet normal 0 0 1
    outer loop
      vertex 53.173528 40.6328569 0.041
      vertex 53.0257252 40.6072106 0.041
      vertex 53.0851839 40.2376756 0.041
    endloop
  endfacet
  facet normal 0 0 1
    outer loop
      vertex 53.173528 40.6328569 0.041
      vertex 53.0851839 40.2376756 0.041
      vertex 53.2335715 40.2596869 0.041
    endloop
  endfacet
  facet normal 0 0 1
    outer loop
      vertex 53.2335715 40.2596869 0.041
      vertex 53.0851839 40.2376756 0.041
      vertex 53.2844389 39.8851557 0.041
    endloop
  endfacet
  facet normal 0 0 1
    outer loop
      vertex 53.2844389 39.8851557 0.041
      vertex 53.0851839 40.2376756 0.041
      vertex 53.1355558 39.8667928 0.041
    endloop
  endfacet
  facet normal 0 0 1
    outer loop
      vertex 53.2844389 39.8851557 0.041
      vertex 53.1355558 39.8667928 0.041
      vertex 53.1768106 39.4947854 0.041
    endloop
  endfacet
  facet normal 0 0 1
    outer loop
      vertex 53.2844389 39.8851557 0.041
      vertex 53.1768106 39.4947854 0.041
      vertex 53.3260996 39.5094891 0.041
    endloop
  endfacet
  facet normal 0 0 1
    outer loop
      vertex 53.3260996 39.5094891 0.041
      vertex 53.1768106 39.4947854 0.041
      vertex 53.3585284 39.1329131 0.041
    endloop
  endfacet
  facet normal 0 0 1
    outer loop
      vertex 53.3585284 39.1329131 0.041
      vertex 53.1768106 39.4947854 0.041
      vertex 53.2089235 39.1218776 0.041
    endloop
  endfacet
  facet normal 0 0 1
    outer loop
      vertex 53.3585284 39.1329131 0.041
      vertex 53.2089235 39.1218776 0.041
      vertex 53.3817058 38.7556547 0.041
    endloop
  endfacet
  facet normal 0 0 1
    outer loop
      vertex 53.3817058 38.7556547 0.041
      vertex 53.2089235 39.1218776 0.041
      vertex 53.2318751 38.748294 0.041
    endloop
  endfacet
  facet normal 0 0 1
    outer loop
      vertex 53.3817058 38.7556547 0.041
      vertex 53.2318751 38.748294 0.041
      vertex 53.2456516 38.3742597 0.041
    endloop
  endfacet
  facet normal 0 0 1
    outer loop
      vertex 53.3817058 38.7556547 0.041
      vertex 53.2456516 38.3742597 0.041
      vertex 53.3956178 38.3779412 0.041
    endloop
  endfacet
  facet normal 0 0 1
    outer loop
      vertex 48.3421798 -49.410837 0.041
      vertex 48.6191009 -49.1535905 0.041
      vertex 48.5156621 -49.0449453 0.041
    endloop
  endfacet
  facet normal 0 -0 1
    outer loop
      vertex 48.3421798 -49.410837 0.041
      vertex 48.5156621 -49.0449453 0.041
      vertex 48.2414384 -49.299686 0.041
    endloop
  endfacet
  facet normal 0 0 1
    outer loop
      vertex 48.3421798 -49.410837 0.041
      vertex 48.2414384 -49.299686 0.041
      vertex 48.059029 -49.6612101 0.041
    endloop
  endfacet
  facet normal 0 -0 1
    outer loop
      vertex 48.059029 -49.6612101 0.041
      vertex 48.2414384 -49.299686 0.041
      vertex 47.9610457 -49.5476202 0.041
    endloop
  endfacet
  facet normal 0 0 1
    outer loop
      vertex 48.059029 -49.6612101 0.041
      vertex 47.9610457 -49.5476202 0.041
      vertex 47.769819 -49.9045589 0.041
    endloop
  endfacet
  facet normal 0 -0 1
    outer loop
      vertex 47.769819 -49.9045589 0.041
      vertex 47.9610457 -49.5476202 0.041
      vertex 47.6746528 -49.7885986 0.041
    endloop
  endfacet
  facet normal 0 0 1
    outer loop
      vertex 47.769819 -49.9045589 0.041
      vertex 47.6746528 -49.7885986 0.041
      vertex 47.3824323 -50.022476 0.041
    endloop
  endfacet
  facet normal 0 0 1
    outer loop
      vertex 47.769819 -49.9045589 0.041
      vertex 47.3824323 -50.022476 0.041
      vertex 47.474724 -50.1407368 0.041
    endloop
  endfacet
  facet normal 0 0 1
    outer loop
      vertex 47.474724 -50.1407368 0.041
      vertex 47.3824323 -50.022476 0.041
      vertex 47.0845602 -50.2491114 0.041
    endloop
  endfacet
  facet normal 0 0 1
    outer loop
      vertex 47.474724 -50.1407368 0.041
      vertex 47.0845602 -50.2491114 0.041
      vertex 47.1739218 -50.3696016 0.041
    endloop
  endfacet
  facet normal 0 0 1
    outer loop
      vertex 47.1739218 -50.3696016 0.041
      vertex 47.0845602 -50.2491114 0.041
      vertex 46.8675936 -50.5910155 0.041
    endloop
  endfacet
  facet normal 0 -0 1
    outer loop
      vertex 46.8675936 -50.5910155 0.041
      vertex 47.0845602 -50.2491114 0.041
      vertex 46.7812158 -50.4683685 0.041
    endloop
  endfacet
  facet normal 0 0 1
    outer loop
      vertex 46.8675936 -50.5910155 0.041
      vertex 46.7812158 -50.4683685 0.041
      vertex 46.5559238 -50.8048449 0.041
    endloop
  endfacet
  facet normal 0 -0 1
    outer loop
      vertex 46.5559238 -50.8048449 0.041
      vertex 46.7812158 -50.4683685 0.041
      vertex 46.472582 -50.6801151 0.041
    endloop
  endfacet
  facet normal 0 0 1
    outer loop
      vertex 46.5559238 -50.8048449 0.041
      vertex 46.472582 -50.6801151 0.041
      vertex 46.1588446 -50.8842236 0.041
    endloop
  endfacet
  facet normal 0 0 1
    outer loop
      vertex 46.5559238 -50.8048449 0.041
      vertex 46.1588446 -50.8842236 0.041
      vertex 46.2391003 -51.0109612 0.041
    endloop
  endfacet
  facet normal 0 0 1
    outer loop
      vertex 46.2391003 -51.0109612 0.041
      vertex 46.1588446 -50.8842236 0.041
      vertex 45.8401927 -51.0805712 0.041
    endloop
  endfacet
  facet normal 0 0 1
    outer loop
      vertex 46.2391003 -51.0109612 0.041
      vertex 45.8401927 -51.0805712 0.041
      vertex 45.9173139 -51.2092402 0.041
    endloop
  endfacet
  facet normal 0 0 1
    outer loop
      vertex 45.9173139 -51.2092402 0.041
      vertex 45.8401927 -51.0805712 0.041
      vertex 45.5907584 -51.3995624 0.041
    endloop
  endfacet
  facet normal 0 -0 1
    outer loop
      vertex 45.5907584 -51.3995624 0.041
      vertex 45.8401927 -51.0805712 0.041
      vertex 45.5168181 -51.2690396 0.041
    endloop
  endfacet
  facet normal 0 0 1
    outer loop
      vertex 45.5907584 -51.3995624 0.041
      vertex 45.5168181 -51.2690396 0.041
      vertex 45.1889156 -51.4495151 0.041
    endloop
  endfacet
  facet normal 0 0 1
    outer loop
      vertex 45.5907584 -51.3995624 0.041
      vertex 45.1889156 -51.4495151 0.041
      vertex 45.2596304 -51.5818133 0.041
    endloop
  endfacet
  facet normal 0 0 1
    outer loop
      vertex 45.2596304 -51.5818133 0.041
      vertex 45.1889156 -51.4495151 0.041
      vertex 44.8566828 -51.6218892 0.041
    endloop
  endfacet
  facet normal 0 0 1
    outer loop
      vertex 45.2596304 -51.5818133 0.041
      vertex 44.8566828 -51.6218892 0.041
      vertex 44.9241296 -51.7558829 0.041
    endloop
  endfacet
  facet normal 0 0 1
    outer loop
      vertex 44.9241296 -51.7558829 0.041
      vertex 44.8566828 -51.6218892 0.041
      vertex 44.5844579 -51.9216666 0.041
    endloop
  endfacet
  facet normal 0 -0 1
    outer loop
      vertex 44.5844579 -51.9216666 0.041
      vertex 44.8566828 -51.6218892 0.041
      vertex 44.5203198 -51.786058 0.041
    endloop
  endfacet
  facet normal 0 0 1
    outer loop
      vertex 44.5844579 -51.9216666 0.041
      vertex 44.5203198 -51.786058 0.041
      vertex 44.1800292 -51.9419225 0.041
    endloop
  endfacet
  facet normal 0 0 1
    outer loop
      vertex 44.5844579 -51.9216666 0.041
      vertex 44.1800292 -51.9419225 0.041
      vertex 44.24082 -52.0790643 0.041
    endloop
  endfacet
  facet normal 0 0 1
    outer loop
      vertex 44.24082 -52.0790643 0.041
      vertex 44.1800292 -51.9419225 0.041
      vertex 43.8934228 -52.2279813 0.041
    endloop
  endfacet
  facet normal 0 -0 1
    outer loop
      vertex 43.8934228 -52.2279813 0.041
      vertex 44.1800292 -51.9419225 0.041
      vertex 43.836016 -52.089389 0.041
    endloop
  endfacet
  facet normal 0 0 1
    outer loop
      vertex 43.8934228 -52.2279813 0.041
      vertex 43.836016 -52.089389 0.041
      vertex 43.5424757 -52.368328 0.041
    endloop
  endfacet
  facet normal 0 -0 1
    outer loop
      vertex 43.5424757 -52.368328 0.041
      vertex 43.836016 -52.089389 0.041
      vertex 43.4884874 -52.2283685 0.041
    endloop
  endfacet
  facet normal 0 0 1
    outer loop
      vertex 43.5424757 -52.368328 0.041
      vertex 43.4884874 -52.2283685 0.041
      vertex 43.1376527 -52.3587774 0.041
    endloop
  endfacet
  facet normal 0 0 1
    outer loop
      vertex 43.5424757 -52.368328 0.041
      vertex 43.1376527 -52.3587774 0.041
      vertex 43.18819 -52.5000197 0.041
    endloop
  endfacet
  facet normal 0 0 1
    outer loop
      vertex 43.18819 -52.5000197 0.041
      vertex 43.1376527 -52.3587774 0.041
      vertex 42.7837233 -52.4805371 0.041
    endloop
  endfacet
  facet normal 0 0 1
    outer loop
      vertex 43.18819 -52.5000197 0.041
      vertex 42.7837233 -52.4805371 0.041
      vertex 42.8307791 -52.6229771 0.041
    endloop
  endfacet
  facet normal 0 0 1
    outer loop
      vertex 42.8307791 -52.6229771 0.041
      vertex 42.7837233 -52.4805371 0.041
      vertex 42.4269124 -52.5935743 0.041
    endloop
  endfacet
  facet normal 0 0 1
    outer loop
      vertex 42.8307791 -52.6229771 0.041
      vertex 42.4269124 -52.5935743 0.041
      vertex 42.4704584 -52.7371262 0.041
    endloop
  endfacet
  facet normal 0 0 1
    outer loop
      vertex 42.4704584 -52.7371262 0.041
      vertex 42.4269124 -52.5935743 0.041
      vertex 42.0674348 -52.6978209 0.041
    endloop
  endfacet
  facet normal 0 0 1
    outer loop
      vertex 42.4704584 -52.7371262 0.041
      vertex 42.0674348 -52.6978209 0.041
      vertex 42.1074448 -52.8423982 0.041
    endloop
  endfacet
  facet normal 0 0 1
    outer loop
      vertex 42.1074448 -52.8423982 0.041
      vertex 42.0674348 -52.6978209 0.041
      vertex 41.7055072 -52.793214 0.041
    endloop
  endfacet
  facet normal 0 0 1
    outer loop
      vertex 42.1074448 -52.8423982 0.041
      vertex 41.7055072 -52.793214 0.041
      vertex 41.741957 -52.9387297 0.041
    endloop
  endfacet
  facet normal 0 0 1
    outer loop
      vertex 41.741957 -52.9387297 0.041
      vertex 41.7055072 -52.793214 0.041
      vertex 41.3742152 -53.0260626 0.041
    endloop
  endfacet
  facet normal 0 -0 1
    outer loop
      vertex 41.3742152 -53.0260626 0.041
      vertex 41.7055072 -52.793214 0.041
      vertex 41.3413475 -52.8796963 0.041
    endloop
  endfacet
  facet normal 0 0 1
    outer loop
      vertex 41.3742152 -53.0260626 0.041
      vertex 41.3413475 -52.8796963 0.041
      vertex 41.0044409 -53.1043444 0.041
    endloop
  endfacet
  facet normal 0 -0 1
    outer loop
      vertex 41.0044409 -53.1043444 0.041
      vertex 41.3413475 -52.8796963 0.041
      vertex 40.9751752 -52.9572156 0.041
    endloop
  endfacet
  facet normal 0 0 1
    outer loop
      vertex 41.0044409 -53.1043444 0.041
      vertex 40.9751752 -52.9572156 0.041
      vertex 40.6072106 -53.0257252 0.041
    endloop
  endfacet
  facet normal 0 0 1
    outer loop
      vertex 41.0044409 -53.1043444 0.041
      vertex 40.6072106 -53.0257252 0.041
      vertex 40.6328569 -53.173528 0.041
    endloop
  endfacet
  facet normal 0 0 1
    outer loop
      vertex 40.6328569 -53.173528 0.041
      vertex 40.6072106 -53.0257252 0.041
      vertex 40.2376756 -53.0851839 0.041
    endloop
  endfacet
  facet normal 0 0 1
    outer loop
      vertex 40.6328569 -53.173528 0.041
      vertex 40.2376756 -53.0851839 0.041
      vertex 40.2596869 -53.2335715 0.041
    endloop
  endfacet
  facet normal 0 0 1
    outer loop
      vertex 40.2596869 -53.2335715 0.041
      vertex 40.2376756 -53.0851839 0.041
      vertex 39.8851557 -53.2844389 0.041
    endloop
  endfacet
  facet normal 0 -0 1
    outer loop
      vertex 39.8851557 -53.2844389 0.041
      vertex 40.2376756 -53.0851839 0.041
      vertex 39.8667928 -53.1355558 0.041
    endloop
  endfacet
  facet normal 0 0 1
    outer loop
      vertex 39.8851557 -53.2844389 0.041
      vertex 39.8667928 -53.1355558 0.041
      vertex 39.4947854 -53.1768106 0.041
    endloop
  endfacet
  facet normal 0 0 1
    outer loop
      vertex 39.8851557 -53.2844389 0.041
      vertex 39.4947854 -53.1768106 0.041
      vertex 39.5094891 -53.3260996 0.041
    endloop
  endfacet
  facet normal 0 0 1
    outer loop
      vertex 39.5094891 -53.3260996 0.041
      vertex 39.4947854 -53.1768106 0.041
      vertex 39.1329131 -53.3585284 0.041
    endloop
  endfacet
  facet normal 0 -0 1
    outer loop
      vertex 39.1329131 -53.3585284 0.041
      vertex 39.4947854 -53.1768106 0.041
      vertex 39.1218776 -53.2089235 0.041
    endloop
  endfacet
  facet normal 0 0 1
    outer loop
      vertex 39.1329131 -53.3585284 0.041
      vertex 39.1218776 -53.2089235 0.041
      vertex 38.7556547 -53.3817058 0.041
    endloop
  endfacet
  facet normal 0 -0 1
    outer loop
      vertex 38.7556547 -53.3817058 0.041
      vertex 39.1218776 -53.2089235 0.041
      vertex 38.748294 -53.2318751 0.041
    endloop
  endfacet
  facet normal 0 0 1
    outer loop
      vertex 38.7556547 -53.3817058 0.041
      vertex 38.748294 -53.2318751 0.041
      vertex 38.3742597 -53.2456516 0.041
    endloop
  endfacet
  facet normal 0 0 1
    outer loop
      vertex 38.7556547 -53.3817058 0.041
      vertex 38.3742597 -53.2456516 0.041
      vertex 38.3779412 -53.3956178 0.041
    endloop
  endfacet
  facet normal 0 0 1
    outer loop
      vertex 38.3779412 -53.3956178 0.041
      vertex 38.3742597 -53.2456516 0.041
      vertex 38.0208624 -53.4 0.041
    endloop
  endfacet
  facet normal 0 -0 1
    outer loop
      vertex 38.0208624 -53.4 0.041
      vertex 38.3742597 -53.2456516 0.041
      vertex 38.019942 -53.25 0.041
    endloop
  endfacet
  facet normal 0 0 1
    outer loop
      vertex 38.0208624 -53.4 0.041
      vertex 38.019942 -53.25 0.041
      vertex 3.4 -53.4 0.041
    endloop
  endfacet
  facet normal 0 -0 1
    outer loop
      vertex 3.4 -53.5 0.041
      vertex 3.4 -53.4 0.041
      vertex 3.25 -53.4 0.041
    endloop
  endfacet
  facet normal 0 0 1
    outer loop
      vertex 3.4 -53.5 0.041
      vertex 3.25 -53.4 0.041
      vertex 3.25 -53.5 0.041
    endloop
  endfacet
  facet normal 0 -0 1
    outer loop
      vertex -3.25 -53.5 0.041
      vertex -3.25 -53.4 0.041
      vertex -3.4 -53.4 0.041
    endloop
  endfacet
  facet normal 0 0 1
    outer loop
      vertex -3.25 -53.5 0.041
      vertex -3.4 -53.4 0.041
      vertex -3.4 -53.5 0.041
    endloop
  endfacet
  facet normal 0 0 1
    outer loop
      vertex -38.0208624 -53.4 0.041
      vertex -3.4 -53.4 0.041
      vertex -38.019942 -53.25 0.041
    endloop
  endfacet
  facet normal 0 -0 1
    outer loop
      vertex -38.0208624 -53.4 0.041
      vertex -38.019942 -53.25 0.041
      vertex -38.3742597 -53.2456516 0.041
    endloop
  endfacet
  facet normal 0 0 1
    outer loop
      vertex -38.0208624 -53.4 0.041
      vertex -38.3742597 -53.2456516 0.041
      vertex -38.3779412 -53.3956178 0.041
    endloop
  endfacet
  facet normal 0 -0 1
    outer loop
      vertex -38.3779412 -53.3956178 0.041
      vertex -38.3742597 -53.2456516 0.041
      vertex -38.7556547 -53.3817058 0.041
    endloop
  endfacet
  facet normal 0 0 1
    outer loop
      vertex -38.7556547 -53.3817058 0.041
      vertex -38.3742597 -53.2456516 0.041
      vertex -38.748294 -53.2318751 0.041
    endloop
  endfacet
  facet normal 0 -0 1
    outer loop
      vertex -38.7556547 -53.3817058 0.041
      vertex -38.748294 -53.2318751 0.041
      vertex -39.1218776 -53.2089235 0.041
    endloop
  endfacet
  facet normal 0 0 1
    outer loop
      vertex -38.7556547 -53.3817058 0.041
      vertex -39.1218776 -53.2089235 0.041
      vertex -39.1329131 -53.3585284 0.041
    endloop
  endfacet
  facet normal 0 -0 1
    outer loop
      vertex -39.1329131 -53.3585284 0.041
      vertex -39.1218776 -53.2089235 0.041
      vertex -39.4947854 -53.1768106 0.041
    endloop
  endfacet
  facet normal 0 0 1
    outer loop
      vertex -39.1329131 -53.3585284 0.041
      vertex -39.4947854 -53.1768106 0.041
      vertex -39.5094891 -53.3260996 0.041
    endloop
  endfacet
  facet normal 0 -0 1
    outer loop
      vertex -39.5094891 -53.3260996 0.041
      vertex -39.4947854 -53.1768106 0.041
      vertex -39.8851557 -53.2844389 0.041
    endloop
  endfacet
  facet normal 0 0 1
    outer loop
      vertex -39.8851557 -53.2844389 0.041
      vertex -39.4947854 -53.1768106 0.041
      vertex -39.8667928 -53.1355558 0.041
    endloop
  endfacet
  facet normal 0 -0 1
    outer loop
      vertex -39.8851557 -53.2844389 0.041
      vertex -39.8667928 -53.1355558 0.041
      vertex -40.2376756 -53.0851839 0.041
    endloop
  endfacet
  facet normal 0 0 1
    outer loop
      vertex -39.8851557 -53.2844389 0.041
      vertex -40.2376756 -53.0851839 0.041
      vertex -40.2596869 -53.2335715 0.041
    endloop
  endfacet
  facet normal 0 -0 1
    outer loop
      vertex -40.2596869 -53.2335715 0.041
      vertex -40.2376756 -53.0851839 0.041
      vertex -40.6072106 -53.0257252 0.041
    endloop
  endfacet
  facet normal 0 0 1
    outer loop
      vertex -40.2596869 -53.2335715 0.041
      vertex -40.6072106 -53.0257252 0.041
      vertex -40.6328569 -53.173528 0.041
    endloop
  endfacet
  facet normal 0 -0 1
    outer loop
      vertex -40.6328569 -53.173528 0.041
      vertex -40.6072106 -53.0257252 0.041
      vertex -41.0044409 -53.1043444 0.041
    endloop
  endfacet
  facet normal 0 0 1
    outer loop
      vertex -41.0044409 -53.1043444 0.041
      vertex -40.6072106 -53.0257252 0.041
      vertex -40.9751752 -52.9572156 0.041
    endloop
  endfacet
  facet normal 0 -0 1
    outer loop
      vertex -41.0044409 -53.1043444 0.041
      vertex -40.9751752 -52.9572156 0.041
      vertex -41.3413475 -52.8796963 0.041
    endloop
  endfacet
  facet normal 0 0 1
    outer loop
      vertex -41.0044409 -53.1043444 0.041
      vertex -41.3413475 -52.8796963 0.041
      vertex -41.3742152 -53.0260626 0.041
    endloop
  endfacet
  facet normal 0 -0 1
    outer loop
      vertex -41.3742152 -53.0260626 0.041
      vertex -41.3413475 -52.8796963 0.041
      vertex -41.7055072 -52.793214 0.041
    endloop
  endfacet
  facet normal 0 0 1
    outer loop
      vertex -41.3742152 -53.0260626 0.041
      vertex -41.7055072 -52.793214 0.041
      vertex -41.741957 -52.9387297 0.041
    endloop
  endfacet
  facet normal 0 -0 1
    outer loop
      vertex -41.741957 -52.9387297 0.041
      vertex -41.7055072 -52.793214 0.041
      vertex -42.1074448 -52.8423982 0.041
    endloop
  endfacet
  facet normal 0 0 1
    outer loop
      vertex -42.1074448 -52.8423982 0.041
      vertex -41.7055072 -52.793214 0.041
      vertex -42.0674348 -52.6978209 0.041
    endloop
  endfacet
  facet normal 0 -0 1
    outer loop
      vertex -42.1074448 -52.8423982 0.041
      vertex -42.0674348 -52.6978209 0.041
      vertex -42.4704584 -52.7371262 0.041
    endloop
  endfacet
  facet normal 0 0 1
    outer loop
      vertex -42.4704584 -52.7371262 0.041
      vertex -42.0674348 -52.6978209 0.041
      vertex -42.4269124 -52.5935743 0.041
    endloop
  endfacet
  facet normal 0 -0 1
    outer loop
      vertex -42.4704584 -52.7371262 0.041
      vertex -42.4269124 -52.5935743 0.041
      vertex -42.8307791 -52.6229771 0.041
    endloop
  endfacet
  facet normal 0 0 1
    outer loop
      vertex -42.8307791 -52.6229771 0.041
      vertex -42.4269124 -52.5935743 0.041
      vertex -42.7837233 -52.4805371 0.041
    endloop
  endfacet
  facet normal 0 -0 1
    outer loop
      vertex -42.8307791 -52.6229771 0.041
      vertex -42.7837233 -52.4805371 0.041
      vertex -43.18819 -52.5000197 0.041
    endloop
  endfacet
  facet normal 0 0 1
    outer loop
      vertex -43.18819 -52.5000197 0.041
      vertex -42.7837233 -52.4805371 0.041
      vertex -43.1376527 -52.3587774 0.041
    endloop
  endfacet
  facet normal 0 -0 1
    outer loop
      vertex -43.18819 -52.5000197 0.041
      vertex -43.1376527 -52.3587774 0.041
      vertex -43.5424757 -52.368328 0.041
    endloop
  endfacet
  facet normal 0 0 1
    outer loop
      vertex -43.5424757 -52.368328 0.041
      vertex -43.1376527 -52.3587774 0.041
      vertex -43.4884874 -52.2283685 0.041
    endloop
  endfacet
  facet normal 0 -0 1
    outer loop
      vertex -43.5424757 -52.368328 0.041
      vertex -43.4884874 -52.2283685 0.041
      vertex -43.836016 -52.089389 0.041
    endloop
  endfacet
  facet normal 0 0 1
    outer loop
      vertex -43.5424757 -52.368328 0.041
      vertex -43.836016 -52.089389 0.041
      vertex -43.8934228 -52.2279813 0.041
    endloop
  endfacet
  facet normal 0 -0 1
    outer loop
      vertex -43.8934228 -52.2279813 0.041
      vertex -43.836016 -52.089389 0.041
      vertex -44.1800292 -51.9419225 0.041
    endloop
  endfacet
  facet normal 0 0 1
    outer loop
      vertex -43.8934228 -52.2279813 0.041
      vertex -44.1800292 -51.9419225 0.041
      vertex -44.24082 -52.0790643 0.041
    endloop
  endfacet
  facet normal 0 -0 1
    outer loop
      vertex -44.24082 -52.0790643 0.041
      vertex -44.1800292 -51.9419225 0.041
      vertex -44.5844579 -51.9216666 0.041
    endloop
  endfacet
  facet normal -0 0 1
    outer loop
      vertex -44.5844579 -51.9216666 0.041
      vertex -44.1800292 -51.9419225 0.041
      vertex -44.5203198 -51.786058 0.041
    endloop
  endfacet
  facet normal 0 -0 1
    outer loop
      vertex -44.5844579 -51.9216666 0.041
      vertex -44.5203198 -51.786058 0.041
      vertex -44.8566828 -51.6218892 0.041
    endloop
  endfacet
  facet normal 0 0 1
    outer loop
      vertex -44.5844579 -51.9216666 0.041
      vertex -44.8566828 -51.6218892 0.041
      vertex -44.9241296 -51.7558829 0.041
    endloop
  endfacet
  facet normal 0 -0 1
    outer loop
      vertex -44.9241296 -51.7558829 0.041
      vertex -44.8566828 -51.6218892 0.041
      vertex -45.2596304 -51.5818133 0.041
    endloop
  endfacet
  facet normal -0 0 1
    outer loop
      vertex -45.2596304 -51.5818133 0.041
      vertex -44.8566828 -51.6218892 0.041
      vertex -45.1889156 -51.4495151 0.041
    endloop
  endfacet
  facet normal 0 -0 1
    outer loop
      vertex -45.2596304 -51.5818133 0.041
      vertex -45.1889156 -51.4495151 0.041
      vertex -45.5907584 -51.3995624 0.041
    endloop
  endfacet
  facet normal -0 0 1
    outer loop
      vertex -45.5907584 -51.3995624 0.041
      vertex -45.1889156 -51.4495151 0.041
      vertex -45.5168181 -51.2690396 0.041
    endloop
  endfacet
  facet normal 0 -0 1
    outer loop
      vertex -45.5907584 -51.3995624 0.041
      vertex -45.5168181 -51.2690396 0.041
      vertex -45.8401927 -51.0805712 0.041
    endloop
  endfacet
  facet normal 0 0 1
    outer loop
      vertex -45.5907584 -51.3995624 0.041
      vertex -45.8401927 -51.0805712 0.041
      vertex -45.9173139 -51.2092402 0.041
    endloop
  endfacet
  facet normal 0 -0 1
    outer loop
      vertex -45.9173139 -51.2092402 0.041
      vertex -45.8401927 -51.0805712 0.041
      vertex -46.2391003 -51.0109612 0.041
    endloop
  endfacet
  facet normal -0 0 1
    outer loop
      vertex -46.2391003 -51.0109612 0.041
      vertex -45.8401927 -51.0805712 0.041
      vertex -46.1588446 -50.8842236 0.041
    endloop
  endfacet
  facet normal 0 -0 1
    outer loop
      vertex -46.2391003 -51.0109612 0.041
      vertex -46.1588446 -50.8842236 0.041
      vertex -46.5559238 -50.8048449 0.041
    endloop
  endfacet
  facet normal -0 0 1
    outer loop
      vertex -46.5559238 -50.8048449 0.041
      vertex -46.1588446 -50.8842236 0.041
      vertex -46.472582 -50.6801151 0.041
    endloop
  endfacet
  facet normal 0 -0 1
    outer loop
      vertex -46.5559238 -50.8048449 0.041
      vertex -46.472582 -50.6801151 0.041
      vertex -46.8675936 -50.5910155 0.041
    endloop
  endfacet
  facet normal -0 0 1
    outer loop
      vertex -46.8675936 -50.5910155 0.041
      vertex -46.472582 -50.6801151 0.041
      vertex -46.7812158 -50.4683685 0.041
    endloop
  endfacet
  facet normal 0 -0 1
    outer loop
      vertex -46.8675936 -50.5910155 0.041
      vertex -46.7812158 -50.4683685 0.041
      vertex -47.0845602 -50.2491114 0.041
    endloop
  endfacet
  facet normal 0 0 1
    outer loop
      vertex -46.8675936 -50.5910155 0.041
      vertex -47.0845602 -50.2491114 0.041
      vertex -47.1739218 -50.3696016 0.041
    endloop
  endfacet
  facet normal 0 -0 1
    outer loop
      vertex -47.1739218 -50.3696016 0.041
      vertex -47.0845602 -50.2491114 0.041
      vertex -47.3824323 -50.022476 0.041
    endloop
  endfacet
  facet normal 0 0 1
    outer loop
      vertex -47.1739218 -50.3696016 0.041
      vertex -47.3824323 -50.022476 0.041
      vertex -47.474724 -50.1407368 0.041
    endloop
  endfacet
  facet normal 0 -0 1
    outer loop
      vertex -47.474724 -50.1407368 0.041
      vertex -47.3824323 -50.022476 0.041
      vertex -47.769819 -49.9045589 0.041
    endloop
  endfacet
  facet normal -0 0 1
    outer loop
      vertex -47.769819 -49.9045589 0.041
      vertex -47.3824323 -50.022476 0.041
      vertex -47.6746528 -49.7885986 0.041
    endloop
  endfacet
  facet normal 0 -0 1
    outer loop
      vertex -47.769819 -49.9045589 0.041
      vertex -47.6746528 -49.7885986 0.041
      vertex -47.9610457 -49.5476202 0.041
    endloop
  endfacet
  facet normal 0 0 1
    outer loop
      vertex -47.769819 -49.9045589 0.041
      vertex -47.9610457 -49.5476202 0.041
      vertex -48.059029 -49.6612101 0.041
    endloop
  endfacet
  facet normal 0 -0 1
    outer loop
      vertex -48.059029 -49.6612101 0.041
      vertex -47.9610457 -49.5476202 0.041
      vertex -48.2414384 -49.299686 0.041
    endloop
  endfacet
  facet normal 0 0 1
    outer loop
      vertex -48.059029 -49.6612101 0.041
      vertex -48.2414384 -49.299686 0.041
      vertex -48.3421798 -49.410837 0.041
    endloop
  endfacet
  facet normal 0 -0 1
    outer loop
      vertex -48.3421798 -49.410837 0.041
      vertex -48.2414384 -49.299686 0.041
      vertex -48.5156621 -49.0449453 0.041
    endloop
  endfacet
  facet normal 0 0 1
    outer loop
      vertex -48.3421798 -49.410837 0.041
      vertex -48.5156621 -49.0449453 0.041
      vertex -48.6191009 -49.1535905 0.041
    endloop
  endfacet
  facet normal 0 -0 1
    outer loop
      vertex -48.6191009 -49.1535905 0.041
      vertex -48.5156621 -49.0449453 0.041
      vertex -48.7835515 -48.7835515 0.041
    endloop
  endfacet
  facet normal 0 0 1
    outer loop
      vertex -48.6191009 -49.1535905 0.041
      vertex -48.7835515 -48.7835515 0.041
      vertex -48.8896255 -48.8896255 0.041
    endloop
  endfacet
  facet normal 0 -0 1
    outer loop
      vertex -48.8896255 -48.8896255 0.041
      vertex -48.7835515 -48.7835515 0.041
      vertex -49.1535905 -48.6191009 0.041
    endloop
  endfacet
  facet normal -0 0 1
    outer loop
      vertex -49.1535905 -48.6191009 0.041
      vertex -48.7835515 -48.7835515 0.041
      vertex -49.0449453 -48.5156621 0.041
    endloop
  endfacet
  facet normal 0 -0 1
    outer loop
      vertex -49.1535905 -48.6191009 0.041
      vertex -49.0449453 -48.5156621 0.041
      vertex -49.410837 -48.3421798 0.041
    endloop
  endfacet
  facet normal -0 0 1
    outer loop
      vertex -49.410837 -48.3421798 0.041
      vertex -49.0449453 -48.5156621 0.041
      vertex -49.299686 -48.2414384 0.041
    endloop
  endfacet
  facet normal 0 -0 1
    outer loop
      vertex -49.410837 -48.3421798 0.041
      vertex -49.299686 -48.2414384 0.041
      vertex -49.6612101 -48.059029 0.041
    endloop
  endfacet
  facet normal -0 0 1
    outer loop
      vertex -49.6612101 -48.059029 0.041
      vertex -49.299686 -48.2414384 0.041
      vertex -49.5476202 -47.9610457 0.041
    endloop
  endfacet
  facet normal 0 -0 1
    outer loop
      vertex -49.6612101 -48.059029 0.041
      vertex -49.5476202 -47.9610457 0.041
      vertex -49.9045589 -47.769819 0.041
    endloop
  endfacet
  facet normal -0 0 1
    outer loop
      vertex -49.9045589 -47.769819 0.041
      vertex -49.5476202 -47.9610457 0.041
      vertex -49.7885986 -47.6746528 0.041
    endloop
  endfacet
  facet normal 0 -0 1
    outer loop
      vertex -49.9045589 -47.769819 0.041
      vertex -49.7885986 -47.6746528 0.041
      vertex -50.022476 -47.3824323 0.041
    endloop
  endfacet
  facet normal 0 0 1
    outer loop
      vertex -49.9045589 -47.769819 0.041
      vertex -50.022476 -47.3824323 0.041
      vertex -50.1407368 -47.474724 0.041
    endloop
  endfacet
  facet normal 0 -0 1
    outer loop
      vertex -50.1407368 -47.474724 0.041
      vertex -50.022476 -47.3824323 0.041
      vertex -50.2491114 -47.0845602 0.041
    endloop
  endfacet
  facet normal 0 0 1
    outer loop
      vertex -50.1407368 -47.474724 0.041
      vertex -50.2491114 -47.0845602 0.041
      vertex -50.3696016 -47.1739218 0.041
    endloop
  endfacet
  facet normal 0 -0 1
    outer loop
      vertex -50.3696016 -47.1739218 0.041
      vertex -50.2491114 -47.0845602 0.041
      vertex -50.5910155 -46.8675936 0.041
    endloop
  endfacet
  facet normal -0 0 1
    outer loop
      vertex -50.5910155 -46.8675936 0.041
      vertex -50.2491114 -47.0845602 0.041
      vertex -50.4683685 -46.7812158 0.041
    endloop
  endfacet
  facet normal 0 -0 1
    outer loop
      vertex -50.5910155 -46.8675936 0.041
      vertex -50.4683685 -46.7812158 0.041
      vertex -50.8048449 -46.5559238 0.041
    endloop
  endfacet
  facet normal -0 0 1
    outer loop
      vertex -50.8048449 -46.5559238 0.041
      vertex -50.4683685 -46.7812158 0.041
      vertex -50.6801151 -46.472582 0.041
    endloop
  endfacet
  facet normal 0 -0 1
    outer loop
      vertex -50.8048449 -46.5559238 0.041
      vertex -50.6801151 -46.472582 0.041
      vertex -50.8842236 -46.1588446 0.041
    endloop
  endfacet
  facet normal 0 0 1
    outer loop
      vertex -50.8048449 -46.5559238 0.041
      vertex -50.8842236 -46.1588446 0.041
      vertex -51.0109612 -46.2391003 0.041
    endloop
  endfacet
  facet normal 0 -0 1
    outer loop
      vertex -51.0109612 -46.2391003 0.041
      vertex -50.8842236 -46.1588446 0.041
      vertex -51.0805712 -45.8401927 0.041
    endloop
  endfacet
  facet normal 0 0 1
    outer loop
      vertex -51.0109612 -46.2391003 0.041
      vertex -51.0805712 -45.8401927 0.041
      vertex -51.2092402 -45.9173139 0.041
    endloop
  endfacet
  facet normal 0 -0 1
    outer loop
      vertex -51.2092402 -45.9173139 0.041
      vertex -51.0805712 -45.8401927 0.041
      vertex -51.3995624 -45.5907584 0.041
    endloop
  endfacet
  facet normal -0 0 1
    outer loop
      vertex -51.3995624 -45.5907584 0.041
      vertex -51.0805712 -45.8401927 0.041
      vertex -51.2690396 -45.5168181 0.041
    endloop
  endfacet
  facet normal 0 -0 1
    outer loop
      vertex -51.3995624 -45.5907584 0.041
      vertex -51.2690396 -45.5168181 0.041
      vertex -51.5818133 -45.2596304 0.041
    endloop
  endfacet
  facet normal -0 0 1
    outer loop
      vertex -51.5818133 -45.2596304 0.041
      vertex -51.2690396 -45.5168181 0.041
      vertex -51.4495151 -45.1889156 0.041
    endloop
  endfacet
  facet normal 0 -0 1
    outer loop
      vertex -51.5818133 -45.2596304 0.041
      vertex -51.4495151 -45.1889156 0.041
      vertex -51.7558829 -44.9241296 0.041
    endloop
  endfacet
  facet normal -0 0 1
    outer loop
      vertex -51.7558829 -44.9241296 0.041
      vertex -51.4495151 -45.1889156 0.041
      vertex -51.6218892 -44.8566828 0.041
    endloop
  endfacet
  facet normal 0 -0 1
    outer loop
      vertex -51.7558829 -44.9241296 0.041
      vertex -51.6218892 -44.8566828 0.041
      vertex -51.786058 -44.5203198 0.041
    endloop
  endfacet
  facet normal 0 0 1
    outer loop
      vertex -51.7558829 -44.9241296 0.041
      vertex -51.786058 -44.5203198 0.041
      vertex -51.9216666 -44.5844579 0.041
    endloop
  endfacet
  facet normal 0 -0 1
    outer loop
      vertex -51.9216666 -44.5844579 0.041
      vertex -51.786058 -44.5203198 0.041
      vertex -51.9419225 -44.1800292 0.041
    endloop
  endfacet
  facet normal 0 0 1
    outer loop
      vertex -51.9216666 -44.5844579 0.041
      vertex -51.9419225 -44.1800292 0.041
      vertex -52.0790643 -44.24082 0.041
    endloop
  endfacet
  facet normal 0 -0 1
    outer loop
      vertex -52.0790643 -44.24082 0.041
      vertex -51.9419225 -44.1800292 0.041
      vertex -52.2279813 -43.8934228 0.041
    endloop
  endfacet
  facet normal -0 0 1
    outer loop
      vertex -52.2279813 -43.8934228 0.041
      vertex -51.9419225 -44.1800292 0.041
      vertex -52.089389 -43.836016 0.041
    endloop
  endfacet
  facet normal 0 -0 1
    outer loop
      vertex -52.2279813 -43.8934228 0.041
      vertex -52.089389 -43.836016 0.041
      vertex -52.368328 -43.5424757 0.041
    endloop
  endfacet
  facet normal -0 0 1
    outer loop
      vertex -52.368328 -43.5424757 0.041
      vertex -52.089389 -43.836016 0.041
      vertex -52.2283685 -43.4884874 0.041
    endloop
  endfacet
  facet normal 0 0 1
    outer loop
      vertex -52.368328 -43.5424757 0.041
      vertex -52.2283685 -43.4884874 0.041
      vertex -52.3587774 -43.1376527 0.041
    endloop
  endfacet
  facet normal 0 -0 1
    outer loop
      vertex -52.368328 -43.5424757 0.041
      vertex -52.3587774 -43.1376527 0.041
      vertex -52.5000197 -43.18819 0.041
    endloop
  endfacet
  facet normal 0 0 1
    outer loop
      vertex -52.5000197 -43.18819 0.041
      vertex -52.3587774 -43.1376527 0.041
      vertex -52.4805371 -42.7837233 0.041
    endloop
  endfacet
  facet normal 0 -0 1
    outer loop
      vertex -52.5000197 -43.18819 0.041
      vertex -52.4805371 -42.7837233 0.041
      vertex -52.6229771 -42.8307791 0.041
    endloop
  endfacet
  facet normal 0 -0 1
    outer loop
      vertex -52.6229771 -42.8307791 0.041
      vertex -52.4805371 -42.7837233 0.041
      vertex -52.7371262 -42.4704584 0.041
    endloop
  endfacet
  facet normal -0 0 1
    outer loop
      vertex -52.7371262 -42.4704584 0.041
      vertex -52.4805371 -42.7837233 0.041
      vertex -52.5935743 -42.4269124 0.041
    endloop
  endfacet
  facet normal 0 0 1
    outer loop
      vertex -52.7371262 -42.4704584 0.041
      vertex -52.5935743 -42.4269124 0.041
      vertex -52.6978209 -42.0674348 0.041
    endloop
  endfacet
  facet normal 0 -0 1
    outer loop
      vertex -52.7371262 -42.4704584 0.041
      vertex -52.6978209 -42.0674348 0.041
      vertex -52.8423982 -42.1074448 0.041
    endloop
  endfacet
  facet normal 0 0 1
    outer loop
      vertex -52.8423982 -42.1074448 0.041
      vertex -52.6978209 -42.0674348 0.041
      vertex -52.793214 -41.7055072 0.041
    endloop
  endfacet
  facet normal 0 -0 1
    outer loop
      vertex -52.8423982 -42.1074448 0.041
      vertex -52.793214 -41.7055072 0.041
      vertex -52.9387297 -41.741957 0.041
    endloop
  endfacet
  facet normal 0 -0 1
    outer loop
      vertex -52.9387297 -41.741957 0.041
      vertex -52.793214 -41.7055072 0.041
      vertex -53.0260626 -41.3742152 0.041
    endloop
  endfacet
  facet normal -0 0 1
    outer loop
      vertex -53.0260626 -41.3742152 0.041
      vertex -52.793214 -41.7055072 0.041
      vertex -52.8796963 -41.3413475 0.041
    endloop
  endfacet
  facet normal 0 -0 1
    outer loop
      vertex -53.0260626 -41.3742152 0.041
      vertex -52.8796963 -41.3413475 0.041
      vertex -53.1043444 -41.0044409 0.041
    endloop
  endfacet
  facet normal -0 0 1
    outer loop
      vertex -53.1043444 -41.0044409 0.041
      vertex -52.8796963 -41.3413475 0.041
      vertex -52.9572156 -40.9751752 0.041
    endloop
  endfacet
  facet normal 0 0 1
    outer loop
      vertex -53.1043444 -41.0044409 0.041
      vertex -52.9572156 -40.9751752 0.041
      vertex -53.0257252 -40.6072106 0.041
    endloop
  endfacet
  facet normal 0 -0 1
    outer loop
      vertex -53.1043444 -41.0044409 0.041
      vertex -53.0257252 -40.6072106 0.041
      vertex -53.173528 -40.6328569 0.041
    endloop
  endfacet
  facet normal 0 0 1
    outer loop
      vertex -53.173528 -40.6328569 0.041
      vertex -53.0257252 -40.6072106 0.041
      vertex -53.0851839 -40.2376756 0.041
    endloop
  endfacet
  facet normal 0 -0 1
    outer loop
      vertex -53.173528 -40.6328569 0.041
      vertex -53.0851839 -40.2376756 0.041
      vertex -53.2335715 -40.2596869 0.041
    endloop
  endfacet
  facet normal 0 -0 1
    outer loop
      vertex -53.2335715 -40.2596869 0.041
      vertex -53.0851839 -40.2376756 0.041
      vertex -53.2844389 -39.8851557 0.041
    endloop
  endfacet
  facet normal -0 0 1
    outer loop
      vertex -53.2844389 -39.8851557 0.041
      vertex -53.0851839 -40.2376756 0.041
      vertex -53.1355558 -39.8667928 0.041
    endloop
  endfacet
  facet normal 0 0 1
    outer loop
      vertex -53.2844389 -39.8851557 0.041
      vertex -53.1355558 -39.8667928 0.041
      vertex -53.1768106 -39.4947854 0.041
    endloop
  endfacet
  facet normal 0 -0 1
    outer loop
      vertex -53.2844389 -39.8851557 0.041
      vertex -53.1768106 -39.4947854 0.041
      vertex -53.3260996 -39.5094891 0.041
    endloop
  endfacet
  facet normal 0 -0 1
    outer loop
      vertex -53.3260996 -39.5094891 0.041
      vertex -53.1768106 -39.4947854 0.041
      vertex -53.3585284 -39.1329131 0.041
    endloop
  endfacet
  facet normal -0 0 1
    outer loop
      vertex -53.3585284 -39.1329131 0.041
      vertex -53.1768106 -39.4947854 0.041
      vertex -53.2089235 -39.1218776 0.041
    endloop
  endfacet
  facet normal 0 -0 1
    outer loop
      vertex -53.3585284 -39.1329131 0.041
      vertex -53.2089235 -39.1218776 0.041
      vertex -53.3817058 -38.7556547 0.041
    endloop
  endfacet
  facet normal -0 0 1
    outer loop
      vertex -53.3817058 -38.7556547 0.041
      vertex -53.2089235 -39.1218776 0.041
      vertex -53.2318751 -38.748294 0.041
    endloop
  endfacet
  facet normal 0 0 1
    outer loop
      vertex -53.3817058 -38.7556547 0.041
      vertex -53.2318751 -38.748294 0.041
      vertex -53.2456516 -38.3742597 0.041
    endloop
  endfacet
  facet normal 0 -0 1
    outer loop
      vertex -53.3817058 -38.7556547 0.041
      vertex -53.2456516 -38.3742597 0.041
      vertex -53.3956178 -38.3779412 0.041
    endloop
  endfacet
  facet normal 0 -0 1
    outer loop
      vertex -53.3956178 -38.3779412 0.041
      vertex -53.2456516 -38.3742597 0.041
      vertex -53.4 -38.0208624 0.041
    endloop
  endfacet
  facet normal -0 0 1
    outer loop
      vertex -53.4 -38.0208624 0.041
      vertex -53.2456516 -38.3742597 0.041
      vertex -53.25 -38.019942 0.041
    endloop
  endfacet
  facet normal 0 0 1
    outer loop
      vertex -53.4 -38.0208624 0.041
      vertex -53.25 -38.019942 0.041
      vertex -53.4 -3.4 0.041
    endloop
  endfacet
  facet normal 0 0 1
    outer loop
      vertex -53.5 -3.4 0.041
      vertex -53.4 -3.4 0.041
      vertex -53.5 -3.25 0.041
    endloop
  endfacet
  facet normal -0 0 1
    outer loop
      vertex -53.5 -3.25 0.041
      vertex -53.4 -3.4 0.041
      vertex -53.4 -3.25 0.041
    endloop
  endfacet
  facet normal 0 0 1
    outer loop
      vertex -53.5 3.25 0.041
      vertex -53.4 3.25 0.041
      vertex -53.5 3.4 0.041
    endloop
  endfacet
  facet normal -0 0 1
    outer loop
      vertex -53.5 3.4 0.041
      vertex -53.4 3.25 0.041
      vertex -53.4 3.4 0.041
    endloop
  endfacet
  facet normal 0 0 1
    outer loop
      vertex -53.4 38.0208624 0.041
      vertex -53.4 3.4 0.041
      vertex -53.25 38.019942 0.041
    endloop
  endfacet
  facet normal -0 0 1
    outer loop
      vertex -53.4 38.0208624 0.041
      vertex -53.25 38.019942 0.041
      vertex -53.2456516 38.3742597 0.041
    endloop
  endfacet
  facet normal 0 0 1
    outer loop
      vertex -53.4 38.0208624 0.041
      vertex -53.2456516 38.3742597 0.041
      vertex -53.3956178 38.3779412 0.041
    endloop
  endfacet
  facet normal -0 0 1
    outer loop
      vertex -53.3956178 38.3779412 0.041
      vertex -53.2456516 38.3742597 0.041
      vertex -53.3817058 38.7556547 0.041
    endloop
  endfacet
  facet normal 0 0 1
    outer loop
      vertex -53.3817058 38.7556547 0.041
      vertex -53.2456516 38.3742597 0.041
      vertex -53.2318751 38.748294 0.041
    endloop
  endfacet
  facet normal -0 0 1
    outer loop
      vertex -53.3817058 38.7556547 0.041
      vertex -53.2318751 38.748294 0.041
      vertex -53.2089235 39.1218776 0.041
    endloop
  endfacet
  facet normal 0 0 1
    outer loop
      vertex -53.3817058 38.7556547 0.041
      vertex -53.2089235 39.1218776 0.041
      vertex -53.3585284 39.1329131 0.041
    endloop
  endfacet
  facet normal -0 0 1
    outer loop
      vertex -53.3585284 39.1329131 0.041
      vertex -53.2089235 39.1218776 0.041
      vertex -53.1768106 39.4947854 0.041
    endloop
  endfacet
  facet normal 0 0 1
    outer loop
      vertex -53.3585284 39.1329131 0.041
      vertex -53.1768106 39.4947854 0.041
      vertex -53.3260996 39.5094891 0.041
    endloop
  endfacet
  facet normal -0 0 1
    outer loop
      vertex -53.3260996 39.5094891 0.041
      vertex -53.1768106 39.4947854 0.041
      vertex -53.2844389 39.8851557 0.041
    endloop
  endfacet
  facet normal 0 0 1
    outer loop
      vertex -53.2844389 39.8851557 0.041
      vertex -53.1768106 39.4947854 0.041
      vertex -53.1355558 39.8667928 0.041
    endloop
  endfacet
  facet normal -0 0 1
    outer loop
      vertex -53.2844389 39.8851557 0.041
      vertex -53.1355558 39.8667928 0.041
      vertex -53.0851839 40.2376756 0.041
    endloop
  endfacet
  facet normal 0 0 1
    outer loop
      vertex -53.2844389 39.8851557 0.041
      vertex -53.0851839 40.2376756 0.041
      vertex -53.2335715 40.2596869 0.041
    endloop
  endfacet
  facet normal -0 0 1
    outer loop
      vertex -53.2335715 40.2596869 0.041
      vertex -53.0851839 40.2376756 0.041
      vertex -53.173528 40.6328569 0.041
    endloop
  endfacet
  facet normal 0 0 1
    outer loop
      vertex -53.173528 40.6328569 0.041
      vertex -53.0851839 40.2376756 0.041
      vertex -53.0257252 40.6072106 0.041
    endloop
  endfacet
  facet normal -0 0 1
    outer loop
      vertex -53.173528 40.6328569 0.041
      vertex -53.0257252 40.6072106 0.041
      vertex -53.1043444 41.0044409 0.041
    endloop
  endfacet
  facet normal 0 0 1
    outer loop
      vertex -53.1043444 41.0044409 0.041
      vertex -53.0257252 40.6072106 0.041
      vertex -52.9572156 40.9751752 0.041
    endloop
  endfacet
  facet normal -0 0 1
    outer loop
      vertex -53.1043444 41.0044409 0.041
      vertex -52.9572156 40.9751752 0.041
      vertex -52.8796963 41.3413475 0.041
    endloop
  endfacet
  facet normal 0 0 1
    outer loop
      vertex -53.1043444 41.0044409 0.041
      vertex -52.8796963 41.3413475 0.041
      vertex -53.0260626 41.3742152 0.041
    endloop
  endfacet
  facet normal -0 0 1
    outer loop
      vertex -53.0260626 41.3742152 0.041
      vertex -52.8796963 41.3413475 0.041
      vertex -52.793214 41.7055072 0.041
    endloop
  endfacet
  facet normal 0 0 1
    outer loop
      vertex -53.0260626 41.3742152 0.041
      vertex -52.793214 41.7055072 0.041
      vertex -52.9387297 41.741957 0.041
    endloop
  endfacet
  facet normal -0 0 1
    outer loop
      vertex -52.9387297 41.741957 0.041
      vertex -52.793214 41.7055072 0.041
      vertex -52.8423982 42.1074448 0.041
    endloop
  endfacet
  facet normal 0 0 1
    outer loop
      vertex -52.8423982 42.1074448 0.041
      vertex -52.793214 41.7055072 0.041
      vertex -52.6978209 42.0674348 0.041
    endloop
  endfacet
  facet normal -0 0 1
    outer loop
      vertex -52.8423982 42.1074448 0.041
      vertex -52.6978209 42.0674348 0.041
      vertex -52.7371262 42.4704584 0.041
    endloop
  endfacet
  facet normal 0 0 1
    outer loop
      vertex -52.7371262 42.4704584 0.041
      vertex -52.6978209 42.0674348 0.041
      vertex -52.5935743 42.4269124 0.041
    endloop
  endfacet
  facet normal -0 0 1
    outer loop
      vertex -52.7371262 42.4704584 0.041
      vertex -52.5935743 42.4269124 0.041
      vertex -52.6229771 42.8307791 0.041
    endloop
  endfacet
  facet normal 0 0 1
    outer loop
      vertex -52.6229771 42.8307791 0.041
      vertex -52.5935743 42.4269124 0.041
      vertex -52.4805371 42.7837233 0.041
    endloop
  endfacet
  facet normal -0 0 1
    outer loop
      vertex -52.6229771 42.8307791 0.041
      vertex -52.4805371 42.7837233 0.041
      vertex -52.5000197 43.18819 0.041
    endloop
  endfacet
  facet normal 0 0 1
    outer loop
      vertex -52.5000197 43.18819 0.041
      vertex -52.4805371 42.7837233 0.041
      vertex -52.3587774 43.1376527 0.041
    endloop
  endfacet
  facet normal -0 0 1
    outer loop
      vertex -52.5000197 43.18819 0.041
      vertex -52.3587774 43.1376527 0.041
      vertex -52.2283685 43.4884874 0.041
    endloop
  endfacet
  facet normal 0 0 1
    outer loop
      vertex -52.5000197 43.18819 0.041
      vertex -52.2283685 43.4884874 0.041
      vertex -52.368328 43.5424757 0.041
    endloop
  endfacet
  facet normal -0 0 1
    outer loop
      vertex -52.368328 43.5424757 0.041
      vertex -52.2283685 43.4884874 0.041
      vertex -52.089389 43.836016 0.041
    endloop
  endfacet
  facet normal 0 0 1
    outer loop
      vertex -52.368328 43.5424757 0.041
      vertex -52.089389 43.836016 0.041
      vertex -52.2279813 43.8934228 0.041
    endloop
  endfacet
  facet normal -0 0 1
    outer loop
      vertex -52.2279813 43.8934228 0.041
      vertex -52.089389 43.836016 0.041
      vertex -52.0790643 44.24082 0.041
    endloop
  endfacet
  facet normal 0 0 1
    outer loop
      vertex -52.0790643 44.24082 0.041
      vertex -52.089389 43.836016 0.041
      vertex -51.9419225 44.1800292 0.041
    endloop
  endfacet
  facet normal -0 0 1
    outer loop
      vertex -52.0790643 44.24082 0.041
      vertex -51.9419225 44.1800292 0.041
      vertex -51.9216666 44.5844579 0.041
    endloop
  endfacet
  facet normal 0 0 1
    outer loop
      vertex -51.9216666 44.5844579 0.041
      vertex -51.9419225 44.1800292 0.041
      vertex -51.786058 44.5203198 0.041
    endloop
  endfacet
  facet normal -0 0 1
    outer loop
      vertex -51.9216666 44.5844579 0.041
      vertex -51.786058 44.5203198 0.041
      vertex -51.6218892 44.8566828 0.041
    endloop
  endfacet
  facet normal 0 0 1
    outer loop
      vertex -51.9216666 44.5844579 0.041
      vertex -51.6218892 44.8566828 0.041
      vertex -51.7558829 44.9241296 0.041
    endloop
  endfacet
  facet normal -0 0 1
    outer loop
      vertex -51.7558829 44.9241296 0.041
      vertex -51.6218892 44.8566828 0.041
      vertex -51.5818133 45.2596304 0.041
    endloop
  endfacet
  facet normal 0 0 1
    outer loop
      vertex -51.5818133 45.2596304 0.041
      vertex -51.6218892 44.8566828 0.041
      vertex -51.4495151 45.1889156 0.041
    endloop
  endfacet
  facet normal -0 0 1
    outer loop
      vertex -51.5818133 45.2596304 0.041
      vertex -51.4495151 45.1889156 0.041
      vertex -51.3995624 45.5907584 0.041
    endloop
  endfacet
  facet normal 0 0 1
    outer loop
      vertex -51.3995624 45.5907584 0.041
      vertex -51.4495151 45.1889156 0.041
      vertex -51.2690396 45.5168181 0.041
    endloop
  endfacet
  facet normal -0 0 1
    outer loop
      vertex -51.3995624 45.5907584 0.041
      vertex -51.2690396 45.5168181 0.041
      vertex -51.0805712 45.8401927 0.041
    endloop
  endfacet
  facet normal 0 0 1
    outer loop
      vertex -51.3995624 45.5907584 0.041
      vertex -51.0805712 45.8401927 0.041
      vertex -51.2092402 45.9173139 0.041
    endloop
  endfacet
  facet normal -0 0 1
    outer loop
      vertex -51.2092402 45.9173139 0.041
      vertex -51.0805712 45.8401927 0.041
      vertex -50.8842236 46.1588446 0.041
    endloop
  endfacet
  facet normal 0 0 1
    outer loop
      vertex -51.2092402 45.9173139 0.041
      vertex -50.8842236 46.1588446 0.041
      vertex -51.0109612 46.2391003 0.041
    endloop
  endfacet
  facet normal -0 0 1
    outer loop
      vertex -51.0109612 46.2391003 0.041
      vertex -50.8842236 46.1588446 0.041
      vertex -50.6801151 46.472582 0.041
    endloop
  endfacet
  facet normal 0 0 1
    outer loop
      vertex -51.0109612 46.2391003 0.041
      vertex -50.6801151 46.472582 0.041
      vertex -50.8048449 46.5559238 0.041
    endloop
  endfacet
  facet normal -0 0 1
    outer loop
      vertex -50.8048449 46.5559238 0.041
      vertex -50.6801151 46.472582 0.041
      vertex -50.5910155 46.8675936 0.041
    endloop
  endfacet
  facet normal 0 0 1
    outer loop
      vertex -50.5910155 46.8675936 0.041
      vertex -50.6801151 46.472582 0.041
      vertex -50.4683685 46.7812158 0.041
    endloop
  endfacet
  facet normal -0 0 1
    outer loop
      vertex -50.5910155 46.8675936 0.041
      vertex -50.4683685 46.7812158 0.041
      vertex -50.3696016 47.1739218 0.041
    endloop
  endfacet
  facet normal 0 0 1
    outer loop
      vertex -50.3696016 47.1739218 0.041
      vertex -50.4683685 46.7812158 0.041
      vertex -50.2491114 47.0845602 0.041
    endloop
  endfacet
  facet normal -0 0 1
    outer loop
      vertex -50.3696016 47.1739218 0.041
      vertex -50.2491114 47.0845602 0.041
      vertex -50.1407368 47.474724 0.041
    endloop
  endfacet
  facet normal 0 0 1
    outer loop
      vertex -50.1407368 47.474724 0.041
      vertex -50.2491114 47.0845602 0.041
      vertex -50.022476 47.3824323 0.041
    endloop
  endfacet
  facet normal -0 0 1
    outer loop
      vertex -50.1407368 47.474724 0.041
      vertex -50.022476 47.3824323 0.041
      vertex -49.9045589 47.769819 0.041
    endloop
  endfacet
  facet normal 0 0 1
    outer loop
      vertex -49.9045589 47.769819 0.041
      vertex -50.022476 47.3824323 0.041
      vertex -49.7885986 47.6746528 0.041
    endloop
  endfacet
  facet normal -0 0 1
    outer loop
      vertex -49.9045589 47.769819 0.041
      vertex -49.7885986 47.6746528 0.041
      vertex -49.5476202 47.9610457 0.041
    endloop
  endfacet
  facet normal 0 0 1
    outer loop
      vertex -49.9045589 47.769819 0.041
      vertex -49.5476202 47.9610457 0.041
      vertex -49.6612101 48.059029 0.041
    endloop
  endfacet
  facet normal -0 0 1
    outer loop
      vertex -49.6612101 48.059029 0.041
      vertex -49.5476202 47.9610457 0.041
      vertex -49.299686 48.2414384 0.041
    endloop
  endfacet
  facet normal 0 0 1
    outer loop
      vertex -38.019942 53.25 0.041
      vertex -3.4 53.25 0.041
      vertex -3.4 53.4 0.041
    endloop
  endfacet
  facet normal 0 0 1
    outer loop
      vertex -3.4 53.4 0.041
      vertex -3.4 53.25 0.041
      vertex -3.25 53.25 0.041
    endloop
  endfacet
  facet normal -0 0 1
    outer loop
      vertex -3.4 53.4 0.041
      vertex -3.25 53.25 0.041
      vertex -3.25 53.4 0.041
    endloop
  endfacet
  facet normal -0 0 1
    outer loop
      vertex -3.25 53.4 0.041
      vertex -3.25 53.25 0.041
      vertex 3.25 53.4 0.041
    endloop
  endfacet
  facet normal 0 0 1
    outer loop
      vertex 3.25 53.4 0.041
      vertex -3.25 53.25 0.041
      vertex 3.25 53.25 0.041
    endloop
  endfacet
  facet normal 0 0 1
    outer loop
      vertex 3.25 53.4 0.041
      vertex 3.25 53.25 0.041
      vertex 3.4 53.25 0.041
    endloop
  endfacet
  facet normal -0 0 1
    outer loop
      vertex 3.25 53.4 0.041
      vertex 3.4 53.25 0.041
      vertex 3.4 53.4 0.041
    endloop
  endfacet
  facet normal 0 0 1
    outer loop
      vertex 3.4 53.4 0.041
      vertex 3.4 53.25 0.041
      vertex 38.019942 53.25 0.041
    endloop
  endfacet
  facet normal 0 0 1
    outer loop
      vertex 53.2456516 38.3742597 0.041
      vertex 53.25 38.019942 0.041
      vertex 53.4 38.0208624 0.041
    endloop
  endfacet
  facet normal -0 0 1
    outer loop
      vertex 53.2456516 38.3742597 0.041
      vertex 53.4 38.0208624 0.041
      vertex 53.3956178 38.3779412 0.041
    endloop
  endfacet
  facet normal 0 0 1
    outer loop
      vertex 53.4 38.0208624 0.041
      vertex 53.25 38.019942 0.041
      vertex 53.4 3.4 0.041
    endloop
  endfacet
  facet normal 0 0 1
    outer loop
      vertex 53.5 3.4 0.041
      vertex 53.4 3.4 0.041
      vertex 53.5 3.25 0.041
    endloop
  endfacet
  facet normal 0 0 1
    outer loop
      vertex 53.5 3.25 0.041
      vertex 53.4 3.4 0.041
      vertex 53.4 3.25 0.041
    endloop
  endfacet
  facet normal 0 0 1
    outer loop
      vertex 53.5 -3.25 0.041
      vertex 53.4 -3.25 0.041
      vertex 53.5 -3.4 0.041
    endloop
  endfacet
  facet normal 0 0 1
    outer loop
      vertex 53.5 -3.4 0.041
      vertex 53.4 -3.25 0.041
      vertex 53.4 -3.4 0.041
    endloop
  endfacet
  facet normal 0 -0 1
    outer loop
      vertex 53.4 -38.0208624 0.041
      vertex 53.4 -3.4 0.041
      vertex 53.25 -38.019942 0.041
    endloop
  endfacet
  facet normal 0 0 1
    outer loop
      vertex 53.4 -38.0208624 0.041
      vertex 53.25 -38.019942 0.041
      vertex 53.2456516 -38.3742597 0.041
    endloop
  endfacet
  facet normal 0 0 1
    outer loop
      vertex 53.4 -38.0208624 0.041
      vertex 53.2456516 -38.3742597 0.041
      vertex 53.3956178 -38.3779412 0.041
    endloop
  endfacet
  facet normal 0 0 1
    outer loop
      vertex 53.3956178 -38.3779412 0.041
      vertex 53.2456516 -38.3742597 0.041
      vertex 53.3817058 -38.7556547 0.041
    endloop
  endfacet
  facet normal 0 0 1
    outer loop
      vertex 53.3817058 -38.7556547 0.041
      vertex 53.2456516 -38.3742597 0.041
      vertex 53.2318751 -38.748294 0.041
    endloop
  endfacet
  facet normal 0 0 1
    outer loop
      vertex 53.3817058 -38.7556547 0.041
      vertex 53.2318751 -38.748294 0.041
      vertex 53.2089235 -39.1218776 0.041
    endloop
  endfacet
  facet normal 0 0 1
    outer loop
      vertex 53.3817058 -38.7556547 0.041
      vertex 53.2089235 -39.1218776 0.041
      vertex 53.3585284 -39.1329131 0.041
    endloop
  endfacet
  facet normal 0 0 1
    outer loop
      vertex 53.3585284 -39.1329131 0.041
      vertex 53.2089235 -39.1218776 0.041
      vertex 53.1768106 -39.4947854 0.041
    endloop
  endfacet
  facet normal 0 0 1
    outer loop
      vertex 53.3585284 -39.1329131 0.041
      vertex 53.1768106 -39.4947854 0.041
      vertex 53.3260996 -39.5094891 0.041
    endloop
  endfacet
  facet normal 0 0 1
    outer loop
      vertex 53.3260996 -39.5094891 0.041
      vertex 53.1768106 -39.4947854 0.041
      vertex 53.2844389 -39.8851557 0.041
    endloop
  endfacet
  facet normal 0 0 1
    outer loop
      vertex 53.2844389 -39.8851557 0.041
      vertex 53.1768106 -39.4947854 0.041
      vertex 53.1355558 -39.8667928 0.041
    endloop
  endfacet
  facet normal 0 0 1
    outer loop
      vertex 53.2844389 -39.8851557 0.041
      vertex 53.1355558 -39.8667928 0.041
      vertex 53.0851839 -40.2376756 0.041
    endloop
  endfacet
  facet normal 0 0 1
    outer loop
      vertex 53.2844389 -39.8851557 0.041
      vertex 53.0851839 -40.2376756 0.041
      vertex 53.2335715 -40.2596869 0.041
    endloop
  endfacet
  facet normal 0 0 1
    outer loop
      vertex 53.2335715 -40.2596869 0.041
      vertex 53.0851839 -40.2376756 0.041
      vertex 53.173528 -40.6328569 0.041
    endloop
  endfacet
  facet normal 0 0 1
    outer loop
      vertex 53.173528 -40.6328569 0.041
      vertex 53.0851839 -40.2376756 0.041
      vertex 53.0257252 -40.6072106 0.041
    endloop
  endfacet
  facet normal 0 0 1
    outer loop
      vertex 53.173528 -40.6328569 0.041
      vertex 53.0257252 -40.6072106 0.041
      vertex 53.1043444 -41.0044409 0.041
    endloop
  endfacet
  facet normal 0 0 1
    outer loop
      vertex 53.1043444 -41.0044409 0.041
      vertex 53.0257252 -40.6072106 0.041
      vertex 52.9572156 -40.9751752 0.041
    endloop
  endfacet
  facet normal 0 0 1
    outer loop
      vertex 53.1043444 -41.0044409 0.041
      vertex 52.9572156 -40.9751752 0.041
      vertex 52.8796963 -41.3413475 0.041
    endloop
  endfacet
  facet normal 0 0 1
    outer loop
      vertex 53.1043444 -41.0044409 0.041
      vertex 52.8796963 -41.3413475 0.041
      vertex 53.0260626 -41.3742152 0.041
    endloop
  endfacet
  facet normal 0 0 1
    outer loop
      vertex 53.0260626 -41.3742152 0.041
      vertex 52.8796963 -41.3413475 0.041
      vertex 52.793214 -41.7055072 0.041
    endloop
  endfacet
  facet normal 0 0 1
    outer loop
      vertex 53.0260626 -41.3742152 0.041
      vertex 52.793214 -41.7055072 0.041
      vertex 52.9387297 -41.741957 0.041
    endloop
  endfacet
  facet normal 0 0 1
    outer loop
      vertex 52.9387297 -41.741957 0.041
      vertex 52.793214 -41.7055072 0.041
      vertex 52.8423982 -42.1074448 0.041
    endloop
  endfacet
  facet normal 0 0 1
    outer loop
      vertex 52.8423982 -42.1074448 0.041
      vertex 52.793214 -41.7055072 0.041
      vertex 52.6978209 -42.0674348 0.041
    endloop
  endfacet
  facet normal 0 0 1
    outer loop
      vertex 52.8423982 -42.1074448 0.041
      vertex 52.6978209 -42.0674348 0.041
      vertex 52.7371262 -42.4704584 0.041
    endloop
  endfacet
  facet normal 0 0 1
    outer loop
      vertex 52.7371262 -42.4704584 0.041
      vertex 52.6978209 -42.0674348 0.041
      vertex 52.5935743 -42.4269124 0.041
    endloop
  endfacet
  facet normal 0 0 1
    outer loop
      vertex 52.7371262 -42.4704584 0.041
      vertex 52.5935743 -42.4269124 0.041
      vertex 52.6229771 -42.8307791 0.041
    endloop
  endfacet
  facet normal 0 0 1
    outer loop
      vertex 52.6229771 -42.8307791 0.041
      vertex 52.5935743 -42.4269124 0.041
      vertex 52.4805371 -42.7837233 0.041
    endloop
  endfacet
  facet normal 0 0 1
    outer loop
      vertex 52.6229771 -42.8307791 0.041
      vertex 52.4805371 -42.7837233 0.041
      vertex 52.5000197 -43.18819 0.041
    endloop
  endfacet
  facet normal 0 0 1
    outer loop
      vertex 52.5000197 -43.18819 0.041
      vertex 52.4805371 -42.7837233 0.041
      vertex 52.3587774 -43.1376527 0.041
    endloop
  endfacet
  facet normal 0 0 1
    outer loop
      vertex 52.5000197 -43.18819 0.041
      vertex 52.3587774 -43.1376527 0.041
      vertex 52.368328 -43.5424757 0.041
    endloop
  endfacet
  facet normal 0 0 1
    outer loop
      vertex 52.368328 -43.5424757 0.041
      vertex 52.3587774 -43.1376527 0.041
      vertex 52.2283685 -43.4884874 0.041
    endloop
  endfacet
  facet normal 0 0 1
    outer loop
      vertex 52.368328 -43.5424757 0.041
      vertex 52.2283685 -43.4884874 0.041
      vertex 52.089389 -43.836016 0.041
    endloop
  endfacet
  facet normal 0 0 1
    outer loop
      vertex 52.368328 -43.5424757 0.041
      vertex 52.089389 -43.836016 0.041
      vertex 52.2279813 -43.8934228 0.041
    endloop
  endfacet
  facet normal 0 0 1
    outer loop
      vertex 52.2279813 -43.8934228 0.041
      vertex 52.089389 -43.836016 0.041
      vertex 51.9419225 -44.1800292 0.041
    endloop
  endfacet
  facet normal 0 0 1
    outer loop
      vertex 52.2279813 -43.8934228 0.041
      vertex 51.9419225 -44.1800292 0.041
      vertex 52.0790643 -44.24082 0.041
    endloop
  endfacet
  facet normal 0 0 1
    outer loop
      vertex 52.0790643 -44.24082 0.041
      vertex 51.9419225 -44.1800292 0.041
      vertex 51.9216666 -44.5844579 0.041
    endloop
  endfacet
  facet normal 0 -0 1
    outer loop
      vertex 51.9216666 -44.5844579 0.041
      vertex 51.9419225 -44.1800292 0.041
      vertex 51.786058 -44.5203198 0.041
    endloop
  endfacet
  facet normal 0 0 1
    outer loop
      vertex 51.9216666 -44.5844579 0.041
      vertex 51.786058 -44.5203198 0.041
      vertex 51.6218892 -44.8566828 0.041
    endloop
  endfacet
  facet normal 0 0 1
    outer loop
      vertex 51.9216666 -44.5844579 0.041
      vertex 51.6218892 -44.8566828 0.041
      vertex 51.7558829 -44.9241296 0.041
    endloop
  endfacet
  facet normal 0 0 1
    outer loop
      vertex 51.7558829 -44.9241296 0.041
      vertex 51.6218892 -44.8566828 0.041
      vertex 51.5818133 -45.2596304 0.041
    endloop
  endfacet
  facet normal 0 -0 1
    outer loop
      vertex 51.5818133 -45.2596304 0.041
      vertex 51.6218892 -44.8566828 0.041
      vertex 51.4495151 -45.1889156 0.041
    endloop
  endfacet
  facet normal 0 0 1
    outer loop
      vertex 51.5818133 -45.2596304 0.041
      vertex 51.4495151 -45.1889156 0.041
      vertex 51.3995624 -45.5907584 0.041
    endloop
  endfacet
  facet normal 0 -0 1
    outer loop
      vertex 51.3995624 -45.5907584 0.041
      vertex 51.4495151 -45.1889156 0.041
      vertex 51.2690396 -45.5168181 0.041
    endloop
  endfacet
  facet normal 0 0 1
    outer loop
      vertex 51.3995624 -45.5907584 0.041
      vertex 51.2690396 -45.5168181 0.041
      vertex 51.0805712 -45.8401927 0.041
    endloop
  endfacet
  facet normal 0 0 1
    outer loop
      vertex 51.3995624 -45.5907584 0.041
      vertex 51.0805712 -45.8401927 0.041
      vertex 51.2092402 -45.9173139 0.041
    endloop
  endfacet
  facet normal 0 0 1
    outer loop
      vertex 51.2092402 -45.9173139 0.041
      vertex 51.0805712 -45.8401927 0.041
      vertex 51.0109612 -46.2391003 0.041
    endloop
  endfacet
  facet normal 0 -0 1
    outer loop
      vertex 51.0109612 -46.2391003 0.041
      vertex 51.0805712 -45.8401927 0.041
      vertex 50.8842236 -46.1588446 0.041
    endloop
  endfacet
  facet normal 0 0 1
    outer loop
      vertex 51.0109612 -46.2391003 0.041
      vertex 50.8842236 -46.1588446 0.041
      vertex 50.8048449 -46.5559238 0.041
    endloop
  endfacet
  facet normal 0 -0 1
    outer loop
      vertex 50.8048449 -46.5559238 0.041
      vertex 50.8842236 -46.1588446 0.041
      vertex 50.6801151 -46.472582 0.041
    endloop
  endfacet
  facet normal 0 0 1
    outer loop
      vertex 50.8048449 -46.5559238 0.041
      vertex 50.6801151 -46.472582 0.041
      vertex 50.4683685 -46.7812158 0.041
    endloop
  endfacet
  facet normal 0 0 1
    outer loop
      vertex 50.8048449 -46.5559238 0.041
      vertex 50.4683685 -46.7812158 0.041
      vertex 50.5910155 -46.8675936 0.041
    endloop
  endfacet
  facet normal 0 0 1
    outer loop
      vertex 50.5910155 -46.8675936 0.041
      vertex 50.4683685 -46.7812158 0.041
      vertex 50.2491114 -47.0845602 0.041
    endloop
  endfacet
  facet normal 0 0 1
    outer loop
      vertex 50.5910155 -46.8675936 0.041
      vertex 50.2491114 -47.0845602 0.041
      vertex 50.3696016 -47.1739218 0.041
    endloop
  endfacet
  facet normal 0 0 1
    outer loop
      vertex 50.3696016 -47.1739218 0.041
      vertex 50.2491114 -47.0845602 0.041
      vertex 50.1407368 -47.474724 0.041
    endloop
  endfacet
  facet normal 0 -0 1
    outer loop
      vertex 50.1407368 -47.474724 0.041
      vertex 50.2491114 -47.0845602 0.041
      vertex 50.022476 -47.3824323 0.041
    endloop
  endfacet
  facet normal 0 0 1
    outer loop
      vertex 50.1407368 -47.474724 0.041
      vertex 50.022476 -47.3824323 0.041
      vertex 49.9045589 -47.769819 0.041
    endloop
  endfacet
  facet normal 0 -0 1
    outer loop
      vertex 49.9045589 -47.769819 0.041
      vertex 50.022476 -47.3824323 0.041
      vertex 49.7885986 -47.6746528 0.041
    endloop
  endfacet
  facet normal 0 0 1
    outer loop
      vertex 49.9045589 -47.769819 0.041
      vertex 49.7885986 -47.6746528 0.041
      vertex 49.5476202 -47.9610457 0.041
    endloop
  endfacet
  facet normal 0 0 1
    outer loop
      vertex 49.9045589 -47.769819 0.041
      vertex 49.5476202 -47.9610457 0.041
      vertex 49.6612101 -48.059029 0.041
    endloop
  endfacet
  facet normal 0 0 1
    outer loop
      vertex 49.6612101 -48.059029 0.041
      vertex 49.5476202 -47.9610457 0.041
      vertex 49.299686 -48.2414384 0.041
    endloop
  endfacet
  facet normal 0 0 1
    outer loop
      vertex 49.6612101 -48.059029 0.041
      vertex 49.299686 -48.2414384 0.041
      vertex 49.410837 -48.3421798 0.041
    endloop
  endfacet
  facet normal 0 0 1
    outer loop
      vertex 49.410837 -48.3421798 0.041
      vertex 49.299686 -48.2414384 0.041
      vertex 49.0449453 -48.5156621 0.041
    endloop
  endfacet
  facet normal 0 0 1
    outer loop
      vertex 49.410837 -48.3421798 0.041
      vertex 49.0449453 -48.5156621 0.041
      vertex 49.1535905 -48.6191009 0.041
    endloop
  endfacet
  facet normal 0 0 1
    outer loop
      vertex 49.1535905 -48.6191009 0.041
      vertex 49.0449453 -48.5156621 0.041
      vertex 48.7835515 -48.7835515 0.041
    endloop
  endfacet
  facet normal 0 0 1
    outer loop
      vertex 49.1535905 -48.6191009 0.041
      vertex 48.7835515 -48.7835515 0.041
      vertex 48.8896255 -48.8896255 0.041
    endloop
  endfacet
  facet normal 0 0 1
    outer loop
      vertex 48.8896255 -48.8896255 0.041
      vertex 48.7835515 -48.7835515 0.041
      vertex 48.6191009 -49.1535905 0.041
    endloop
  endfacet
  facet normal 0 -0 1
    outer loop
      vertex 48.6191009 -49.1535905 0.041
      vertex 48.7835515 -48.7835515 0.041
      vertex 48.5156621 -49.0449453 0.041
    endloop
  endfacet
  facet normal 0 0 1
    outer loop
      vertex 38.019942 -53.25 0.041
      vertex 3.4 -53.25 0.041
      vertex 3.4 -53.4 0.041
    endloop
  endfacet
  facet normal 0 -0 1
    outer loop
      vertex 3.4 -53.4 0.041
      vertex 3.4 -53.25 0.041
      vertex 3.25 -53.25 0.041
    endloop
  endfacet
  facet normal 0 0 1
    outer loop
      vertex 3.4 -53.4 0.041
      vertex 3.25 -53.25 0.041
      vertex 3.25 -53.4 0.041
    endloop
  endfacet
  facet normal 0 -0 1
    outer loop
      vertex 3.25 -53.4 0.041
      vertex 3.25 -53.25 0.041
      vertex -3.25 -53.4 0.041
    endloop
  endfacet
  facet normal 0 0 1
    outer loop
      vertex -3.25 -53.4 0.041
      vertex 3.25 -53.25 0.041
      vertex -3.25 -53.25 0.041
    endloop
  endfacet
  facet normal 0 -0 1
    outer loop
      vertex -3.25 -53.4 0.041
      vertex -3.25 -53.25 0.041
      vertex -3.4 -53.25 0.041
    endloop
  endfacet
  facet normal 0 0 1
    outer loop
      vertex -3.25 -53.4 0.041
      vertex -3.4 -53.25 0.041
      vertex -3.4 -53.4 0.041
    endloop
  endfacet
  facet normal 0 -0 1
    outer loop
      vertex -3.4 -53.4 0.041
      vertex -3.4 -53.25 0.041
      vertex -38.019942 -53.25 0.041
    endloop
  endfacet
  facet normal 0 -0 1
    outer loop
      vertex -53.25 -38.019942 0.041
      vertex -53.25 -3.4 0.041
      vertex -53.4 -3.4 0.041
    endloop
  endfacet
  facet normal 0 0 1
    outer loop
      vertex -53.4 -3.4 0.041
      vertex -53.25 -3.4 0.041
      vertex -53.4 -3.25 0.041
    endloop
  endfacet
  facet normal -0 0 1
    outer loop
      vertex -53.4 -3.25 0.041
      vertex -53.25 -3.4 0.041
      vertex -53.25 -3.25 0.041
    endloop
  endfacet
  facet normal 0 0 1
    outer loop
      vertex -53.4 -3.25 0.041
      vertex -53.25 -3.25 0.041
      vertex -53.25 3.25 0.041
    endloop
  endfacet
  facet normal 0 0 1
    outer loop
      vertex -53.4 -3.25 0.041
      vertex -53.25 3.25 0.041
      vertex -53.4 3.25 0.041
    endloop
  endfacet
  facet normal 0 0 1
    outer loop
      vertex -53.4 3.25 0.041
      vertex -53.25 3.25 0.041
      vertex -53.4 3.4 0.041
    endloop
  endfacet
  facet normal -0 0 1
    outer loop
      vertex -53.4 3.4 0.041
      vertex -53.25 3.25 0.041
      vertex -53.25 3.4 0.041
    endloop
  endfacet
  facet normal 0 0 1
    outer loop
      vertex -53.4 3.4 0.041
      vertex -53.25 3.4 0.041
      vertex -53.25 38.019942 0.041
    endloop
  endfacet
  facet normal 0 0 1
    outer loop
      vertex -44.6253921 43.7151025 0.041
      vertex -44.7636523 43.550786 0.041
      vertex -44.647692 43.4556198 0.041
    endloop
  endfacet
  facet normal 0 0 1
    outer loop
      vertex -44.6253921 43.7151025 0.041
      vertex -44.647692 43.4556198 0.041
      vertex -44.5118022 43.6171192 0.041
    endloop
  endfacet
  facet normal -0 0 1
    outer loop
      vertex -44.6253921 43.7151025 0.041
      vertex -44.5118022 43.6171192 0.041
      vertex -44.483141 43.8759765 0.041
    endloop
  endfacet
  facet normal 0 0 1
    outer loop
      vertex -44.483141 43.8759765 0.041
      vertex -44.5118022 43.6171192 0.041
      vertex -44.37199 43.7752351 0.041
    endloop
  endfacet
  facet normal -0 0 1
    outer loop
      vertex -44.483141 43.8759765 0.041
      vertex -44.37199 43.7752351 0.041
      vertex -44.2283395 43.9298721 0.041
    endloop
  endfacet
  facet normal 0 0 1
    outer loop
      vertex -44.483141 43.8759765 0.041
      vertex -44.2283395 43.9298721 0.041
      vertex -44.3369847 44.033311 0.041
    endloop
  endfacet
  facet normal -0 0 1
    outer loop
      vertex -44.3369847 44.033311 0.041
      vertex -44.2283395 43.9298721 0.041
      vertex -44.0809373 44.0809373 0.041
    endloop
  endfacet
  facet normal 0 0 1
    outer loop
      vertex -44.3369847 44.033311 0.041
      vertex -44.0809373 44.0809373 0.041
      vertex -44.1870113 44.1870113 0.041
    endloop
  endfacet
  facet normal -0 0 1
    outer loop
      vertex -44.1870113 44.1870113 0.041
      vertex -44.0809373 44.0809373 0.041
      vertex -44.033311 44.3369847 0.041
    endloop
  endfacet
  facet normal 0 0 1
    outer loop
      vertex -44.033311 44.3369847 0.041
      vertex -44.0809373 44.0809373 0.041
      vertex -43.9298721 44.2283395 0.041
    endloop
  endfacet
  facet normal -0 0 1
    outer loop
      vertex -44.033311 44.3369847 0.041
      vertex -43.9298721 44.2283395 0.041
      vertex -43.8759765 44.483141 0.041
    endloop
  endfacet
  facet normal 0 0 1
    outer loop
      vertex -43.8759765 44.483141 0.041
      vertex -43.9298721 44.2283395 0.041
      vertex -43.7752351 44.37199 0.041
    endloop
  endfacet
  facet normal -0 0 1
    outer loop
      vertex -43.8759765 44.483141 0.041
      vertex -43.7752351 44.37199 0.041
      vertex -43.6171192 44.5118022 0.041
    endloop
  endfacet
  facet normal 0 0 1
    outer loop
      vertex -43.8759765 44.483141 0.041
      vertex -43.6171192 44.5118022 0.041
      vertex -43.7151025 44.6253921 0.041
    endloop
  endfacet
  facet normal -0 0 1
    outer loop
      vertex -43.7151025 44.6253921 0.041
      vertex -43.6171192 44.5118022 0.041
      vertex -43.550786 44.7636523 0.041
    endloop
  endfacet
  facet normal 0 0 1
    outer loop
      vertex -43.550786 44.7636523 0.041
      vertex -43.6171192 44.5118022 0.041
      vertex -43.4556198 44.647692 0.041
    endloop
  endfacet
  facet normal -0 0 1
    outer loop
      vertex -43.550786 44.7636523 0.041
      vertex -43.4556198 44.647692 0.041
      vertex -43.3831258 44.8978383 0.041
    endloop
  endfacet
  facet normal 0 0 1
    outer loop
      vertex -43.3831258 44.8978383 0.041
      vertex -43.4556198 44.647692 0.041
      vertex -43.2908342 44.7795774 0.041
    endloop
  endfacet
  facet normal -0 0 1
    outer loop
      vertex -43.3831258 44.8978383 0.041
      vertex -43.2908342 44.7795774 0.041
      vertex -43.1228615 44.9073791 0.041
    endloop
  endfacet
  facet normal 0 0 1
    outer loop
      vertex -43.3831258 44.8978383 0.041
      vertex -43.1228615 44.9073791 0.041
      vertex -43.2122231 45.0278693 0.041
    endloop
  endfacet
  facet normal -0 0 1
    outer loop
      vertex -43.2122231 45.0278693 0.041
      vertex -43.1228615 44.9073791 0.041
      vertex -43.0381808 45.153667 0.041
    endloop
  endfacet
  facet normal 0 0 1
    outer loop
      vertex -43.0381808 45.153667 0.041
      vertex -43.1228615 44.9073791 0.041
      vertex -42.951803 45.0310201 0.041
    endloop
  endfacet
  facet normal -0 0 1
    outer loop
      vertex -43.0381808 45.153667 0.041
      vertex -42.951803 45.0310201 0.041
      vertex -42.8611036 45.2751556 0.041
    endloop
  endfacet
  facet normal 0 0 1
    outer loop
      vertex -42.8611036 45.2751556 0.041
      vertex -42.951803 45.0310201 0.041
      vertex -42.7777618 45.1504258 0.041
    endloop
  endfacet
  facet normal 0 0 1
    outer loop
      vertex -42.8611036 45.2751556 0.041
      vertex -42.7777618 45.1504258 0.041
      vertex -42.6008426 45.2655244 0.041
    endloop
  endfacet
  facet normal -0 0 1
    outer loop
      vertex -42.8611036 45.2751556 0.041
      vertex -42.6008426 45.2655244 0.041
      vertex -42.6810982 45.3922619 0.041
    endloop
  endfacet
  facet normal 0 0 1
    outer loop
      vertex -42.6810982 45.3922619 0.041
      vertex -42.6008426 45.2655244 0.041
      vertex -42.421152 45.3762464 0.041
    endloop
  endfacet
  facet normal -0 0 1
    outer loop
      vertex -42.6810982 45.3922619 0.041
      vertex -42.421152 45.3762464 0.041
      vertex -42.4982732 45.5049154 0.041
    endloop
  endfacet
  facet normal -0 0 1
    outer loop
      vertex -42.4982732 45.5049154 0.041
      vertex -42.421152 45.3762464 0.041
      vertex -42.3127386 45.6130482 0.041
    endloop
  endfacet
  facet normal 0 0 1
    outer loop
      vertex -42.3127386 45.6130482 0.041
      vertex -42.421152 45.3762464 0.041
      vertex -42.2387983 45.4825254 0.041
    endloop
  endfacet
  facet normal -0 0 1
    outer loop
      vertex -42.3127386 45.6130482 0.041
      vertex -42.2387983 45.4825254 0.041
      vertex -42.1246061 45.7165952 0.041
    endloop
  endfacet
  facet normal 0 0 1
    outer loop
      vertex -42.1246061 45.7165952 0.041
      vertex -42.2387983 45.4825254 0.041
      vertex -42.0538912 45.5842971 0.041
    endloop
  endfacet
  facet normal 0 0 1
    outer loop
      vertex -42.1246061 45.7165952 0.041
      vertex -42.0538912 45.5842971 0.041
      vertex -41.8665423 45.6815003 0.041
    endloop
  endfacet
  facet normal -0 0 1
    outer loop
      vertex -42.1246061 45.7165952 0.041
      vertex -41.8665423 45.6815003 0.041
      vertex -41.9339891 45.815494 0.041
    endloop
  endfacet
  facet normal 0 0 1
    outer loop
      vertex -41.9339891 45.815494 0.041
      vertex -41.8665423 45.6815003 0.041
      vertex -41.6768643 45.7740765 0.041
    endloop
  endfacet
  facet normal -0 0 1
    outer loop
      vertex -41.9339891 45.815494 0.041
      vertex -41.6768643 45.7740765 0.041
      vertex -41.7410024 45.9096851 0.041
    endloop
  endfacet
  facet normal -0 0 1
    outer loop
      vertex -41.7410024 45.9096851 0.041
      vertex -41.6768643 45.7740765 0.041
      vertex -41.5457623 45.9991116 0.041
    endloop
  endfacet
  facet normal 0 0 1
    outer loop
      vertex -41.5457623 45.9991116 0.041
      vertex -41.6768643 45.7740765 0.041
      vertex -41.4849715 45.8619698 0.041
    endloop
  endfacet
  facet normal 0 0 1
    outer loop
      vertex -41.5457623 45.9991116 0.041
      vertex -41.4849715 45.8619698 0.041
      vertex -41.2909795 45.9451274 0.041
    endloop
  endfacet
  facet normal -0 0 1
    outer loop
      vertex -41.5457623 45.9991116 0.041
      vertex -41.2909795 45.9451274 0.041
      vertex -41.3483864 46.0837198 0.041
    endloop
  endfacet
  facet normal 0 0 1
    outer loop
      vertex -41.3483864 46.0837198 0.041
      vertex -41.2909795 45.9451274 0.041
      vertex -41.0950052 46.0234992 0.041
    endloop
  endfacet
  facet normal -0 0 1
    outer loop
      vertex -41.3483864 46.0837198 0.041
      vertex -41.0950052 46.0234992 0.041
      vertex -41.1489935 46.1634587 0.041
    endloop
  endfacet
  facet normal -0 0 1
    outer loop
      vertex -41.1489935 46.1634587 0.041
      vertex -41.0950052 46.0234992 0.041
      vertex -40.9477038 46.2382801 0.041
    endloop
  endfacet
  facet normal 0 0 1
    outer loop
      vertex -40.9477038 46.2382801 0.041
      vertex -41.0950052 46.0234992 0.041
      vertex -40.8971665 46.0970379 0.041
    endloop
  endfacet
  facet normal 0 0 1
    outer loop
      vertex -40.9477038 46.2382801 0.041
      vertex -40.8971665 46.0970379 0.041
      vertex -40.6975827 46.1656992 0.041
    endloop
  endfacet
  facet normal -0 0 1
    outer loop
      vertex -40.9477038 46.2382801 0.041
      vertex -40.6975827 46.1656992 0.041
      vertex -40.7446385 46.3081392 0.041
    endloop
  endfacet
  facet normal 0 0 1
    outer loop
      vertex -40.7446385 46.3081392 0.041
      vertex -40.6975827 46.1656992 0.041
      vertex -40.4963739 46.2294419 0.041
    endloop
  endfacet
  facet normal -0 0 1
    outer loop
      vertex -40.7446385 46.3081392 0.041
      vertex -40.4963739 46.2294419 0.041
      vertex -40.5399199 46.3729937 0.041
    endloop
  endfacet
  facet normal 0 0 1
    outer loop
      vertex -40.5399199 46.3729937 0.041
      vertex -40.4963739 46.2294419 0.041
      vertex -40.2936614 46.2882274 0.041
    endloop
  endfacet
  facet normal -0 0 1
    outer loop
      vertex -40.5399199 46.3729937 0.041
      vertex -40.2936614 46.2882274 0.041
      vertex -40.3336714 46.4328047 0.041
    endloop
  endfacet
  facet normal 0 0 1
    outer loop
      vertex -40.3336714 46.4328047 0.041
      vertex -40.2936614 46.2882274 0.041
      vertex -40.0895673 46.3420204 0.041
    endloop
  endfacet
  facet normal -0 0 1
    outer loop
      vertex -40.3336714 46.4328047 0.041
      vertex -40.0895673 46.3420204 0.041
      vertex -40.1260171 46.4875361 0.041
    endloop
  endfacet
  facet normal -0 0 1
    outer loop
      vertex -40.1260171 46.4875361 0.041
      vertex -40.0895673 46.3420204 0.041
      vertex -39.9170822 46.5371548 0.041
    endloop
  endfacet
  facet normal 0 0 1
    outer loop
      vertex -39.9170822 46.5371548 0.041
      vertex -40.0895673 46.3420204 0.041
      vertex -39.8842146 46.3907885 0.041
    endloop
  endfacet
  facet normal -0 0 1
    outer loop
      vertex -39.9170822 46.5371548 0.041
      vertex -39.8842146 46.3907885 0.041
      vertex -39.7069926 46.5816312 0.041
    endloop
  endfacet
  facet normal 0 0 1
    outer loop
      vertex -39.7069926 46.5816312 0.041
      vertex -39.8842146 46.3907885 0.041
      vertex -39.6777268 46.4345023 0.041
    endloop
  endfacet
  facet normal 0 0 1
    outer loop
      vertex -39.7069926 46.5816312 0.041
      vertex -39.6777268 46.4345023 0.041
      vertex -39.4702285 46.4731355 0.041
    endloop
  endfacet
  facet normal -0 0 1
    outer loop
      vertex -39.7069926 46.5816312 0.041
      vertex -39.4702285 46.4731355 0.041
      vertex -39.4958747 46.6209382 0.041
    endloop
  endfacet
  facet normal 0 0 1
    outer loop
      vertex -39.4958747 46.6209382 0.041
      vertex -39.4702285 46.4731355 0.041
      vertex -39.2618445 46.5066647 0.041
    endloop
  endfacet
  facet normal -0 0 1
    outer loop
      vertex -39.4958747 46.6209382 0.041
      vertex -39.2618445 46.5066647 0.041
      vertex -39.2838557 46.6550524 0.041
    endloop
  endfacet
  facet normal -0 0 1
    outer loop
      vertex -39.2838557 46.6550524 0.041
      vertex -39.2618445 46.5066647 0.041
      vertex -39.0710634 46.683953 0.041
    endloop
  endfacet
  facet normal 0 0 1
    outer loop
      vertex -39.0710634 46.683953 0.041
      vertex -39.2618445 46.5066647 0.041
      vertex -39.0527005 46.5350699 0.041
    endloop
  endfacet
  facet normal 0 0 1
    outer loop
      vertex -39.0710634 46.683953 0.041
      vertex -39.0527005 46.5350699 0.041
      vertex -38.8429223 46.5583338 0.041
    endloop
  endfacet
  facet normal -0 0 1
    outer loop
      vertex -39.0710634 46.683953 0.041
      vertex -38.8429223 46.5583338 0.041
      vertex -38.857626 46.7076228 0.041
    endloop
  endfacet
  facet normal 0 0 1
    outer loop
      vertex -38.857626 46.7076228 0.041
      vertex -38.8429223 46.5583338 0.041
      vertex -38.6326364 46.5764426 0.041
    endloop
  endfacet
  facet normal -0 0 1
    outer loop
      vertex -38.857626 46.7076228 0.041
      vertex -38.6326364 46.5764426 0.041
      vertex -38.6436719 46.7260474 0.041
    endloop
  endfacet
  facet normal -0 0 1
    outer loop
      vertex -38.6436719 46.7260474 0.041
      vertex -38.6326364 46.5764426 0.041
      vertex -38.4293301 46.7392158 0.041
    endloop
  endfacet
  facet normal 0 0 1
    outer loop
      vertex -38.4293301 46.7392158 0.041
      vertex -38.6326364 46.5764426 0.041
      vertex -38.4219694 46.5893852 0.041
    endloop
  endfacet
  facet normal 0 0 1
    outer loop
      vertex -38.4293301 46.7392158 0.041
      vertex -38.4219694 46.5893852 0.041
      vertex -38.2110483 46.5971539 0.041
    endloop
  endfacet
  facet normal -0 0 1
    outer loop
      vertex -38.4293301 46.7392158 0.041
      vertex -38.2110483 46.5971539 0.041
      vertex -38.2147297 46.74712 0.041
    endloop
  endfacet
  facet normal -0 0 1
    outer loop
      vertex -38.2147297 46.74712 0.041
      vertex -38.2110483 46.5971539 0.041
      vertex -37.980058 46.75 0.041
    endloop
  endfacet
  facet normal 0 0 1
    outer loop
      vertex -37.980058 46.75 0.041
      vertex -38.2110483 46.5971539 0.041
      vertex -37.9791376 46.6 0.041
    endloop
  endfacet
  facet normal -0 0 1
    outer loop
      vertex -37.980058 46.75 0.041
      vertex -37.9791376 46.6 0.041
      vertex -3.4 46.75 0.041
    endloop
  endfacet
  facet normal -0 0 1
    outer loop
      vertex -3.4 53.25 0.041
      vertex -3.4 46.75 0.041
      vertex -3.25 53.25 0.041
    endloop
  endfacet
  facet normal -0 0 1
    outer loop
      vertex 3.25 53.25 0.041
      vertex 3.25 46.75 0.041
      vertex 3.4 53.25 0.041
    endloop
  endfacet
  facet normal 0 0 1
    outer loop
      vertex 3.4 53.25 0.041
      vertex 3.25 46.75 0.041
      vertex 3.4 46.75 0.041
    endloop
  endfacet
  facet normal 0 0 1
    outer loop
      vertex 37.980058 46.75 0.041
      vertex 3.4 46.75 0.041
      vertex 37.9791376 46.6 0.041
    endloop
  endfacet
  facet normal 0 0 1
    outer loop
      vertex 37.980058 46.75 0.041
      vertex 37.9791376 46.6 0.041
      vertex 38.2110483 46.5971539 0.041
    endloop
  endfacet
  facet normal 0 0 1
    outer loop
      vertex 37.980058 46.75 0.041
      vertex 38.2110483 46.5971539 0.041
      vertex 38.2147297 46.74712 0.041
    endloop
  endfacet
  facet normal 0 0 1
    outer loop
      vertex 38.2147297 46.74712 0.041
      vertex 38.2110483 46.5971539 0.041
      vertex 38.4293301 46.7392158 0.041
    endloop
  endfacet
  facet normal 0 0 1
    outer loop
      vertex 38.4293301 46.7392158 0.041
      vertex 38.2110483 46.5971539 0.041
      vertex 38.4219694 46.5893852 0.041
    endloop
  endfacet
  facet normal 0 0 1
    outer loop
      vertex 38.4293301 46.7392158 0.041
      vertex 38.4219694 46.5893852 0.041
      vertex 38.6326364 46.5764426 0.041
    endloop
  endfacet
  facet normal 0 0 1
    outer loop
      vertex 38.4293301 46.7392158 0.041
      vertex 38.6326364 46.5764426 0.041
      vertex 38.6436719 46.7260474 0.041
    endloop
  endfacet
  facet normal 0 0 1
    outer loop
      vertex 38.6436719 46.7260474 0.041
      vertex 38.6326364 46.5764426 0.041
      vertex 38.857626 46.7076228 0.041
    endloop
  endfacet
  facet normal 0 0 1
    outer loop
      vertex 38.857626 46.7076228 0.041
      vertex 38.6326364 46.5764426 0.041
      vertex 38.8429223 46.5583338 0.041
    endloop
  endfacet
  facet normal 0 0 1
    outer loop
      vertex 38.857626 46.7076228 0.041
      vertex 38.8429223 46.5583338 0.041
      vertex 39.0710634 46.683953 0.041
    endloop
  endfacet
  facet normal 0 0 1
    outer loop
      vertex 39.0710634 46.683953 0.041
      vertex 38.8429223 46.5583338 0.041
      vertex 39.0527005 46.5350699 0.041
    endloop
  endfacet
  facet normal 0 0 1
    outer loop
      vertex 39.0710634 46.683953 0.041
      vertex 39.0527005 46.5350699 0.041
      vertex 39.2618445 46.5066647 0.041
    endloop
  endfacet
  facet normal 0 0 1
    outer loop
      vertex 39.0710634 46.683953 0.041
      vertex 39.2618445 46.5066647 0.041
      vertex 39.2838557 46.6550524 0.041
    endloop
  endfacet
  facet normal 0 0 1
    outer loop
      vertex 39.2838557 46.6550524 0.041
      vertex 39.2618445 46.5066647 0.041
      vertex 39.4958747 46.6209382 0.041
    endloop
  endfacet
  facet normal 0 0 1
    outer loop
      vertex 39.4958747 46.6209382 0.041
      vertex 39.2618445 46.5066647 0.041
      vertex 39.4702285 46.4731355 0.041
    endloop
  endfacet
  facet normal 0 0 1
    outer loop
      vertex 39.4958747 46.6209382 0.041
      vertex 39.4702285 46.4731355 0.041
      vertex 39.7069926 46.5816312 0.041
    endloop
  endfacet
  facet normal 0 0 1
    outer loop
      vertex 39.7069926 46.5816312 0.041
      vertex 39.4702285 46.4731355 0.041
      vertex 39.6777268 46.4345023 0.041
    endloop
  endfacet
  facet normal 0 0 1
    outer loop
      vertex 39.7069926 46.5816312 0.041
      vertex 39.6777268 46.4345023 0.041
      vertex 39.8842146 46.3907885 0.041
    endloop
  endfacet
  facet normal 0 0 1
    outer loop
      vertex 39.7069926 46.5816312 0.041
      vertex 39.8842146 46.3907885 0.041
      vertex 39.9170822 46.5371548 0.041
    endloop
  endfacet
  facet normal 0 0 1
    outer loop
      vertex 39.9170822 46.5371548 0.041
      vertex 39.8842146 46.3907885 0.041
      vertex 40.0895673 46.3420204 0.041
    endloop
  endfacet
  facet normal 0 0 1
    outer loop
      vertex 39.9170822 46.5371548 0.041
      vertex 40.0895673 46.3420204 0.041
      vertex 40.1260171 46.4875361 0.041
    endloop
  endfacet
  facet normal 0 0 1
    outer loop
      vertex 40.1260171 46.4875361 0.041
      vertex 40.0895673 46.3420204 0.041
      vertex 40.3336714 46.4328047 0.041
    endloop
  endfacet
  facet normal 0 0 1
    outer loop
      vertex 40.3336714 46.4328047 0.041
      vertex 40.0895673 46.3420204 0.041
      vertex 40.2936614 46.2882274 0.041
    endloop
  endfacet
  facet normal 0 0 1
    outer loop
      vertex 40.3336714 46.4328047 0.041
      vertex 40.2936614 46.2882274 0.041
      vertex 40.5399199 46.3729937 0.041
    endloop
  endfacet
  facet normal 0 0 1
    outer loop
      vertex 40.5399199 46.3729937 0.041
      vertex 40.2936614 46.2882274 0.041
      vertex 40.4963739 46.2294419 0.041
    endloop
  endfacet
  facet normal 0 0 1
    outer loop
      vertex 40.5399199 46.3729937 0.041
      vertex 40.4963739 46.2294419 0.041
      vertex 40.7446385 46.3081392 0.041
    endloop
  endfacet
  facet normal 0 0 1
    outer loop
      vertex 40.7446385 46.3081392 0.041
      vertex 40.4963739 46.2294419 0.041
      vertex 40.6975827 46.1656992 0.041
    endloop
  endfacet
  facet normal 0 0 1
    outer loop
      vertex 40.7446385 46.3081392 0.041
      vertex 40.6975827 46.1656992 0.041
      vertex 40.9477038 46.2382801 0.041
    endloop
  endfacet
  facet normal 0 0 1
    outer loop
      vertex 40.9477038 46.2382801 0.041
      vertex 40.6975827 46.1656992 0.041
      vertex 40.8971665 46.0970379 0.041
    endloop
  endfacet
  facet normal 0 0 1
    outer loop
      vertex 40.9477038 46.2382801 0.041
      vertex 40.8971665 46.0970379 0.041
      vertex 41.0950052 46.0234992 0.041
    endloop
  endfacet
  facet normal 0 0 1
    outer loop
      vertex 40.9477038 46.2382801 0.041
      vertex 41.0950052 46.0234992 0.041
      vertex 41.1489935 46.1634587 0.041
    endloop
  endfacet
  facet normal 0 0 1
    outer loop
      vertex 41.1489935 46.1634587 0.041
      vertex 41.0950052 46.0234992 0.041
      vertex 41.3483864 46.0837198 0.041
    endloop
  endfacet
  facet normal 0 0 1
    outer loop
      vertex 41.3483864 46.0837198 0.041
      vertex 41.0950052 46.0234992 0.041
      vertex 41.2909795 45.9451274 0.041
    endloop
  endfacet
  facet normal 0 0 1
    outer loop
      vertex 41.3483864 46.0837198 0.041
      vertex 41.2909795 45.9451274 0.041
      vertex 41.5457623 45.9991116 0.041
    endloop
  endfacet
  facet normal 0 0 1
    outer loop
      vertex 41.5457623 45.9991116 0.041
      vertex 41.2909795 45.9451274 0.041
      vertex 41.4849715 45.8619698 0.041
    endloop
  endfacet
  facet normal 0 0 1
    outer loop
      vertex 41.5457623 45.9991116 0.041
      vertex 41.4849715 45.8619698 0.041
      vertex 41.6768643 45.7740765 0.041
    endloop
  endfacet
  facet normal 0 0 1
    outer loop
      vertex 41.5457623 45.9991116 0.041
      vertex 41.6768643 45.7740765 0.041
      vertex 41.7410024 45.9096851 0.041
    endloop
  endfacet
  facet normal 0 0 1
    outer loop
      vertex 41.7410024 45.9096851 0.041
      vertex 41.6768643 45.7740765 0.041
      vertex 41.9339891 45.815494 0.041
    endloop
  endfacet
  facet normal 0 0 1
    outer loop
      vertex 41.9339891 45.815494 0.041
      vertex 41.6768643 45.7740765 0.041
      vertex 41.8665423 45.6815003 0.041
    endloop
  endfacet
  facet normal 0 0 1
    outer loop
      vertex 41.9339891 45.815494 0.041
      vertex 41.8665423 45.6815003 0.041
      vertex 42.1246061 45.7165952 0.041
    endloop
  endfacet
  facet normal 0 0 1
    outer loop
      vertex 42.1246061 45.7165952 0.041
      vertex 41.8665423 45.6815003 0.041
      vertex 42.0538912 45.5842971 0.041
    endloop
  endfacet
  facet normal 0 0 1
    outer loop
      vertex 42.1246061 45.7165952 0.041
      vertex 42.0538912 45.5842971 0.041
      vertex 42.2387983 45.4825254 0.041
    endloop
  endfacet
  facet normal 0 0 1
    outer loop
      vertex 42.1246061 45.7165952 0.041
      vertex 42.2387983 45.4825254 0.041
      vertex 42.3127386 45.6130482 0.041
    endloop
  endfacet
  facet normal 0 0 1
    outer loop
      vertex 42.3127386 45.6130482 0.041
      vertex 42.2387983 45.4825254 0.041
      vertex 42.421152 45.3762464 0.041
    endloop
  endfacet
  facet normal 0 0 1
    outer loop
      vertex 42.3127386 45.6130482 0.041
      vertex 42.421152 45.3762464 0.041
      vertex 42.4982732 45.5049154 0.041
    endloop
  endfacet
  facet normal 0 0 1
    outer loop
      vertex 42.4982732 45.5049154 0.041
      vertex 42.421152 45.3762464 0.041
      vertex 42.6810982 45.3922619 0.041
    endloop
  endfacet
  facet normal 0 0 1
    outer loop
      vertex 42.6810982 45.3922619 0.041
      vertex 42.421152 45.3762464 0.041
      vertex 42.6008426 45.2655244 0.041
    endloop
  endfacet
  facet normal 0 0 1
    outer loop
      vertex 42.6810982 45.3922619 0.041
      vertex 42.6008426 45.2655244 0.041
      vertex 42.8611036 45.2751556 0.041
    endloop
  endfacet
  facet normal 0 0 1
    outer loop
      vertex 42.8611036 45.2751556 0.041
      vertex 42.6008426 45.2655244 0.041
      vertex 42.7777618 45.1504258 0.041
    endloop
  endfacet
  facet normal 0 0 1
    outer loop
      vertex 42.8611036 45.2751556 0.041
      vertex 42.7777618 45.1504258 0.041
      vertex 43.0381808 45.153667 0.041
    endloop
  endfacet
  facet normal 0 0 1
    outer loop
      vertex 43.0381808 45.153667 0.041
      vertex 42.7777618 45.1504258 0.041
      vertex 42.951803 45.0310201 0.041
    endloop
  endfacet
  facet normal 0 0 1
    outer loop
      vertex 43.0381808 45.153667 0.041
      vertex 42.951803 45.0310201 0.041
      vertex 43.1228615 44.9073791 0.041
    endloop
  endfacet
  facet normal 0 0 1
    outer loop
      vertex 43.0381808 45.153667 0.041
      vertex 43.1228615 44.9073791 0.041
      vertex 43.2122231 45.0278693 0.041
    endloop
  endfacet
  facet normal 0 0 1
    outer loop
      vertex 43.2122231 45.0278693 0.041
      vertex 43.1228615 44.9073791 0.041
      vertex 43.2908342 44.7795774 0.041
    endloop
  endfacet
  facet normal 0 0 1
    outer loop
      vertex 43.2122231 45.0278693 0.041
      vertex 43.2908342 44.7795774 0.041
      vertex 43.3831258 44.8978383 0.041
    endloop
  endfacet
  facet normal 0 0 1
    outer loop
      vertex 43.3831258 44.8978383 0.041
      vertex 43.2908342 44.7795774 0.041
      vertex 43.550786 44.7636523 0.041
    endloop
  endfacet
  facet normal 0 0 1
    outer loop
      vertex 43.550786 44.7636523 0.041
      vertex 43.2908342 44.7795774 0.041
      vertex 43.4556198 44.647692 0.041
    endloop
  endfacet
  facet normal 0 0 1
    outer loop
      vertex 43.550786 44.7636523 0.041
      vertex 43.4556198 44.647692 0.041
      vertex 43.7151025 44.6253921 0.041
    endloop
  endfacet
  facet normal 0 0 1
    outer loop
      vertex 43.7151025 44.6253921 0.041
      vertex 43.4556198 44.647692 0.041
      vertex 43.6171192 44.5118022 0.041
    endloop
  endfacet
  facet normal 0 0 1
    outer loop
      vertex 43.7151025 44.6253921 0.041
      vertex 43.6171192 44.5118022 0.041
      vertex 43.8759765 44.483141 0.041
    endloop
  endfacet
  facet normal 0 0 1
    outer loop
      vertex 43.8759765 44.483141 0.041
      vertex 43.6171192 44.5118022 0.041
      vertex 43.7752351 44.37199 0.041
    endloop
  endfacet
  facet normal 0 0 1
    outer loop
      vertex 43.8759765 44.483141 0.041
      vertex 43.7752351 44.37199 0.041
      vertex 43.9298721 44.2283395 0.041
    endloop
  endfacet
  facet normal 0 0 1
    outer loop
      vertex 43.8759765 44.483141 0.041
      vertex 43.9298721 44.2283395 0.041
      vertex 44.033311 44.3369847 0.041
    endloop
  endfacet
  facet normal 0 0 1
    outer loop
      vertex 44.033311 44.3369847 0.041
      vertex 43.9298721 44.2283395 0.041
      vertex 44.0809373 44.0809373 0.041
    endloop
  endfacet
  facet normal 0 0 1
    outer loop
      vertex 44.033311 44.3369847 0.041
      vertex 44.0809373 44.0809373 0.041
      vertex 44.1870113 44.1870113 0.041
    endloop
  endfacet
  facet normal 0 0 1
    outer loop
      vertex 44.1870113 44.1870113 0.041
      vertex 44.0809373 44.0809373 0.041
      vertex 44.3369847 44.033311 0.041
    endloop
  endfacet
  facet normal 0 0 1
    outer loop
      vertex 44.3369847 44.033311 0.041
      vertex 44.0809373 44.0809373 0.041
      vertex 44.2283395 43.9298721 0.041
    endloop
  endfacet
  facet normal 0 0 1
    outer loop
      vertex 44.3369847 44.033311 0.041
      vertex 44.2283395 43.9298721 0.041
      vertex 44.483141 43.8759765 0.041
    endloop
  endfacet
  facet normal 0 0 1
    outer loop
      vertex 44.483141 43.8759765 0.041
      vertex 44.2283395 43.9298721 0.041
      vertex 44.37199 43.7752351 0.041
    endloop
  endfacet
  facet normal 0 0 1
    outer loop
      vertex 44.483141 43.8759765 0.041
      vertex 44.37199 43.7752351 0.041
      vertex 44.5118022 43.6171192 0.041
    endloop
  endfacet
  facet normal 0 0 1
    outer loop
      vertex 44.483141 43.8759765 0.041
      vertex 44.5118022 43.6171192 0.041
      vertex 44.6253921 43.7151025 0.041
    endloop
  endfacet
  facet normal 0 0 1
    outer loop
      vertex 44.6253921 43.7151025 0.041
      vertex 44.5118022 43.6171192 0.041
      vertex 44.647692 43.4556198 0.041
    endloop
  endfacet
  facet normal 0 0 1
    outer loop
      vertex 44.6253921 43.7151025 0.041
      vertex 44.647692 43.4556198 0.041
      vertex 44.7636523 43.550786 0.041
    endloop
  endfacet
  facet normal 0 0 1
    outer loop
      vertex 44.7636523 43.550786 0.041
      vertex 44.647692 43.4556198 0.041
      vertex 44.7795774 43.2908342 0.041
    endloop
  endfacet
  facet normal 0 0 1
    outer loop
      vertex 44.7636523 43.550786 0.041
      vertex 44.7795774 43.2908342 0.041
      vertex 44.8978383 43.3831258 0.041
    endloop
  endfacet
  facet normal 0 0 1
    outer loop
      vertex 44.8978383 43.3831258 0.041
      vertex 44.7795774 43.2908342 0.041
      vertex 45.0278693 43.2122231 0.041
    endloop
  endfacet
  facet normal 0 0 1
    outer loop
      vertex 45.0278693 43.2122231 0.041
      vertex 44.7795774 43.2908342 0.041
      vertex 44.9073791 43.1228615 0.041
    endloop
  endfacet
  facet normal 0 0 1
    outer loop
      vertex 45.0278693 43.2122231 0.041
      vertex 44.9073791 43.1228615 0.041
      vertex 45.153667 43.0381808 0.041
    endloop
  endfacet
  facet normal 0 0 1
    outer loop
      vertex 45.153667 43.0381808 0.041
      vertex 44.9073791 43.1228615 0.041
      vertex 45.0310201 42.951803 0.041
    endloop
  endfacet
  facet normal 0 0 1
    outer loop
      vertex 45.153667 43.0381808 0.041
      vertex 45.0310201 42.951803 0.041
      vertex 45.1504258 42.7777618 0.041
    endloop
  endfacet
  facet normal 0 0 1
    outer loop
      vertex 45.153667 43.0381808 0.041
      vertex 45.1504258 42.7777618 0.041
      vertex 45.2751556 42.8611036 0.041
    endloop
  endfacet
  facet normal 0 0 1
    outer loop
      vertex 45.2751556 42.8611036 0.041
      vertex 45.1504258 42.7777618 0.041
      vertex 45.2655244 42.6008426 0.041
    endloop
  endfacet
  facet normal 0 0 1
    outer loop
      vertex 45.2751556 42.8611036 0.041
      vertex 45.2655244 42.6008426 0.041
      vertex 45.3922619 42.6810982 0.041
    endloop
  endfacet
  facet normal 0 0 1
    outer loop
      vertex 45.3922619 42.6810982 0.041
      vertex 45.2655244 42.6008426 0.041
      vertex 45.3762464 42.421152 0.041
    endloop
  endfacet
  facet normal 0 0 1
    outer loop
      vertex 45.3922619 42.6810982 0.041
      vertex 45.3762464 42.421152 0.041
      vertex 45.5049154 42.4982732 0.041
    endloop
  endfacet
  facet normal 0 0 1
    outer loop
      vertex 45.5049154 42.4982732 0.041
      vertex 45.3762464 42.421152 0.041
      vertex 45.6130482 42.3127386 0.041
    endloop
  endfacet
  facet normal 0 0 1
    outer loop
      vertex 45.6130482 42.3127386 0.041
      vertex 45.3762464 42.421152 0.041
      vertex 45.4825254 42.2387983 0.041
    endloop
  endfacet
  facet normal 0 0 1
    outer loop
      vertex 45.6130482 42.3127386 0.041
      vertex 45.4825254 42.2387983 0.041
      vertex 45.7165952 42.1246061 0.041
    endloop
  endfacet
  facet normal 0 0 1
    outer loop
      vertex 45.7165952 42.1246061 0.041
      vertex 45.4825254 42.2387983 0.041
      vertex 45.5842971 42.0538912 0.041
    endloop
  endfacet
  facet normal 0 0 1
    outer loop
      vertex 45.7165952 42.1246061 0.041
      vertex 45.5842971 42.0538912 0.041
      vertex 45.6815003 41.8665423 0.041
    endloop
  endfacet
  facet normal 0 0 1
    outer loop
      vertex 45.7165952 42.1246061 0.041
      vertex 45.6815003 41.8665423 0.041
      vertex 45.815494 41.9339891 0.041
    endloop
  endfacet
  facet normal 0 0 1
    outer loop
      vertex 45.815494 41.9339891 0.041
      vertex 45.6815003 41.8665423 0.041
      vertex 45.7740765 41.6768643 0.041
    endloop
  endfacet
  facet normal 0 0 1
    outer loop
      vertex 45.815494 41.9339891 0.041
      vertex 45.7740765 41.6768643 0.041
      vertex 45.9096851 41.7410024 0.041
    endloop
  endfacet
  facet normal 0 0 1
    outer loop
      vertex 45.9096851 41.7410024 0.041
      vertex 45.7740765 41.6768643 0.041
      vertex 45.9991116 41.5457623 0.041
    endloop
  endfacet
  facet normal 0 0 1
    outer loop
      vertex 45.9991116 41.5457623 0.041
      vertex 45.7740765 41.6768643 0.041
      vertex 45.8619698 41.4849715 0.041
    endloop
  endfacet
  facet normal 0 0 1
    outer loop
      vertex 45.9991116 41.5457623 0.041
      vertex 45.8619698 41.4849715 0.041
      vertex 45.9451274 41.2909795 0.041
    endloop
  endfacet
  facet normal 0 0 1
    outer loop
      vertex 45.9991116 41.5457623 0.041
      vertex 45.9451274 41.2909795 0.041
      vertex 46.0837198 41.3483864 0.041
    endloop
  endfacet
  facet normal 0 0 1
    outer loop
      vertex 46.0837198 41.3483864 0.041
      vertex 45.9451274 41.2909795 0.041
      vertex 46.0234992 41.0950052 0.041
    endloop
  endfacet
  facet normal 0 0 1
    outer loop
      vertex 46.0837198 41.3483864 0.041
      vertex 46.0234992 41.0950052 0.041
      vertex 46.1634587 41.1489935 0.041
    endloop
  endfacet
  facet normal 0 0 1
    outer loop
      vertex 46.1634587 41.1489935 0.041
      vertex 46.0234992 41.0950052 0.041
      vertex 46.2382801 40.9477038 0.041
    endloop
  endfacet
  facet normal 0 0 1
    outer loop
      vertex 46.2382801 40.9477038 0.041
      vertex 46.0234992 41.0950052 0.041
      vertex 46.0970379 40.8971665 0.041
    endloop
  endfacet
  facet normal 0 0 1
    outer loop
      vertex 46.2382801 40.9477038 0.041
      vertex 46.0970379 40.8971665 0.041
      vertex 46.1656992 40.6975827 0.041
    endloop
  endfacet
  facet normal 0 0 1
    outer loop
      vertex 46.2382801 40.9477038 0.041
      vertex 46.1656992 40.6975827 0.041
      vertex 46.3081392 40.7446385 0.041
    endloop
  endfacet
  facet normal 0 0 1
    outer loop
      vertex 46.3081392 40.7446385 0.041
      vertex 46.1656992 40.6975827 0.041
      vertex 46.2294419 40.4963739 0.041
    endloop
  endfacet
  facet normal 0 0 1
    outer loop
      vertex 46.3081392 40.7446385 0.041
      vertex 46.2294419 40.4963739 0.041
      vertex 46.3729937 40.5399199 0.041
    endloop
  endfacet
  facet normal 0 0 1
    outer loop
      vertex 46.3729937 40.5399199 0.041
      vertex 46.2294419 40.4963739 0.041
      vertex 46.2882274 40.2936614 0.041
    endloop
  endfacet
  facet normal 0 0 1
    outer loop
      vertex 46.3729937 40.5399199 0.041
      vertex 46.2882274 40.2936614 0.041
      vertex 46.4328047 40.3336714 0.041
    endloop
  endfacet
  facet normal 0 0 1
    outer loop
      vertex 46.4328047 40.3336714 0.041
      vertex 46.2882274 40.2936614 0.041
      vertex 46.3420204 40.0895673 0.041
    endloop
  endfacet
  facet normal 0 0 1
    outer loop
      vertex 46.4328047 40.3336714 0.041
      vertex 46.3420204 40.0895673 0.041
      vertex 46.4875361 40.1260171 0.041
    endloop
  endfacet
  facet normal 0 0 1
    outer loop
      vertex 46.4875361 40.1260171 0.041
      vertex 46.3420204 40.0895673 0.041
      vertex 46.5371548 39.9170822 0.041
    endloop
  endfacet
  facet normal 0 0 1
    outer loop
      vertex 46.5371548 39.9170822 0.041
      vertex 46.3420204 40.0895673 0.041
      vertex 46.3907885 39.8842146 0.041
    endloop
  endfacet
  facet normal 0 0 1
    outer loop
      vertex 46.5371548 39.9170822 0.041
      vertex 46.3907885 39.8842146 0.041
      vertex 46.5816312 39.7069926 0.041
    endloop
  endfacet
  facet normal 0 0 1
    outer loop
      vertex 46.5816312 39.7069926 0.041
      vertex 46.3907885 39.8842146 0.041
      vertex 46.4345023 39.6777268 0.041
    endloop
  endfacet
  facet normal 0 0 1
    outer loop
      vertex 46.5816312 39.7069926 0.041
      vertex 46.4345023 39.6777268 0.041
      vertex 46.4731355 39.4702285 0.041
    endloop
  endfacet
  facet normal 0 0 1
    outer loop
      vertex 46.5816312 39.7069926 0.041
      vertex 46.4731355 39.4702285 0.041
      vertex 46.6209382 39.4958747 0.041
    endloop
  endfacet
  facet normal 0 0 1
    outer loop
      vertex 46.6209382 39.4958747 0.041
      vertex 46.4731355 39.4702285 0.041
      vertex 46.5066647 39.2618445 0.041
    endloop
  endfacet
  facet normal 0 0 1
    outer loop
      vertex 46.6209382 39.4958747 0.041
      vertex 46.5066647 39.2618445 0.041
      vertex 46.6550524 39.2838557 0.041
    endloop
  endfacet
  facet normal 0 0 1
    outer loop
      vertex 46.6550524 39.2838557 0.041
      vertex 46.5066647 39.2618445 0.041
      vertex 46.683953 39.0710634 0.041
    endloop
  endfacet
  facet normal 0 0 1
    outer loop
      vertex 46.683953 39.0710634 0.041
      vertex 46.5066647 39.2618445 0.041
      vertex 46.5350699 39.0527005 0.041
    endloop
  endfacet
  facet normal 0 0 1
    outer loop
      vertex 46.683953 39.0710634 0.041
      vertex 46.5350699 39.0527005 0.041
      vertex 46.5583338 38.8429223 0.041
    endloop
  endfacet
  facet normal 0 0 1
    outer loop
      vertex 46.683953 39.0710634 0.041
      vertex 46.5583338 38.8429223 0.041
      vertex 46.7076228 38.857626 0.041
    endloop
  endfacet
  facet normal 0 0 1
    outer loop
      vertex 46.7076228 38.857626 0.041
      vertex 46.5583338 38.8429223 0.041
      vertex 46.5764426 38.6326364 0.041
    endloop
  endfacet
  facet normal 0 0 1
    outer loop
      vertex 46.7076228 38.857626 0.041
      vertex 46.5764426 38.6326364 0.041
      vertex 46.7260474 38.6436719 0.041
    endloop
  endfacet
  facet normal 0 0 1
    outer loop
      vertex 46.7260474 38.6436719 0.041
      vertex 46.5764426 38.6326364 0.041
      vertex 46.7392158 38.4293301 0.041
    endloop
  endfacet
  facet normal 0 0 1
    outer loop
      vertex 46.7392158 38.4293301 0.041
      vertex 46.5764426 38.6326364 0.041
      vertex 46.5893852 38.4219694 0.041
    endloop
  endfacet
  facet normal 0 0 1
    outer loop
      vertex 46.7392158 38.4293301 0.041
      vertex 46.5893852 38.4219694 0.041
      vertex 46.5971539 38.2110483 0.041
    endloop
  endfacet
  facet normal 0 0 1
    outer loop
      vertex 46.7392158 38.4293301 0.041
      vertex 46.5971539 38.2110483 0.041
      vertex 46.74712 38.2147297 0.041
    endloop
  endfacet
  facet normal 0 0 1
    outer loop
      vertex 46.74712 38.2147297 0.041
      vertex 46.5971539 38.2110483 0.041
      vertex 46.75 37.980058 0.041
    endloop
  endfacet
  facet normal 0 0 1
    outer loop
      vertex 53.25 38.019942 0.041
      vertex 53.25 3.4 0.041
      vertex 53.4 3.4 0.041
    endloop
  endfacet
  facet normal 0 0 1
    outer loop
      vertex 53.4 3.4 0.041
      vertex 53.25 3.4 0.041
      vertex 53.4 3.25 0.041
    endloop
  endfacet
  facet normal 0 0 1
    outer loop
      vertex 53.4 3.25 0.041
      vertex 53.25 3.4 0.041
      vertex 53.25 3.25 0.041
    endloop
  endfacet
  facet normal 0 0 1
    outer loop
      vertex 53.4 3.25 0.041
      vertex 53.25 3.25 0.041
      vertex 53.25 -3.25 0.041
    endloop
  endfacet
  facet normal 0 0 1
    outer loop
      vertex 53.4 3.25 0.041
      vertex 53.25 -3.25 0.041
      vertex 53.4 -3.25 0.041
    endloop
  endfacet
  facet normal 0 0 1
    outer loop
      vertex 53.4 -3.25 0.041
      vertex 53.25 -3.25 0.041
      vertex 53.4 -3.4 0.041
    endloop
  endfacet
  facet normal 0 0 1
    outer loop
      vertex 53.4 -3.4 0.041
      vertex 53.25 -3.25 0.041
      vertex 53.25 -3.4 0.041
    endloop
  endfacet
  facet normal 0 0 1
    outer loop
      vertex 53.4 -3.4 0.041
      vertex 53.25 -3.4 0.041
      vertex 53.25 -38.019942 0.041
    endloop
  endfacet
  facet normal 0 0 1
    outer loop
      vertex 44.033311 -44.3369847 0.041
      vertex 44.1870113 -44.1870113 0.041
      vertex 44.0809373 -44.0809373 0.041
    endloop
  endfacet
  facet normal 0 -0 1
    outer loop
      vertex 44.033311 -44.3369847 0.041
      vertex 44.0809373 -44.0809373 0.041
      vertex 43.9298721 -44.2283395 0.041
    endloop
  endfacet
  facet normal 0 0 1
    outer loop
      vertex 44.033311 -44.3369847 0.041
      vertex 43.9298721 -44.2283395 0.041
      vertex 43.8759765 -44.483141 0.041
    endloop
  endfacet
  facet normal 0 -0 1
    outer loop
      vertex 43.8759765 -44.483141 0.041
      vertex 43.9298721 -44.2283395 0.041
      vertex 43.7752351 -44.37199 0.041
    endloop
  endfacet
  facet normal 0 0 1
    outer loop
      vertex 43.8759765 -44.483141 0.041
      vertex 43.7752351 -44.37199 0.041
      vertex 43.6171192 -44.5118022 0.041
    endloop
  endfacet
  facet normal 0 0 1
    outer loop
      vertex 43.8759765 -44.483141 0.041
      vertex 43.6171192 -44.5118022 0.041
      vertex 43.7151025 -44.6253921 0.041
    endloop
  endfacet
  facet normal 0 0 1
    outer loop
      vertex 43.7151025 -44.6253921 0.041
      vertex 43.6171192 -44.5118022 0.041
      vertex 43.4556198 -44.647692 0.041
    endloop
  endfacet
  facet normal 0 0 1
    outer loop
      vertex 43.7151025 -44.6253921 0.041
      vertex 43.4556198 -44.647692 0.041
      vertex 43.550786 -44.7636523 0.041
    endloop
  endfacet
  facet normal 0 0 1
    outer loop
      vertex 43.550786 -44.7636523 0.041
      vertex 43.4556198 -44.647692 0.041
      vertex 43.2908342 -44.7795774 0.041
    endloop
  endfacet
  facet normal 0 0 1
    outer loop
      vertex 43.550786 -44.7636523 0.041
      vertex 43.2908342 -44.7795774 0.041
      vertex 43.3831258 -44.8978383 0.041
    endloop
  endfacet
  facet normal 0 0 1
    outer loop
      vertex 43.3831258 -44.8978383 0.041
      vertex 43.2908342 -44.7795774 0.041
      vertex 43.2122231 -45.0278693 0.041
    endloop
  endfacet
  facet normal 0 -0 1
    outer loop
      vertex 43.2122231 -45.0278693 0.041
      vertex 43.2908342 -44.7795774 0.041
      vertex 43.1228615 -44.9073791 0.041
    endloop
  endfacet
  facet normal 0 0 1
    outer loop
      vertex 43.2122231 -45.0278693 0.041
      vertex 43.1228615 -44.9073791 0.041
      vertex 43.0381808 -45.153667 0.041
    endloop
  endfacet
  facet normal 0 -0 1
    outer loop
      vertex 43.0381808 -45.153667 0.041
      vertex 43.1228615 -44.9073791 0.041
      vertex 42.951803 -45.0310201 0.041
    endloop
  endfacet
  facet normal 0 0 1
    outer loop
      vertex 43.0381808 -45.153667 0.041
      vertex 42.951803 -45.0310201 0.041
      vertex 42.7777618 -45.1504258 0.041
    endloop
  endfacet
  facet normal 0 0 1
    outer loop
      vertex 43.0381808 -45.153667 0.041
      vertex 42.7777618 -45.1504258 0.041
      vertex 42.8611036 -45.2751556 0.041
    endloop
  endfacet
  facet normal 0 0 1
    outer loop
      vertex 42.8611036 -45.2751556 0.041
      vertex 42.7777618 -45.1504258 0.041
      vertex 42.6008426 -45.2655244 0.041
    endloop
  endfacet
  facet normal 0 0 1
    outer loop
      vertex 42.8611036 -45.2751556 0.041
      vertex 42.6008426 -45.2655244 0.041
      vertex 42.6810982 -45.3922619 0.041
    endloop
  endfacet
  facet normal 0 0 1
    outer loop
      vertex 42.6810982 -45.3922619 0.041
      vertex 42.6008426 -45.2655244 0.041
      vertex 42.421152 -45.3762464 0.041
    endloop
  endfacet
  facet normal 0 0 1
    outer loop
      vertex 42.6810982 -45.3922619 0.041
      vertex 42.421152 -45.3762464 0.041
      vertex 42.4982732 -45.5049154 0.041
    endloop
  endfacet
  facet normal 0 0 1
    outer loop
      vertex 42.4982732 -45.5049154 0.041
      vertex 42.421152 -45.3762464 0.041
      vertex 42.3127386 -45.6130482 0.041
    endloop
  endfacet
  facet normal 0 -0 1
    outer loop
      vertex 42.3127386 -45.6130482 0.041
      vertex 42.421152 -45.3762464 0.041
      vertex 42.2387983 -45.4825254 0.041
    endloop
  endfacet
  facet normal 0 0 1
    outer loop
      vertex 42.3127386 -45.6130482 0.041
      vertex 42.2387983 -45.4825254 0.041
      vertex 42.1246061 -45.7165952 0.041
    endloop
  endfacet
  facet normal 0 -0 1
    outer loop
      vertex 42.1246061 -45.7165952 0.041
      vertex 42.2387983 -45.4825254 0.041
      vertex 42.0538912 -45.5842971 0.041
    endloop
  endfacet
  facet normal 0 0 1
    outer loop
      vertex 42.1246061 -45.7165952 0.041
      vertex 42.0538912 -45.5842971 0.041
      vertex 41.8665423 -45.6815003 0.041
    endloop
  endfacet
  facet normal 0 0 1
    outer loop
      vertex 42.1246061 -45.7165952 0.041
      vertex 41.8665423 -45.6815003 0.041
      vertex 41.9339891 -45.815494 0.041
    endloop
  endfacet
  facet normal 0 0 1
    outer loop
      vertex 41.9339891 -45.815494 0.041
      vertex 41.8665423 -45.6815003 0.041
      vertex 41.6768643 -45.7740765 0.041
    endloop
  endfacet
  facet normal 0 0 1
    outer loop
      vertex 41.9339891 -45.815494 0.041
      vertex 41.6768643 -45.7740765 0.041
      vertex 41.7410024 -45.9096851 0.041
    endloop
  endfacet
  facet normal 0 0 1
    outer loop
      vertex 41.7410024 -45.9096851 0.041
      vertex 41.6768643 -45.7740765 0.041
      vertex 41.5457623 -45.9991116 0.041
    endloop
  endfacet
  facet normal 0 -0 1
    outer loop
      vertex 41.5457623 -45.9991116 0.041
      vertex 41.6768643 -45.7740765 0.041
      vertex 41.4849715 -45.8619698 0.041
    endloop
  endfacet
  facet normal 0 0 1
    outer loop
      vertex 41.5457623 -45.9991116 0.041
      vertex 41.4849715 -45.8619698 0.041
      vertex 41.2909795 -45.9451274 0.041
    endloop
  endfacet
  facet normal 0 0 1
    outer loop
      vertex 41.5457623 -45.9991116 0.041
      vertex 41.2909795 -45.9451274 0.041
      vertex 41.3483864 -46.0837198 0.041
    endloop
  endfacet
  facet normal 0 0 1
    outer loop
      vertex 41.3483864 -46.0837198 0.041
      vertex 41.2909795 -45.9451274 0.041
      vertex 41.0950052 -46.0234992 0.041
    endloop
  endfacet
  facet normal 0 0 1
    outer loop
      vertex 41.3483864 -46.0837198 0.041
      vertex 41.0950052 -46.0234992 0.041
      vertex 41.1489935 -46.1634587 0.041
    endloop
  endfacet
  facet normal 0 0 1
    outer loop
      vertex 41.1489935 -46.1634587 0.041
      vertex 41.0950052 -46.0234992 0.041
      vertex 40.9477038 -46.2382801 0.041
    endloop
  endfacet
  facet normal 0 -0 1
    outer loop
      vertex 40.9477038 -46.2382801 0.041
      vertex 41.0950052 -46.0234992 0.041
      vertex 40.8971665 -46.0970379 0.041
    endloop
  endfacet
  facet normal 0 0 1
    outer loop
      vertex 40.9477038 -46.2382801 0.041
      vertex 40.8971665 -46.0970379 0.041
      vertex 40.6975827 -46.1656992 0.041
    endloop
  endfacet
  facet normal 0 0 1
    outer loop
      vertex 40.9477038 -46.2382801 0.041
      vertex 40.6975827 -46.1656992 0.041
      vertex 40.7446385 -46.3081392 0.041
    endloop
  endfacet
  facet normal 0 0 1
    outer loop
      vertex 40.7446385 -46.3081392 0.041
      vertex 40.6975827 -46.1656992 0.041
      vertex 40.4963739 -46.2294419 0.041
    endloop
  endfacet
  facet normal 0 0 1
    outer loop
      vertex 40.7446385 -46.3081392 0.041
      vertex 40.4963739 -46.2294419 0.041
      vertex 40.5399199 -46.3729937 0.041
    endloop
  endfacet
  facet normal 0 0 1
    outer loop
      vertex 40.5399199 -46.3729937 0.041
      vertex 40.4963739 -46.2294419 0.041
      vertex 40.2936614 -46.2882274 0.041
    endloop
  endfacet
  facet normal 0 0 1
    outer loop
      vertex 40.5399199 -46.3729937 0.041
      vertex 40.2936614 -46.2882274 0.041
      vertex 40.3336714 -46.4328047 0.041
    endloop
  endfacet
  facet normal 0 0 1
    outer loop
      vertex 40.3336714 -46.4328047 0.041
      vertex 40.2936614 -46.2882274 0.041
      vertex 40.0895673 -46.3420204 0.041
    endloop
  endfacet
  facet normal 0 0 1
    outer loop
      vertex 40.3336714 -46.4328047 0.041
      vertex 40.0895673 -46.3420204 0.041
      vertex 40.1260171 -46.4875361 0.041
    endloop
  endfacet
  facet normal 0 0 1
    outer loop
      vertex 40.1260171 -46.4875361 0.041
      vertex 40.0895673 -46.3420204 0.041
      vertex 39.9170822 -46.5371548 0.041
    endloop
  endfacet
  facet normal 0 -0 1
    outer loop
      vertex 39.9170822 -46.5371548 0.041
      vertex 40.0895673 -46.3420204 0.041
      vertex 39.8842146 -46.3907885 0.041
    endloop
  endfacet
  facet normal 0 0 1
    outer loop
      vertex 39.9170822 -46.5371548 0.041
      vertex 39.8842146 -46.3907885 0.041
      vertex 39.7069926 -46.5816312 0.041
    endloop
  endfacet
  facet normal 0 -0 1
    outer loop
      vertex 39.7069926 -46.5816312 0.041
      vertex 39.8842146 -46.3907885 0.041
      vertex 39.6777268 -46.4345023 0.041
    endloop
  endfacet
  facet normal 0 0 1
    outer loop
      vertex 39.7069926 -46.5816312 0.041
      vertex 39.6777268 -46.4345023 0.041
      vertex 39.4702285 -46.4731355 0.041
    endloop
  endfacet
  facet normal 0 0 1
    outer loop
      vertex 39.7069926 -46.5816312 0.041
      vertex 39.4702285 -46.4731355 0.041
      vertex 39.4958747 -46.6209382 0.041
    endloop
  endfacet
  facet normal 0 0 1
    outer loop
      vertex 39.4958747 -46.6209382 0.041
      vertex 39.4702285 -46.4731355 0.041
      vertex 39.2618445 -46.5066647 0.041
    endloop
  endfacet
  facet normal 0 0 1
    outer loop
      vertex 39.4958747 -46.6209382 0.041
      vertex 39.2618445 -46.5066647 0.041
      vertex 39.2838557 -46.6550524 0.041
    endloop
  endfacet
  facet normal 0 0 1
    outer loop
      vertex 39.2838557 -46.6550524 0.041
      vertex 39.2618445 -46.5066647 0.041
      vertex 39.0710634 -46.683953 0.041
    endloop
  endfacet
  facet normal 0 -0 1
    outer loop
      vertex 39.0710634 -46.683953 0.041
      vertex 39.2618445 -46.5066647 0.041
      vertex 39.0527005 -46.5350699 0.041
    endloop
  endfacet
  facet normal 0 0 1
    outer loop
      vertex 39.0710634 -46.683953 0.041
      vertex 39.0527005 -46.5350699 0.041
      vertex 38.8429223 -46.5583338 0.041
    endloop
  endfacet
  facet normal 0 0 1
    outer loop
      vertex 39.0710634 -46.683953 0.041
      vertex 38.8429223 -46.5583338 0.041
      vertex 38.857626 -46.7076228 0.041
    endloop
  endfacet
  facet normal 0 0 1
    outer loop
      vertex 38.857626 -46.7076228 0.041
      vertex 38.8429223 -46.5583338 0.041
      vertex 38.6326364 -46.5764426 0.041
    endloop
  endfacet
  facet normal 0 0 1
    outer loop
      vertex 38.857626 -46.7076228 0.041
      vertex 38.6326364 -46.5764426 0.041
      vertex 38.6436719 -46.7260474 0.041
    endloop
  endfacet
  facet normal 0 0 1
    outer loop
      vertex 38.6436719 -46.7260474 0.041
      vertex 38.6326364 -46.5764426 0.041
      vertex 38.4293301 -46.7392158 0.041
    endloop
  endfacet
  facet normal 0 -0 1
    outer loop
      vertex 38.4293301 -46.7392158 0.041
      vertex 38.6326364 -46.5764426 0.041
      vertex 38.4219694 -46.5893852 0.041
    endloop
  endfacet
  facet normal 0 0 1
    outer loop
      vertex 38.4293301 -46.7392158 0.041
      vertex 38.4219694 -46.5893852 0.041
      vertex 38.2110483 -46.5971539 0.041
    endloop
  endfacet
  facet normal 0 0 1
    outer loop
      vertex 38.4293301 -46.7392158 0.041
      vertex 38.2110483 -46.5971539 0.041
      vertex 38.2147297 -46.74712 0.041
    endloop
  endfacet
  facet normal 0 0 1
    outer loop
      vertex 38.2147297 -46.74712 0.041
      vertex 38.2110483 -46.5971539 0.041
      vertex 37.980058 -46.75 0.041
    endloop
  endfacet
  facet normal 0 -0 1
    outer loop
      vertex 37.980058 -46.75 0.041
      vertex 38.2110483 -46.5971539 0.041
      vertex 37.9791376 -46.6 0.041
    endloop
  endfacet
  facet normal 0 0 1
    outer loop
      vertex 37.980058 -46.75 0.041
      vertex 37.9791376 -46.6 0.041
      vertex 3.4 -46.75 0.041
    endloop
  endfacet
  facet normal 0 -0 1
    outer loop
      vertex 3.4 -53.25 0.041
      vertex 3.4 -46.75 0.041
      vertex 3.25 -46.75 0.041
    endloop
  endfacet
  facet normal 0 0 1
    outer loop
      vertex 3.4 -53.25 0.041
      vertex 3.25 -46.75 0.041
      vertex 3.25 -53.25 0.041
    endloop
  endfacet
  facet normal 0 0 1
    outer loop
      vertex -3.25 -53.25 0.041
      vertex -3.4 -46.75 0.041
      vertex -3.4 -53.25 0.041
    endloop
  endfacet
  facet normal 0 0 1
    outer loop
      vertex -37.980058 -46.75 0.041
      vertex -3.4 -46.75 0.041
      vertex -37.9791376 -46.6 0.041
    endloop
  endfacet
  facet normal 0 -0 1
    outer loop
      vertex -37.980058 -46.75 0.041
      vertex -37.9791376 -46.6 0.041
      vertex -38.2110483 -46.5971539 0.041
    endloop
  endfacet
  facet normal 0 0 1
    outer loop
      vertex -37.980058 -46.75 0.041
      vertex -38.2110483 -46.5971539 0.041
      vertex -38.2147297 -46.74712 0.041
    endloop
  endfacet
  facet normal 0 -0 1
    outer loop
      vertex -38.2147297 -46.74712 0.041
      vertex -38.2110483 -46.5971539 0.041
      vertex -38.4293301 -46.7392158 0.041
    endloop
  endfacet
  facet normal 0 0 1
    outer loop
      vertex -38.4293301 -46.7392158 0.041
      vertex -38.2110483 -46.5971539 0.041
      vertex -38.4219694 -46.5893852 0.041
    endloop
  endfacet
  facet normal 0 -0 1
    outer loop
      vertex -38.4293301 -46.7392158 0.041
      vertex -38.4219694 -46.5893852 0.041
      vertex -38.6326364 -46.5764426 0.041
    endloop
  endfacet
  facet normal 0 0 1
    outer loop
      vertex -38.4293301 -46.7392158 0.041
      vertex -38.6326364 -46.5764426 0.041
      vertex -38.6436719 -46.7260474 0.041
    endloop
  endfacet
  facet normal 0 -0 1
    outer loop
      vertex -38.6436719 -46.7260474 0.041
      vertex -38.6326364 -46.5764426 0.041
      vertex -38.857626 -46.7076228 0.041
    endloop
  endfacet
  facet normal 0 0 1
    outer loop
      vertex -38.857626 -46.7076228 0.041
      vertex -38.6326364 -46.5764426 0.041
      vertex -38.8429223 -46.5583338 0.041
    endloop
  endfacet
  facet normal 0 -0 1
    outer loop
      vertex -38.857626 -46.7076228 0.041
      vertex -38.8429223 -46.5583338 0.041
      vertex -39.0710634 -46.683953 0.041
    endloop
  endfacet
  facet normal 0 0 1
    outer loop
      vertex -39.0710634 -46.683953 0.041
      vertex -38.8429223 -46.5583338 0.041
      vertex -39.0527005 -46.5350699 0.041
    endloop
  endfacet
  facet normal 0 -0 1
    outer loop
      vertex -39.0710634 -46.683953 0.041
      vertex -39.0527005 -46.5350699 0.041
      vertex -39.2618445 -46.5066647 0.041
    endloop
  endfacet
  facet normal 0 0 1
    outer loop
      vertex -39.0710634 -46.683953 0.041
      vertex -39.2618445 -46.5066647 0.041
      vertex -39.2838557 -46.6550524 0.041
    endloop
  endfacet
  facet normal 0 -0 1
    outer loop
      vertex -39.2838557 -46.6550524 0.041
      vertex -39.2618445 -46.5066647 0.041
      vertex -39.4958747 -46.6209382 0.041
    endloop
  endfacet
  facet normal 0 0 1
    outer loop
      vertex -39.4958747 -46.6209382 0.041
      vertex -39.2618445 -46.5066647 0.041
      vertex -39.4702285 -46.4731355 0.041
    endloop
  endfacet
  facet normal 0 -0 1
    outer loop
      vertex -39.4958747 -46.6209382 0.041
      vertex -39.4702285 -46.4731355 0.041
      vertex -39.7069926 -46.5816312 0.041
    endloop
  endfacet
  facet normal 0 0 1
    outer loop
      vertex -39.7069926 -46.5816312 0.041
      vertex -39.4702285 -46.4731355 0.041
      vertex -39.6777268 -46.4345023 0.041
    endloop
  endfacet
  facet normal 0 -0 1
    outer loop
      vertex -39.7069926 -46.5816312 0.041
      vertex -39.6777268 -46.4345023 0.041
      vertex -39.8842146 -46.3907885 0.041
    endloop
  endfacet
  facet normal 0 0 1
    outer loop
      vertex -39.7069926 -46.5816312 0.041
      vertex -39.8842146 -46.3907885 0.041
      vertex -39.9170822 -46.5371548 0.041
    endloop
  endfacet
  facet normal 0 -0 1
    outer loop
      vertex -39.9170822 -46.5371548 0.041
      vertex -39.8842146 -46.3907885 0.041
      vertex -40.1260171 -46.4875361 0.041
    endloop
  endfacet
  facet normal 0 0 1
    outer loop
      vertex -40.1260171 -46.4875361 0.041
      vertex -39.8842146 -46.3907885 0.041
      vertex -40.0895673 -46.3420204 0.041
    endloop
  endfacet
  facet normal 0 -0 1
    outer loop
      vertex -40.1260171 -46.4875361 0.041
      vertex -40.0895673 -46.3420204 0.041
      vertex -40.3336714 -46.4328047 0.041
    endloop
  endfacet
  facet normal 0 0 1
    outer loop
      vertex -40.3336714 -46.4328047 0.041
      vertex -40.0895673 -46.3420204 0.041
      vertex -40.2936614 -46.2882274 0.041
    endloop
  endfacet
  facet normal 0 -0 1
    outer loop
      vertex -40.3336714 -46.4328047 0.041
      vertex -40.2936614 -46.2882274 0.041
      vertex -40.4963739 -46.2294419 0.041
    endloop
  endfacet
  facet normal 0 0 1
    outer loop
      vertex -40.3336714 -46.4328047 0.041
      vertex -40.4963739 -46.2294419 0.041
      vertex -40.5399199 -46.3729937 0.041
    endloop
  endfacet
  facet normal 0 -0 1
    outer loop
      vertex -40.5399199 -46.3729937 0.041
      vertex -40.4963739 -46.2294419 0.041
      vertex -40.7446385 -46.3081392 0.041
    endloop
  endfacet
  facet normal 0 0 1
    outer loop
      vertex -40.7446385 -46.3081392 0.041
      vertex -40.4963739 -46.2294419 0.041
      vertex -40.6975827 -46.1656992 0.041
    endloop
  endfacet
  facet normal 0 -0 1
    outer loop
      vertex -40.7446385 -46.3081392 0.041
      vertex -40.6975827 -46.1656992 0.041
      vertex -40.9477038 -46.2382801 0.041
    endloop
  endfacet
  facet normal 0 0 1
    outer loop
      vertex -40.9477038 -46.2382801 0.041
      vertex -40.6975827 -46.1656992 0.041
      vertex -40.8971665 -46.0970379 0.041
    endloop
  endfacet
  facet normal 0 -0 1
    outer loop
      vertex -40.9477038 -46.2382801 0.041
      vertex -40.8971665 -46.0970379 0.041
      vertex -41.0950052 -46.0234992 0.041
    endloop
  endfacet
  facet normal 0 0 1
    outer loop
      vertex -40.9477038 -46.2382801 0.041
      vertex -41.0950052 -46.0234992 0.041
      vertex -41.1489935 -46.1634587 0.041
    endloop
  endfacet
  facet normal 0 -0 1
    outer loop
      vertex -41.1489935 -46.1634587 0.041
      vertex -41.0950052 -46.0234992 0.041
      vertex -41.2909795 -45.9451274 0.041
    endloop
  endfacet
  facet normal 0 0 1
    outer loop
      vertex -41.1489935 -46.1634587 0.041
      vertex -41.2909795 -45.9451274 0.041
      vertex -41.3483864 -46.0837198 0.041
    endloop
  endfacet
  facet normal 0 -0 1
    outer loop
      vertex -41.3483864 -46.0837198 0.041
      vertex -41.2909795 -45.9451274 0.041
      vertex -41.5457623 -45.9991116 0.041
    endloop
  endfacet
  facet normal 0 0 1
    outer loop
      vertex -41.5457623 -45.9991116 0.041
      vertex -41.2909795 -45.9451274 0.041
      vertex -41.4849715 -45.8619698 0.041
    endloop
  endfacet
  facet normal 0 -0 1
    outer loop
      vertex -41.5457623 -45.9991116 0.041
      vertex -41.4849715 -45.8619698 0.041
      vertex -41.7410024 -45.9096851 0.041
    endloop
  endfacet
  facet normal 0 0 1
    outer loop
      vertex -41.7410024 -45.9096851 0.041
      vertex -41.4849715 -45.8619698 0.041
      vertex -41.6768643 -45.7740765 0.041
    endloop
  endfacet
  facet normal 0 -0 1
    outer loop
      vertex -41.7410024 -45.9096851 0.041
      vertex -41.6768643 -45.7740765 0.041
      vertex -41.9339891 -45.815494 0.041
    endloop
  endfacet
  facet normal 0 0 1
    outer loop
      vertex -41.9339891 -45.815494 0.041
      vertex -41.6768643 -45.7740765 0.041
      vertex -41.8665423 -45.6815003 0.041
    endloop
  endfacet
  facet normal 0 -0 1
    outer loop
      vertex -41.9339891 -45.815494 0.041
      vertex -41.8665423 -45.6815003 0.041
      vertex -42.0538912 -45.5842971 0.041
    endloop
  endfacet
  facet normal 0 0 1
    outer loop
      vertex -41.9339891 -45.815494 0.041
      vertex -42.0538912 -45.5842971 0.041
      vertex -42.1246061 -45.7165952 0.041
    endloop
  endfacet
  facet normal 0 -0 1
    outer loop
      vertex -42.1246061 -45.7165952 0.041
      vertex -42.0538912 -45.5842971 0.041
      vertex -42.3127386 -45.6130482 0.041
    endloop
  endfacet
  facet normal 0 0 1
    outer loop
      vertex -42.3127386 -45.6130482 0.041
      vertex -42.0538912 -45.5842971 0.041
      vertex -42.2387983 -45.4825254 0.041
    endloop
  endfacet
  facet normal 0 -0 1
    outer loop
      vertex -42.3127386 -45.6130482 0.041
      vertex -42.2387983 -45.4825254 0.041
      vertex -42.421152 -45.3762464 0.041
    endloop
  endfacet
  facet normal 0 0 1
    outer loop
      vertex -42.3127386 -45.6130482 0.041
      vertex -42.421152 -45.3762464 0.041
      vertex -42.4982732 -45.5049154 0.041
    endloop
  endfacet
  facet normal 0 -0 1
    outer loop
      vertex -42.4982732 -45.5049154 0.041
      vertex -42.421152 -45.3762464 0.041
      vertex -42.6810982 -45.3922619 0.041
    endloop
  endfacet
  facet normal 0 0 1
    outer loop
      vertex -42.6810982 -45.3922619 0.041
      vertex -42.421152 -45.3762464 0.041
      vertex -42.6008426 -45.2655244 0.041
    endloop
  endfacet
  facet normal 0 -0 1
    outer loop
      vertex -42.6810982 -45.3922619 0.041
      vertex -42.6008426 -45.2655244 0.041
      vertex -42.8611036 -45.2751556 0.041
    endloop
  endfacet
  facet normal 0 0 1
    outer loop
      vertex -42.8611036 -45.2751556 0.041
      vertex -42.6008426 -45.2655244 0.041
      vertex -42.7777618 -45.1504258 0.041
    endloop
  endfacet
  facet normal 0 -0 1
    outer loop
      vertex -42.8611036 -45.2751556 0.041
      vertex -42.7777618 -45.1504258 0.041
      vertex -43.0381808 -45.153667 0.041
    endloop
  endfacet
  facet normal 0 0 1
    outer loop
      vertex -43.0381808 -45.153667 0.041
      vertex -42.7777618 -45.1504258 0.041
      vertex -42.951803 -45.0310201 0.041
    endloop
  endfacet
  facet normal 0 -0 1
    outer loop
      vertex -43.0381808 -45.153667 0.041
      vertex -42.951803 -45.0310201 0.041
      vertex -43.1228615 -44.9073791 0.041
    endloop
  endfacet
  facet normal 0 0 1
    outer loop
      vertex -43.0381808 -45.153667 0.041
      vertex -43.1228615 -44.9073791 0.041
      vertex -43.2122231 -45.0278693 0.041
    endloop
  endfacet
  facet normal 0 -0 1
    outer loop
      vertex -43.2122231 -45.0278693 0.041
      vertex -43.1228615 -44.9073791 0.041
      vertex -43.3831258 -44.8978383 0.041
    endloop
  endfacet
  facet normal -0 0 1
    outer loop
      vertex -43.3831258 -44.8978383 0.041
      vertex -43.1228615 -44.9073791 0.041
      vertex -43.2908342 -44.7795774 0.041
    endloop
  endfacet
  facet normal 0 -0 1
    outer loop
      vertex -43.3831258 -44.8978383 0.041
      vertex -43.2908342 -44.7795774 0.041
      vertex -43.550786 -44.7636523 0.041
    endloop
  endfacet
  facet normal -0 0 1
    outer loop
      vertex -43.550786 -44.7636523 0.041
      vertex -43.2908342 -44.7795774 0.041
      vertex -43.4556198 -44.647692 0.041
    endloop
  endfacet
  facet normal 0 -0 1
    outer loop
      vertex -43.550786 -44.7636523 0.041
      vertex -43.4556198 -44.647692 0.041
      vertex -43.6171192 -44.5118022 0.041
    endloop
  endfacet
  facet normal 0 0 1
    outer loop
      vertex -43.550786 -44.7636523 0.041
      vertex -43.6171192 -44.5118022 0.041
      vertex -43.7151025 -44.6253921 0.041
    endloop
  endfacet
  facet normal 0 -0 1
    outer loop
      vertex -43.7151025 -44.6253921 0.041
      vertex -43.6171192 -44.5118022 0.041
      vertex -43.7752351 -44.37199 0.041
    endloop
  endfacet
  facet normal 0 0 1
    outer loop
      vertex -43.7151025 -44.6253921 0.041
      vertex -43.7752351 -44.37199 0.041
      vertex -43.8759765 -44.483141 0.041
    endloop
  endfacet
  facet normal 0 -0 1
    outer loop
      vertex -43.8759765 -44.483141 0.041
      vertex -43.7752351 -44.37199 0.041
      vertex -43.9298721 -44.2283395 0.041
    endloop
  endfacet
  facet normal 0 0 1
    outer loop
      vertex -43.8759765 -44.483141 0.041
      vertex -43.9298721 -44.2283395 0.041
      vertex -44.033311 -44.3369847 0.041
    endloop
  endfacet
  facet normal 0 -0 1
    outer loop
      vertex -44.033311 -44.3369847 0.041
      vertex -43.9298721 -44.2283395 0.041
      vertex -44.0809373 -44.0809373 0.041
    endloop
  endfacet
  facet normal 0 0 1
    outer loop
      vertex -44.033311 -44.3369847 0.041
      vertex -44.0809373 -44.0809373 0.041
      vertex -44.1870113 -44.1870113 0.041
    endloop
  endfacet
  facet normal 0 -0 1
    outer loop
      vertex -44.1870113 -44.1870113 0.041
      vertex -44.0809373 -44.0809373 0.041
      vertex -44.3369847 -44.033311 0.041
    endloop
  endfacet
  facet normal -0 0 1
    outer loop
      vertex -44.3369847 -44.033311 0.041
      vertex -44.0809373 -44.0809373 0.041
      vertex -44.2283395 -43.9298721 0.041
    endloop
  endfacet
  facet normal 0 -0 1
    outer loop
      vertex -44.3369847 -44.033311 0.041
      vertex -44.2283395 -43.9298721 0.041
      vertex -44.483141 -43.8759765 0.041
    endloop
  endfacet
  facet normal -0 0 1
    outer loop
      vertex -44.483141 -43.8759765 0.041
      vertex -44.2283395 -43.9298721 0.041
      vertex -44.37199 -43.7752351 0.041
    endloop
  endfacet
  facet normal 0 -0 1
    outer loop
      vertex -44.483141 -43.8759765 0.041
      vertex -44.37199 -43.7752351 0.041
      vertex -44.6253921 -43.7151025 0.041
    endloop
  endfacet
  facet normal -0 0 1
    outer loop
      vertex -44.6253921 -43.7151025 0.041
      vertex -44.37199 -43.7752351 0.041
      vertex -44.5118022 -43.6171192 0.041
    endloop
  endfacet
  facet normal 0 -0 1
    outer loop
      vertex -44.6253921 -43.7151025 0.041
      vertex -44.5118022 -43.6171192 0.041
      vertex -44.7636523 -43.550786 0.041
    endloop
  endfacet
  facet normal -0 0 1
    outer loop
      vertex -44.7636523 -43.550786 0.041
      vertex -44.5118022 -43.6171192 0.041
      vertex -44.647692 -43.4556198 0.041
    endloop
  endfacet
  facet normal 0 -0 1
    outer loop
      vertex -44.7636523 -43.550786 0.041
      vertex -44.647692 -43.4556198 0.041
      vertex -44.8978383 -43.3831258 0.041
    endloop
  endfacet
  facet normal -0 0 1
    outer loop
      vertex -44.8978383 -43.3831258 0.041
      vertex -44.647692 -43.4556198 0.041
      vertex -44.7795774 -43.2908342 0.041
    endloop
  endfacet
  facet normal 0 -0 1
    outer loop
      vertex -44.8978383 -43.3831258 0.041
      vertex -44.7795774 -43.2908342 0.041
      vertex -44.9073791 -43.1228615 0.041
    endloop
  endfacet
  facet normal 0 0 1
    outer loop
      vertex -44.8978383 -43.3831258 0.041
      vertex -44.9073791 -43.1228615 0.041
      vertex -45.0278693 -43.2122231 0.041
    endloop
  endfacet
  facet normal 0 -0 1
    outer loop
      vertex -45.0278693 -43.2122231 0.041
      vertex -44.9073791 -43.1228615 0.041
      vertex -45.153667 -43.0381808 0.041
    endloop
  endfacet
  facet normal -0 0 1
    outer loop
      vertex -45.153667 -43.0381808 0.041
      vertex -44.9073791 -43.1228615 0.041
      vertex -45.0310201 -42.951803 0.041
    endloop
  endfacet
  facet normal 0 -0 1
    outer loop
      vertex -45.153667 -43.0381808 0.041
      vertex -45.0310201 -42.951803 0.041
      vertex -45.2751556 -42.8611036 0.041
    endloop
  endfacet
  facet normal -0 0 1
    outer loop
      vertex -45.2751556 -42.8611036 0.041
      vertex -45.0310201 -42.951803 0.041
      vertex -45.1504258 -42.7777618 0.041
    endloop
  endfacet
  facet normal 0 0 1
    outer loop
      vertex -45.2751556 -42.8611036 0.041
      vertex -45.1504258 -42.7777618 0.041
      vertex -45.2655244 -42.6008426 0.041
    endloop
  endfacet
  facet normal 0 -0 1
    outer loop
      vertex -45.2751556 -42.8611036 0.041
      vertex -45.2655244 -42.6008426 0.041
      vertex -45.3922619 -42.6810982 0.041
    endloop
  endfacet
  facet normal 0 0 1
    outer loop
      vertex -45.3922619 -42.6810982 0.041
      vertex -45.2655244 -42.6008426 0.041
      vertex -45.3762464 -42.421152 0.041
    endloop
  endfacet
  facet normal 0 -0 1
    outer loop
      vertex -45.3922619 -42.6810982 0.041
      vertex -45.3762464 -42.421152 0.041
      vertex -45.5049154 -42.4982732 0.041
    endloop
  endfacet
  facet normal 0 -0 1
    outer loop
      vertex -45.5049154 -42.4982732 0.041
      vertex -45.3762464 -42.421152 0.041
      vertex -45.6130482 -42.3127386 0.041
    endloop
  endfacet
  facet normal -0 0 1
    outer loop
      vertex -45.6130482 -42.3127386 0.041
      vertex -45.3762464 -42.421152 0.041
      vertex -45.4825254 -42.2387983 0.041
    endloop
  endfacet
  facet normal 0 -0 1
    outer loop
      vertex -45.6130482 -42.3127386 0.041
      vertex -45.4825254 -42.2387983 0.041
      vertex -45.7165952 -42.1246061 0.041
    endloop
  endfacet
  facet normal -0 0 1
    outer loop
      vertex -45.7165952 -42.1246061 0.041
      vertex -45.4825254 -42.2387983 0.041
      vertex -45.5842971 -42.0538912 0.041
    endloop
  endfacet
  facet normal 0 0 1
    outer loop
      vertex -45.7165952 -42.1246061 0.041
      vertex -45.5842971 -42.0538912 0.041
      vertex -45.6815003 -41.8665423 0.041
    endloop
  endfacet
  facet normal 0 -0 1
    outer loop
      vertex -45.7165952 -42.1246061 0.041
      vertex -45.6815003 -41.8665423 0.041
      vertex -45.815494 -41.9339891 0.041
    endloop
  endfacet
  facet normal 0 0 1
    outer loop
      vertex -45.815494 -41.9339891 0.041
      vertex -45.6815003 -41.8665423 0.041
      vertex -45.7740765 -41.6768643 0.041
    endloop
  endfacet
  facet normal 0 -0 1
    outer loop
      vertex -45.815494 -41.9339891 0.041
      vertex -45.7740765 -41.6768643 0.041
      vertex -45.9096851 -41.7410024 0.041
    endloop
  endfacet
  facet normal 0 -0 1
    outer loop
      vertex -45.9096851 -41.7410024 0.041
      vertex -45.7740765 -41.6768643 0.041
      vertex -45.9991116 -41.5457623 0.041
    endloop
  endfacet
  facet normal -0 0 1
    outer loop
      vertex -45.9991116 -41.5457623 0.041
      vertex -45.7740765 -41.6768643 0.041
      vertex -45.8619698 -41.4849715 0.041
    endloop
  endfacet
  facet normal 0 -0 1
    outer loop
      vertex -45.9991116 -41.5457623 0.041
      vertex -45.8619698 -41.4849715 0.041
      vertex -46.0837198 -41.3483864 0.041
    endloop
  endfacet
  facet normal -0 0 1
    outer loop
      vertex -46.0837198 -41.3483864 0.041
      vertex -45.8619698 -41.4849715 0.041
      vertex -45.9451274 -41.2909795 0.041
    endloop
  endfacet
  facet normal 0 0 1
    outer loop
      vertex -46.0837198 -41.3483864 0.041
      vertex -45.9451274 -41.2909795 0.041
      vertex -46.0234992 -41.0950052 0.041
    endloop
  endfacet
  facet normal 0 -0 1
    outer loop
      vertex -46.0837198 -41.3483864 0.041
      vertex -46.0234992 -41.0950052 0.041
      vertex -46.1634587 -41.1489935 0.041
    endloop
  endfacet
  facet normal 0 0 1
    outer loop
      vertex -46.1634587 -41.1489935 0.041
      vertex -46.0234992 -41.0950052 0.041
      vertex -46.0970379 -40.8971665 0.041
    endloop
  endfacet
  facet normal 0 -0 1
    outer loop
      vertex -46.1634587 -41.1489935 0.041
      vertex -46.0970379 -40.8971665 0.041
      vertex -46.2382801 -40.9477038 0.041
    endloop
  endfacet
  facet normal 0 0 1
    outer loop
      vertex -46.2382801 -40.9477038 0.041
      vertex -46.0970379 -40.8971665 0.041
      vertex -46.1656992 -40.6975827 0.041
    endloop
  endfacet
  facet normal 0 -0 1
    outer loop
      vertex -46.2382801 -40.9477038 0.041
      vertex -46.1656992 -40.6975827 0.041
      vertex -46.3081392 -40.7446385 0.041
    endloop
  endfacet
  facet normal 0 -0 1
    outer loop
      vertex -46.3081392 -40.7446385 0.041
      vertex -46.1656992 -40.6975827 0.041
      vertex -46.3729937 -40.5399199 0.041
    endloop
  endfacet
  facet normal -0 0 1
    outer loop
      vertex -46.3729937 -40.5399199 0.041
      vertex -46.1656992 -40.6975827 0.041
      vertex -46.2294419 -40.4963739 0.041
    endloop
  endfacet
  facet normal 0 0 1
    outer loop
      vertex -46.3729937 -40.5399199 0.041
      vertex -46.2294419 -40.4963739 0.041
      vertex -46.2882274 -40.2936614 0.041
    endloop
  endfacet
  facet normal 0 -0 1
    outer loop
      vertex -46.3729937 -40.5399199 0.041
      vertex -46.2882274 -40.2936614 0.041
      vertex -46.4328047 -40.3336714 0.041
    endloop
  endfacet
  facet normal 0 0 1
    outer loop
      vertex -46.4328047 -40.3336714 0.041
      vertex -46.2882274 -40.2936614 0.041
      vertex -46.3420204 -40.0895673 0.041
    endloop
  endfacet
  facet normal 0 -0 1
    outer loop
      vertex -46.4328047 -40.3336714 0.041
      vertex -46.3420204 -40.0895673 0.041
      vertex -46.4875361 -40.1260171 0.041
    endloop
  endfacet
  facet normal 0 -0 1
    outer loop
      vertex -46.4875361 -40.1260171 0.041
      vertex -46.3420204 -40.0895673 0.041
      vertex -46.5371548 -39.9170822 0.041
    endloop
  endfacet
  facet normal -0 0 1
    outer loop
      vertex -46.5371548 -39.9170822 0.041
      vertex -46.3420204 -40.0895673 0.041
      vertex -46.3907885 -39.8842146 0.041
    endloop
  endfacet
  facet normal 0 -0 1
    outer loop
      vertex -46.5371548 -39.9170822 0.041
      vertex -46.3907885 -39.8842146 0.041
      vertex -46.5816312 -39.7069926 0.041
    endloop
  endfacet
  facet normal -0 0 1
    outer loop
      vertex -46.5816312 -39.7069926 0.041
      vertex -46.3907885 -39.8842146 0.041
      vertex -46.4345023 -39.6777268 0.041
    endloop
  endfacet
  facet normal 0 0 1
    outer loop
      vertex -46.5816312 -39.7069926 0.041
      vertex -46.4345023 -39.6777268 0.041
      vertex -46.4731355 -39.4702285 0.041
    endloop
  endfacet
  facet normal 0 -0 1
    outer loop
      vertex -46.5816312 -39.7069926 0.041
      vertex -46.4731355 -39.4702285 0.041
      vertex -46.6209382 -39.4958747 0.041
    endloop
  endfacet
  facet normal 0 0 1
    outer loop
      vertex -46.6209382 -39.4958747 0.041
      vertex -46.4731355 -39.4702285 0.041
      vertex -46.5066647 -39.2618445 0.041
    endloop
  endfacet
  facet normal 0 -0 1
    outer loop
      vertex -46.6209382 -39.4958747 0.041
      vertex -46.5066647 -39.2618445 0.041
      vertex -46.6550524 -39.2838557 0.041
    endloop
  endfacet
  facet normal 0 -0 1
    outer loop
      vertex -46.6550524 -39.2838557 0.041
      vertex -46.5066647 -39.2618445 0.041
      vertex -46.683953 -39.0710634 0.041
    endloop
  endfacet
  facet normal -0 0 1
    outer loop
      vertex -46.683953 -39.0710634 0.041
      vertex -46.5066647 -39.2618445 0.041
      vertex -46.5350699 -39.0527005 0.041
    endloop
  endfacet
  facet normal 0 0 1
    outer loop
      vertex -46.683953 -39.0710634 0.041
      vertex -46.5350699 -39.0527005 0.041
      vertex -46.5583338 -38.8429223 0.041
    endloop
  endfacet
  facet normal 0 -0 1
    outer loop
      vertex -46.683953 -39.0710634 0.041
      vertex -46.5583338 -38.8429223 0.041
      vertex -46.7076228 -38.857626 0.041
    endloop
  endfacet
  facet normal 0 0 1
    outer loop
      vertex -46.7076228 -38.857626 0.041
      vertex -46.5583338 -38.8429223 0.041
      vertex -46.5764426 -38.6326364 0.041
    endloop
  endfacet
  facet normal 0 -0 1
    outer loop
      vertex -46.7076228 -38.857626 0.041
      vertex -46.5764426 -38.6326364 0.041
      vertex -46.7260474 -38.6436719 0.041
    endloop
  endfacet
  facet normal 0 -0 1
    outer loop
      vertex -46.7260474 -38.6436719 0.041
      vertex -46.5764426 -38.6326364 0.041
      vertex -46.7392158 -38.4293301 0.041
    endloop
  endfacet
  facet normal -0 0 1
    outer loop
      vertex -46.7392158 -38.4293301 0.041
      vertex -46.5764426 -38.6326364 0.041
      vertex -46.5893852 -38.4219694 0.041
    endloop
  endfacet
  facet normal 0 0 1
    outer loop
      vertex -46.7392158 -38.4293301 0.041
      vertex -46.5893852 -38.4219694 0.041
      vertex -46.5971539 -38.2110483 0.041
    endloop
  endfacet
  facet normal 0 -0 1
    outer loop
      vertex -46.7392158 -38.4293301 0.041
      vertex -46.5971539 -38.2110483 0.041
      vertex -46.74712 -38.2147297 0.041
    endloop
  endfacet
  facet normal 0 -0 1
    outer loop
      vertex -46.74712 -38.2147297 0.041
      vertex -46.5971539 -38.2110483 0.041
      vertex -46.75 -37.980058 0.041
    endloop
  endfacet
  facet normal -0 0 1
    outer loop
      vertex -46.75 -37.980058 0.041
      vertex -46.5971539 -38.2110483 0.041
      vertex -46.6 -37.9791376 0.041
    endloop
  endfacet
  facet normal 0 0 1
    outer loop
      vertex -46.75 -37.980058 0.041
      vertex -46.6 -37.9791376 0.041
      vertex -46.75 -3.4 0.041
    endloop
  endfacet
  facet normal 0 0 1
    outer loop
      vertex -53.25 -3.4 0.041
      vertex -46.75 -3.4 0.041
      vertex -53.25 -3.25 0.041
    endloop
  endfacet
  facet normal -0 0 1
    outer loop
      vertex -53.25 -3.25 0.041
      vertex -46.75 -3.4 0.041
      vertex -46.75 -3.25 0.041
    endloop
  endfacet
  facet normal 0 0 1
    outer loop
      vertex -53.25 3.25 0.041
      vertex -46.75 3.25 0.041
      vertex -53.25 3.4 0.041
    endloop
  endfacet
  facet normal -0 0 1
    outer loop
      vertex -53.25 3.4 0.041
      vertex -46.75 3.25 0.041
      vertex -46.75 3.4 0.041
    endloop
  endfacet
  facet normal 0 0 1
    outer loop
      vertex -46.75 37.980058 0.041
      vertex -46.75 3.4 0.041
      vertex -46.6 37.9791376 0.041
    endloop
  endfacet
  facet normal -0 0 1
    outer loop
      vertex -46.75 37.980058 0.041
      vertex -46.6 37.9791376 0.041
      vertex -46.5971539 38.2110483 0.041
    endloop
  endfacet
  facet normal 0 0 1
    outer loop
      vertex -46.75 37.980058 0.041
      vertex -46.5971539 38.2110483 0.041
      vertex -46.74712 38.2147297 0.041
    endloop
  endfacet
  facet normal -0 0 1
    outer loop
      vertex -46.74712 38.2147297 0.041
      vertex -46.5971539 38.2110483 0.041
      vertex -46.7392158 38.4293301 0.041
    endloop
  endfacet
  facet normal 0 0 1
    outer loop
      vertex -46.7392158 38.4293301 0.041
      vertex -46.5971539 38.2110483 0.041
      vertex -46.5893852 38.4219694 0.041
    endloop
  endfacet
  facet normal -0 0 1
    outer loop
      vertex -46.7392158 38.4293301 0.041
      vertex -46.5893852 38.4219694 0.041
      vertex -46.5764426 38.6326364 0.041
    endloop
  endfacet
  facet normal 0 0 1
    outer loop
      vertex -46.7392158 38.4293301 0.041
      vertex -46.5764426 38.6326364 0.041
      vertex -46.7260474 38.6436719 0.041
    endloop
  endfacet
  facet normal -0 0 1
    outer loop
      vertex -46.7260474 38.6436719 0.041
      vertex -46.5764426 38.6326364 0.041
      vertex -46.5583338 38.8429223 0.041
    endloop
  endfacet
  facet normal 0 0 1
    outer loop
      vertex -46.7260474 38.6436719 0.041
      vertex -46.5583338 38.8429223 0.041
      vertex -46.7076228 38.857626 0.041
    endloop
  endfacet
  facet normal -0 0 1
    outer loop
      vertex -46.7076228 38.857626 0.041
      vertex -46.5583338 38.8429223 0.041
      vertex -46.683953 39.0710634 0.041
    endloop
  endfacet
  facet normal 0 0 1
    outer loop
      vertex -46.683953 39.0710634 0.041
      vertex -46.5583338 38.8429223 0.041
      vertex -46.5350699 39.0527005 0.041
    endloop
  endfacet
  facet normal -0 0 1
    outer loop
      vertex -46.683953 39.0710634 0.041
      vertex -46.5350699 39.0527005 0.041
      vertex -46.5066647 39.2618445 0.041
    endloop
  endfacet
  facet normal 0 0 1
    outer loop
      vertex -46.683953 39.0710634 0.041
      vertex -46.5066647 39.2618445 0.041
      vertex -46.6550524 39.2838557 0.041
    endloop
  endfacet
  facet normal -0 0 1
    outer loop
      vertex -46.6550524 39.2838557 0.041
      vertex -46.5066647 39.2618445 0.041
      vertex -46.6209382 39.4958747 0.041
    endloop
  endfacet
  facet normal 0 0 1
    outer loop
      vertex -46.6209382 39.4958747 0.041
      vertex -46.5066647 39.2618445 0.041
      vertex -46.4731355 39.4702285 0.041
    endloop
  endfacet
  facet normal -0 0 1
    outer loop
      vertex -46.6209382 39.4958747 0.041
      vertex -46.4731355 39.4702285 0.041
      vertex -46.5816312 39.7069926 0.041
    endloop
  endfacet
  facet normal 0 0 1
    outer loop
      vertex -46.5816312 39.7069926 0.041
      vertex -46.4731355 39.4702285 0.041
      vertex -46.4345023 39.6777268 0.041
    endloop
  endfacet
  facet normal -0 0 1
    outer loop
      vertex -46.5816312 39.7069926 0.041
      vertex -46.4345023 39.6777268 0.041
      vertex -46.3907885 39.8842146 0.041
    endloop
  endfacet
  facet normal 0 0 1
    outer loop
      vertex -46.5816312 39.7069926 0.041
      vertex -46.3907885 39.8842146 0.041
      vertex -46.5371548 39.9170822 0.041
    endloop
  endfacet
  facet normal -0 0 1
    outer loop
      vertex -46.5371548 39.9170822 0.041
      vertex -46.3907885 39.8842146 0.041
      vertex -46.4875361 40.1260171 0.041
    endloop
  endfacet
  facet normal 0 0 1
    outer loop
      vertex -46.4875361 40.1260171 0.041
      vertex -46.3907885 39.8842146 0.041
      vertex -46.3420204 40.0895673 0.041
    endloop
  endfacet
  facet normal -0 0 1
    outer loop
      vertex -46.4875361 40.1260171 0.041
      vertex -46.3420204 40.0895673 0.041
      vertex -46.4328047 40.3336714 0.041
    endloop
  endfacet
  facet normal 0 0 1
    outer loop
      vertex -46.4328047 40.3336714 0.041
      vertex -46.3420204 40.0895673 0.041
      vertex -46.2882274 40.2936614 0.041
    endloop
  endfacet
  facet normal -0 0 1
    outer loop
      vertex -46.4328047 40.3336714 0.041
      vertex -46.2882274 40.2936614 0.041
      vertex -46.2294419 40.4963739 0.041
    endloop
  endfacet
  facet normal 0 0 1
    outer loop
      vertex -46.4328047 40.3336714 0.041
      vertex -46.2294419 40.4963739 0.041
      vertex -46.3729937 40.5399199 0.041
    endloop
  endfacet
  facet normal -0 0 1
    outer loop
      vertex -46.3729937 40.5399199 0.041
      vertex -46.2294419 40.4963739 0.041
      vertex -46.3081392 40.7446385 0.041
    endloop
  endfacet
  facet normal 0 0 1
    outer loop
      vertex -46.3081392 40.7446385 0.041
      vertex -46.2294419 40.4963739 0.041
      vertex -46.1656992 40.6975827 0.041
    endloop
  endfacet
  facet normal -0 0 1
    outer loop
      vertex -46.3081392 40.7446385 0.041
      vertex -46.1656992 40.6975827 0.041
      vertex -46.2382801 40.9477038 0.041
    endloop
  endfacet
  facet normal 0 0 1
    outer loop
      vertex -46.2382801 40.9477038 0.041
      vertex -46.1656992 40.6975827 0.041
      vertex -46.0970379 40.8971665 0.041
    endloop
  endfacet
  facet normal -0 0 1
    outer loop
      vertex -46.2382801 40.9477038 0.041
      vertex -46.0970379 40.8971665 0.041
      vertex -46.0234992 41.0950052 0.041
    endloop
  endfacet
  facet normal 0 0 1
    outer loop
      vertex -46.2382801 40.9477038 0.041
      vertex -46.0234992 41.0950052 0.041
      vertex -46.1634587 41.1489935 0.041
    endloop
  endfacet
  facet normal -0 0 1
    outer loop
      vertex -46.1634587 41.1489935 0.041
      vertex -46.0234992 41.0950052 0.041
      vertex -46.0837198 41.3483864 0.041
    endloop
  endfacet
  facet normal 0 0 1
    outer loop
      vertex -46.0837198 41.3483864 0.041
      vertex -46.0234992 41.0950052 0.041
      vertex -45.9451274 41.2909795 0.041
    endloop
  endfacet
  facet normal -0 0 1
    outer loop
      vertex -46.0837198 41.3483864 0.041
      vertex -45.9451274 41.2909795 0.041
      vertex -45.9991116 41.5457623 0.041
    endloop
  endfacet
  facet normal 0 0 1
    outer loop
      vertex -45.9991116 41.5457623 0.041
      vertex -45.9451274 41.2909795 0.041
      vertex -45.8619698 41.4849715 0.041
    endloop
  endfacet
  facet normal -0 0 1
    outer loop
      vertex -45.9991116 41.5457623 0.041
      vertex -45.8619698 41.4849715 0.041
      vertex -45.7740765 41.6768643 0.041
    endloop
  endfacet
  facet normal 0 0 1
    outer loop
      vertex -45.9991116 41.5457623 0.041
      vertex -45.7740765 41.6768643 0.041
      vertex -45.9096851 41.7410024 0.041
    endloop
  endfacet
  facet normal -0 0 1
    outer loop
      vertex -45.9096851 41.7410024 0.041
      vertex -45.7740765 41.6768643 0.041
      vertex -45.815494 41.9339891 0.041
    endloop
  endfacet
  facet normal 0 0 1
    outer loop
      vertex -45.815494 41.9339891 0.041
      vertex -45.7740765 41.6768643 0.041
      vertex -45.6815003 41.8665423 0.041
    endloop
  endfacet
  facet normal -0 0 1
    outer loop
      vertex -45.815494 41.9339891 0.041
      vertex -45.6815003 41.8665423 0.041
      vertex -45.7165952 42.1246061 0.041
    endloop
  endfacet
  facet normal 0 0 1
    outer loop
      vertex -45.7165952 42.1246061 0.041
      vertex -45.6815003 41.8665423 0.041
      vertex -45.5842971 42.0538912 0.041
    endloop
  endfacet
  facet normal -0 0 1
    outer loop
      vertex -45.7165952 42.1246061 0.041
      vertex -45.5842971 42.0538912 0.041
      vertex -45.4825254 42.2387983 0.041
    endloop
  endfacet
  facet normal 0 0 1
    outer loop
      vertex -45.7165952 42.1246061 0.041
      vertex -45.4825254 42.2387983 0.041
      vertex -45.6130482 42.3127386 0.041
    endloop
  endfacet
  facet normal -0 0 1
    outer loop
      vertex -45.6130482 42.3127386 0.041
      vertex -45.4825254 42.2387983 0.041
      vertex -45.3762464 42.421152 0.041
    endloop
  endfacet
  facet normal 0 0 1
    outer loop
      vertex -45.6130482 42.3127386 0.041
      vertex -45.3762464 42.421152 0.041
      vertex -45.5049154 42.4982732 0.041
    endloop
  endfacet
  facet normal -0 0 1
    outer loop
      vertex -45.5049154 42.4982732 0.041
      vertex -45.3762464 42.421152 0.041
      vertex -45.2655244 42.6008426 0.041
    endloop
  endfacet
  facet normal 0 0 1
    outer loop
      vertex -45.5049154 42.4982732 0.041
      vertex -45.2655244 42.6008426 0.041
      vertex -45.3922619 42.6810982 0.041
    endloop
  endfacet
  facet normal -0 0 1
    outer loop
      vertex -45.3922619 42.6810982 0.041
      vertex -45.2655244 42.6008426 0.041
      vertex -45.1504258 42.7777618 0.041
    endloop
  endfacet
  facet normal 0 0 1
    outer loop
      vertex -45.3922619 42.6810982 0.041
      vertex -45.1504258 42.7777618 0.041
      vertex -45.2751556 42.8611036 0.041
    endloop
  endfacet
  facet normal -0 0 1
    outer loop
      vertex -45.2751556 42.8611036 0.041
      vertex -45.1504258 42.7777618 0.041
      vertex -45.153667 43.0381808 0.041
    endloop
  endfacet
  facet normal 0 0 1
    outer loop
      vertex -45.153667 43.0381808 0.041
      vertex -45.1504258 42.7777618 0.041
      vertex -45.0310201 42.951803 0.041
    endloop
  endfacet
  facet normal -0 0 1
    outer loop
      vertex -45.153667 43.0381808 0.041
      vertex -45.0310201 42.951803 0.041
      vertex -45.0278693 43.2122231 0.041
    endloop
  endfacet
  facet normal 0 0 1
    outer loop
      vertex -45.0278693 43.2122231 0.041
      vertex -45.0310201 42.951803 0.041
      vertex -44.9073791 43.1228615 0.041
    endloop
  endfacet
  facet normal -0 0 1
    outer loop
      vertex -45.0278693 43.2122231 0.041
      vertex -44.9073791 43.1228615 0.041
      vertex -44.7795774 43.2908342 0.041
    endloop
  endfacet
  facet normal 0 0 1
    outer loop
      vertex -45.0278693 43.2122231 0.041
      vertex -44.7795774 43.2908342 0.041
      vertex -44.8978383 43.3831258 0.041
    endloop
  endfacet
  facet normal -0 0 1
    outer loop
      vertex -44.8978383 43.3831258 0.041
      vertex -44.7795774 43.2908342 0.041
      vertex -44.7636523 43.550786 0.041
    endloop
  endfacet
  facet normal 0 0 1
    outer loop
      vertex -44.7636523 43.550786 0.041
      vertex -44.7795774 43.2908342 0.041
      vertex -44.647692 43.4556198 0.041
    endloop
  endfacet
  facet normal 0 0 1
    outer loop
      vertex -37.9791376 46.6 0.041
      vertex -3.4 46.6 0.041
      vertex -3.4 46.75 0.041
    endloop
  endfacet
  facet normal -0 0 1
    outer loop
      vertex 3.25 46.75 0.041
      vertex 3.4 46.6 0.041
      vertex 3.4 46.75 0.041
    endloop
  endfacet
  facet normal 0 0 1
    outer loop
      vertex 3.4 46.75 0.041
      vertex 3.4 46.6 0.041
      vertex 37.9791376 46.6 0.041
    endloop
  endfacet
  facet normal 0 0 1
    outer loop
      vertex 46.5971539 38.2110483 0.041
      vertex 46.6 37.9791376 0.041
      vertex 46.75 37.980058 0.041
    endloop
  endfacet
  facet normal 0 0 1
    outer loop
      vertex 46.75 37.980058 0.041
      vertex 46.6 37.9791376 0.041
      vertex 46.75 3.4 0.041
    endloop
  endfacet
  facet normal 0 0 1
    outer loop
      vertex 53.25 3.4 0.041
      vertex 46.75 3.4 0.041
      vertex 46.75 3.25 0.041
    endloop
  endfacet
  facet normal 0 0 1
    outer loop
      vertex 53.25 3.4 0.041
      vertex 46.75 3.25 0.041
      vertex 53.25 3.25 0.041
    endloop
  endfacet
  facet normal 0 0 1
    outer loop
      vertex 53.25 -3.25 0.041
      vertex 46.75 -3.4 0.041
      vertex 53.25 -3.4 0.041
    endloop
  endfacet
  facet normal 0 -0 1
    outer loop
      vertex 46.75 -37.980058 0.041
      vertex 46.75 -3.4 0.041
      vertex 46.6 -37.9791376 0.041
    endloop
  endfacet
  facet normal 0 0 1
    outer loop
      vertex 46.75 -37.980058 0.041
      vertex 46.6 -37.9791376 0.041
      vertex 46.5971539 -38.2110483 0.041
    endloop
  endfacet
  facet normal 0 0 1
    outer loop
      vertex 46.75 -37.980058 0.041
      vertex 46.5971539 -38.2110483 0.041
      vertex 46.74712 -38.2147297 0.041
    endloop
  endfacet
  facet normal 0 0 1
    outer loop
      vertex 46.74712 -38.2147297 0.041
      vertex 46.5971539 -38.2110483 0.041
      vertex 46.7392158 -38.4293301 0.041
    endloop
  endfacet
  facet normal 0 0 1
    outer loop
      vertex 46.7392158 -38.4293301 0.041
      vertex 46.5971539 -38.2110483 0.041
      vertex 46.5893852 -38.4219694 0.041
    endloop
  endfacet
  facet normal 0 0 1
    outer loop
      vertex 46.7392158 -38.4293301 0.041
      vertex 46.5893852 -38.4219694 0.041
      vertex 46.5764426 -38.6326364 0.041
    endloop
  endfacet
  facet normal 0 0 1
    outer loop
      vertex 46.7392158 -38.4293301 0.041
      vertex 46.5764426 -38.6326364 0.041
      vertex 46.7260474 -38.6436719 0.041
    endloop
  endfacet
  facet normal 0 0 1
    outer loop
      vertex 46.7260474 -38.6436719 0.041
      vertex 46.5764426 -38.6326364 0.041
      vertex 46.7076228 -38.857626 0.041
    endloop
  endfacet
  facet normal 0 0 1
    outer loop
      vertex 46.7076228 -38.857626 0.041
      vertex 46.5764426 -38.6326364 0.041
      vertex 46.5583338 -38.8429223 0.041
    endloop
  endfacet
  facet normal 0 0 1
    outer loop
      vertex 46.7076228 -38.857626 0.041
      vertex 46.5583338 -38.8429223 0.041
      vertex 46.683953 -39.0710634 0.041
    endloop
  endfacet
  facet normal 0 0 1
    outer loop
      vertex 46.683953 -39.0710634 0.041
      vertex 46.5583338 -38.8429223 0.041
      vertex 46.5350699 -39.0527005 0.041
    endloop
  endfacet
  facet normal 0 0 1
    outer loop
      vertex 46.683953 -39.0710634 0.041
      vertex 46.5350699 -39.0527005 0.041
      vertex 46.5066647 -39.2618445 0.041
    endloop
  endfacet
  facet normal 0 0 1
    outer loop
      vertex 46.683953 -39.0710634 0.041
      vertex 46.5066647 -39.2618445 0.041
      vertex 46.6550524 -39.2838557 0.041
    endloop
  endfacet
  facet normal 0 0 1
    outer loop
      vertex 46.6550524 -39.2838557 0.041
      vertex 46.5066647 -39.2618445 0.041
      vertex 46.6209382 -39.4958747 0.041
    endloop
  endfacet
  facet normal 0 0 1
    outer loop
      vertex 46.6209382 -39.4958747 0.041
      vertex 46.5066647 -39.2618445 0.041
      vertex 46.4731355 -39.4702285 0.041
    endloop
  endfacet
  facet normal 0 0 1
    outer loop
      vertex 46.6209382 -39.4958747 0.041
      vertex 46.4731355 -39.4702285 0.041
      vertex 46.5816312 -39.7069926 0.041
    endloop
  endfacet
  facet normal 0 0 1
    outer loop
      vertex 46.5816312 -39.7069926 0.041
      vertex 46.4731355 -39.4702285 0.041
      vertex 46.4345023 -39.6777268 0.041
    endloop
  endfacet
  facet normal 0 0 1
    outer loop
      vertex 46.5816312 -39.7069926 0.041
      vertex 46.4345023 -39.6777268 0.041
      vertex 46.3907885 -39.8842146 0.041
    endloop
  endfacet
  facet normal 0 0 1
    outer loop
      vertex 46.5816312 -39.7069926 0.041
      vertex 46.3907885 -39.8842146 0.041
      vertex 46.5371548 -39.9170822 0.041
    endloop
  endfacet
  facet normal 0 0 1
    outer loop
      vertex 46.5371548 -39.9170822 0.041
      vertex 46.3907885 -39.8842146 0.041
      vertex 46.3420204 -40.0895673 0.041
    endloop
  endfacet
  facet normal 0 0 1
    outer loop
      vertex 46.5371548 -39.9170822 0.041
      vertex 46.3420204 -40.0895673 0.041
      vertex 46.4875361 -40.1260171 0.041
    endloop
  endfacet
  facet normal 0 0 1
    outer loop
      vertex 46.4875361 -40.1260171 0.041
      vertex 46.3420204 -40.0895673 0.041
      vertex 46.4328047 -40.3336714 0.041
    endloop
  endfacet
  facet normal 0 0 1
    outer loop
      vertex 46.4328047 -40.3336714 0.041
      vertex 46.3420204 -40.0895673 0.041
      vertex 46.2882274 -40.2936614 0.041
    endloop
  endfacet
  facet normal 0 0 1
    outer loop
      vertex 46.4328047 -40.3336714 0.041
      vertex 46.2882274 -40.2936614 0.041
      vertex 46.3729937 -40.5399199 0.041
    endloop
  endfacet
  facet normal 0 0 1
    outer loop
      vertex 46.3729937 -40.5399199 0.041
      vertex 46.2882274 -40.2936614 0.041
      vertex 46.2294419 -40.4963739 0.041
    endloop
  endfacet
  facet normal 0 0 1
    outer loop
      vertex 46.3729937 -40.5399199 0.041
      vertex 46.2294419 -40.4963739 0.041
      vertex 46.3081392 -40.7446385 0.041
    endloop
  endfacet
  facet normal 0 0 1
    outer loop
      vertex 46.3081392 -40.7446385 0.041
      vertex 46.2294419 -40.4963739 0.041
      vertex 46.1656992 -40.6975827 0.041
    endloop
  endfacet
  facet normal 0 0 1
    outer loop
      vertex 46.3081392 -40.7446385 0.041
      vertex 46.1656992 -40.6975827 0.041
      vertex 46.2382801 -40.9477038 0.041
    endloop
  endfacet
  facet normal 0 0 1
    outer loop
      vertex 46.2382801 -40.9477038 0.041
      vertex 46.1656992 -40.6975827 0.041
      vertex 46.0970379 -40.8971665 0.041
    endloop
  endfacet
  facet normal 0 0 1
    outer loop
      vertex 46.2382801 -40.9477038 0.041
      vertex 46.0970379 -40.8971665 0.041
      vertex 46.0234992 -41.0950052 0.041
    endloop
  endfacet
  facet normal 0 0 1
    outer loop
      vertex 46.2382801 -40.9477038 0.041
      vertex 46.0234992 -41.0950052 0.041
      vertex 46.1634587 -41.1489935 0.041
    endloop
  endfacet
  facet normal 0 0 1
    outer loop
      vertex 46.1634587 -41.1489935 0.041
      vertex 46.0234992 -41.0950052 0.041
      vertex 46.0837198 -41.3483864 0.041
    endloop
  endfacet
  facet normal 0 0 1
    outer loop
      vertex 46.0837198 -41.3483864 0.041
      vertex 46.0234992 -41.0950052 0.041
      vertex 45.9451274 -41.2909795 0.041
    endloop
  endfacet
  facet normal 0 0 1
    outer loop
      vertex 46.0837198 -41.3483864 0.041
      vertex 45.9451274 -41.2909795 0.041
      vertex 45.9991116 -41.5457623 0.041
    endloop
  endfacet
  facet normal 0 0 1
    outer loop
      vertex 45.9991116 -41.5457623 0.041
      vertex 45.9451274 -41.2909795 0.041
      vertex 45.8619698 -41.4849715 0.041
    endloop
  endfacet
  facet normal 0 0 1
    outer loop
      vertex 45.9991116 -41.5457623 0.041
      vertex 45.8619698 -41.4849715 0.041
      vertex 45.7740765 -41.6768643 0.041
    endloop
  endfacet
  facet normal 0 0 1
    outer loop
      vertex 45.9991116 -41.5457623 0.041
      vertex 45.7740765 -41.6768643 0.041
      vertex 45.9096851 -41.7410024 0.041
    endloop
  endfacet
  facet normal 0 0 1
    outer loop
      vertex 45.9096851 -41.7410024 0.041
      vertex 45.7740765 -41.6768643 0.041
      vertex 45.815494 -41.9339891 0.041
    endloop
  endfacet
  facet normal 0 0 1
    outer loop
      vertex 45.815494 -41.9339891 0.041
      vertex 45.7740765 -41.6768643 0.041
      vertex 45.6815003 -41.8665423 0.041
    endloop
  endfacet
  facet normal 0 0 1
    outer loop
      vertex 45.815494 -41.9339891 0.041
      vertex 45.6815003 -41.8665423 0.041
      vertex 45.7165952 -42.1246061 0.041
    endloop
  endfacet
  facet normal 0 0 1
    outer loop
      vertex 45.7165952 -42.1246061 0.041
      vertex 45.6815003 -41.8665423 0.041
      vertex 45.5842971 -42.0538912 0.041
    endloop
  endfacet
  facet normal 0 0 1
    outer loop
      vertex 45.7165952 -42.1246061 0.041
      vertex 45.5842971 -42.0538912 0.041
      vertex 45.4825254 -42.2387983 0.041
    endloop
  endfacet
  facet normal 0 0 1
    outer loop
      vertex 45.7165952 -42.1246061 0.041
      vertex 45.4825254 -42.2387983 0.041
      vertex 45.6130482 -42.3127386 0.041
    endloop
  endfacet
  facet normal 0 0 1
    outer loop
      vertex 45.6130482 -42.3127386 0.041
      vertex 45.4825254 -42.2387983 0.041
      vertex 45.3762464 -42.421152 0.041
    endloop
  endfacet
  facet normal 0 0 1
    outer loop
      vertex 45.6130482 -42.3127386 0.041
      vertex 45.3762464 -42.421152 0.041
      vertex 45.5049154 -42.4982732 0.041
    endloop
  endfacet
  facet normal 0 0 1
    outer loop
      vertex 45.5049154 -42.4982732 0.041
      vertex 45.3762464 -42.421152 0.041
      vertex 45.3922619 -42.6810982 0.041
    endloop
  endfacet
  facet normal 0 0 1
    outer loop
      vertex 45.3922619 -42.6810982 0.041
      vertex 45.3762464 -42.421152 0.041
      vertex 45.2655244 -42.6008426 0.041
    endloop
  endfacet
  facet normal 0 0 1
    outer loop
      vertex 45.3922619 -42.6810982 0.041
      vertex 45.2655244 -42.6008426 0.041
      vertex 45.2751556 -42.8611036 0.041
    endloop
  endfacet
  facet normal 0 0 1
    outer loop
      vertex 45.2751556 -42.8611036 0.041
      vertex 45.2655244 -42.6008426 0.041
      vertex 45.1504258 -42.7777618 0.041
    endloop
  endfacet
  facet normal 0 0 1
    outer loop
      vertex 45.2751556 -42.8611036 0.041
      vertex 45.1504258 -42.7777618 0.041
      vertex 45.153667 -43.0381808 0.041
    endloop
  endfacet
  facet normal 0 0 1
    outer loop
      vertex 45.153667 -43.0381808 0.041
      vertex 45.1504258 -42.7777618 0.041
      vertex 45.0310201 -42.951803 0.041
    endloop
  endfacet
  facet normal 0 0 1
    outer loop
      vertex 45.153667 -43.0381808 0.041
      vertex 45.0310201 -42.951803 0.041
      vertex 44.9073791 -43.1228615 0.041
    endloop
  endfacet
  facet normal 0 0 1
    outer loop
      vertex 45.153667 -43.0381808 0.041
      vertex 44.9073791 -43.1228615 0.041
      vertex 45.0278693 -43.2122231 0.041
    endloop
  endfacet
  facet normal 0 0 1
    outer loop
      vertex 45.0278693 -43.2122231 0.041
      vertex 44.9073791 -43.1228615 0.041
      vertex 44.7795774 -43.2908342 0.041
    endloop
  endfacet
  facet normal 0 0 1
    outer loop
      vertex 45.0278693 -43.2122231 0.041
      vertex 44.7795774 -43.2908342 0.041
      vertex 44.8978383 -43.3831258 0.041
    endloop
  endfacet
  facet normal 0 0 1
    outer loop
      vertex 44.8978383 -43.3831258 0.041
      vertex 44.7795774 -43.2908342 0.041
      vertex 44.7636523 -43.550786 0.041
    endloop
  endfacet
  facet normal 0 -0 1
    outer loop
      vertex 44.7636523 -43.550786 0.041
      vertex 44.7795774 -43.2908342 0.041
      vertex 44.647692 -43.4556198 0.041
    endloop
  endfacet
  facet normal 0 0 1
    outer loop
      vertex 44.7636523 -43.550786 0.041
      vertex 44.647692 -43.4556198 0.041
      vertex 44.6253921 -43.7151025 0.041
    endloop
  endfacet
  facet normal 0 -0 1
    outer loop
      vertex 44.6253921 -43.7151025 0.041
      vertex 44.647692 -43.4556198 0.041
      vertex 44.5118022 -43.6171192 0.041
    endloop
  endfacet
  facet normal 0 0 1
    outer loop
      vertex 44.6253921 -43.7151025 0.041
      vertex 44.5118022 -43.6171192 0.041
      vertex 44.483141 -43.8759765 0.041
    endloop
  endfacet
  facet normal 0 -0 1
    outer loop
      vertex 44.483141 -43.8759765 0.041
      vertex 44.5118022 -43.6171192 0.041
      vertex 44.37199 -43.7752351 0.041
    endloop
  endfacet
  facet normal 0 0 1
    outer loop
      vertex 44.483141 -43.8759765 0.041
      vertex 44.37199 -43.7752351 0.041
      vertex 44.2283395 -43.9298721 0.041
    endloop
  endfacet
  facet normal 0 0 1
    outer loop
      vertex 44.483141 -43.8759765 0.041
      vertex 44.2283395 -43.9298721 0.041
      vertex 44.3369847 -44.033311 0.041
    endloop
  endfacet
  facet normal 0 0 1
    outer loop
      vertex 44.3369847 -44.033311 0.041
      vertex 44.2283395 -43.9298721 0.041
      vertex 44.0809373 -44.0809373 0.041
    endloop
  endfacet
  facet normal 0 0 1
    outer loop
      vertex 44.3369847 -44.033311 0.041
      vertex 44.0809373 -44.0809373 0.041
      vertex 44.1870113 -44.1870113 0.041
    endloop
  endfacet
  facet normal 0 0 1
    outer loop
      vertex 37.9791376 -46.6 0.041
      vertex 3.4 -46.6 0.041
      vertex 3.4 -46.75 0.041
    endloop
  endfacet
  facet normal 0 -0 1
    outer loop
      vertex 3.4 -46.75 0.041
      vertex 3.4 -46.6 0.041
      vertex 3.25 -46.75 0.041
    endloop
  endfacet
  facet normal 0 0 1
    outer loop
      vertex -3.4 -46.75 0.041
      vertex -3.4 -46.6 0.041
      vertex -37.9791376 -46.6 0.041
    endloop
  endfacet
  facet normal 0 -0 1
    outer loop
      vertex -46.6 -37.9791376 0.041
      vertex -46.6 -3.4 0.041
      vertex -46.75 -3.4 0.041
    endloop
  endfacet
  facet normal 0 0 1
    outer loop
      vertex -46.75 -3.4 0.041
      vertex -46.6 -3.4 0.041
      vertex -46.75 -3.25 0.041
    endloop
  endfacet
  facet normal 0 0 1
    outer loop
      vertex -46.75 3.25 0.041
      vertex -46.6 3.4 0.041
      vertex -46.75 3.4 0.041
    endloop
  endfacet
  facet normal 0 0 1
    outer loop
      vertex -46.75 3.4 0.041
      vertex -46.6 3.4 0.041
      vertex -46.6 37.9791376 0.041
    endloop
  endfacet
  facet normal -0 0 1
    outer loop
      vertex -6.9 6.9 0.041
      vertex -6.75 6.75 0.041
      vertex -3.4 6.9 0.041
    endloop
  endfacet
  facet normal 0 0 1
    outer loop
      vertex 46.6 37.9791376 0.041
      vertex 46.6 3.4 0.041
      vertex 46.75 3.4 0.041
    endloop
  endfacet
  facet normal 0 0 1
    outer loop
      vertex 46.75 3.4 0.041
      vertex 46.6 3.4 0.041
      vertex 46.75 3.25 0.041
    endloop
  endfacet
  facet normal 0 0 1
    outer loop
      vertex 46.75 -3.4 0.041
      vertex 46.6 -3.4 0.041
      vertex 46.6 -37.9791376 0.041
    endloop
  endfacet
  facet normal 0 -0 1
    outer loop
      vertex 6.9 -6.9 0.041
      vertex 6.9 -3.4 0.041
      vertex 6.75 -6.75 0.041
    endloop
  endfacet
  facet normal 0 0 1
    outer loop
      vertex -6.9 -6.9 0.041
      vertex -3.4 -6.9 0.041
      vertex -6.75 -6.75 0.041
    endloop
  endfacet
  facet normal 0 0 1
    outer loop
      vertex -46.6 -3.4 0.041
      vertex -7 -3.4 0.041
      vertex -7 -3.25 0.041
    endloop
  endfacet
  facet normal -0 0 1
    outer loop
      vertex -46.6 3.4 0.041
      vertex -7 3.25 0.041
      vertex -7 3.4 0.041
    endloop
  endfacet
  facet normal -0 0 1
    outer loop
      vertex -7 3.4 0.041
      vertex -7 3.25 0.041
      vertex -6.9 3.4 0.041
    endloop
  endfacet
  facet normal 0 0 1
    outer loop
      vertex -6.75 6.75 0.041
      vertex -6.9 3.4 0.041
      vertex -6.75 3.25 0.041
    endloop
  endfacet
  facet normal 0 0 1
    outer loop
      vertex -6.75 6.75 0.041
      vertex -3.25 6.75 0.041
      vertex -3.4 6.9 0.041
    endloop
  endfacet
  facet normal -0 0 1
    outer loop
      vertex -3.4 6.9 0.041
      vertex -3.25 6.75 0.041
      vertex -3.25 7 0.041
    endloop
  endfacet
  facet normal 0 0 1
    outer loop
      vertex 3.4 7 0.041
      vertex 3.25 6.75 0.041
      vertex 3.4 6.9 0.041
    endloop
  endfacet
  facet normal 0 0 1
    outer loop
      vertex 6.75 6.75 0.041
      vertex 3.4 6.9 0.041
      vertex 3.25 6.75 0.041
    endloop
  endfacet
  facet normal 0 0 1
    outer loop
      vertex 6.75 6.75 0.041
      vertex 6.75 3.25 0.041
      vertex 6.9 3.4 0.041
    endloop
  endfacet
  facet normal 0 0 1
    outer loop
      vertex 7 -3.25 0.041
      vertex 6.75 -3.25 0.041
      vertex 6.9 -3.4 0.041
    endloop
  endfacet
  facet normal 0 0 1
    outer loop
      vertex 6.9 -3.4 0.041
      vertex 6.75 -3.25 0.041
      vertex 6.75 -6.75 0.041
    endloop
  endfacet
  facet normal 0 0 1
    outer loop
      vertex 6.75 -6.75 0.041
      vertex 3.25 -6.75 0.041
      vertex 3.4 -6.9 0.041
    endloop
  endfacet
  facet normal 0 -0 1
    outer loop
      vertex 3.4 -7 0.041
      vertex 3.4 -6.9 0.041
      vertex 3.25 -6.75 0.041
    endloop
  endfacet
  facet normal 0 -0 1
    outer loop
      vertex -3.25 -7 0.041
      vertex -3.25 -6.75 0.041
      vertex -3.4 -6.9 0.041
    endloop
  endfacet
  facet normal 0 -0 1
    outer loop
      vertex -3.4 -6.9 0.041
      vertex -3.25 -6.75 0.041
      vertex -6.75 -6.75 0.041
    endloop
  endfacet
  facet normal 0 -0 1
    outer loop
      vertex -6.75 -6.75 0.041
      vertex -6.75 -3.25 0.041
      vertex -6.9 -3.4 0.041
    endloop
  endfacet
  facet normal 0 0 1
    outer loop
      vertex -7 -3.4 0.041
      vertex -6.9 -3.4 0.041
      vertex -7 -3.25 0.041
    endloop
  endfacet
  facet normal -0 0 1
    outer loop
      vertex -7 -3.25 0.041
      vertex -6.9 -3.4 0.041
      vertex -6.75 -3.25 0.041
    endloop
  endfacet
  facet normal 0 0 1
    outer loop
      vertex -7 3.25 0.041
      vertex -6.75 3.25 0.041
      vertex -6.9 3.4 0.041
    endloop
  endfacet
  facet normal 0 0 1
    outer loop
      vertex 6.75 3.25 0.041
      vertex 7 3.4 0.041
      vertex 6.9 3.4 0.041
    endloop
  endfacet
endsolid white_edge_lines_inset_10cm
