solid yellow_centerlines
  facet normal 0 0 1
    outer loop
      vertex -47.000712 46.1577699 0.0405
      vertex -47.1982029 45.9344244 0.0405
      vertex -46.9451365 46.1073991 0.0405
    endloop
  endfacet
  facet normal -0 0 1
    outer loop
      vertex -47.000712 46.1577699 0.0405
      vertex -46.9451365 46.1073991 0.0405
      vertex -46.7977995 46.3762014 0.0405
    endloop
  endfacet
  facet normal 0 0 1
    outer loop
      vertex -46.7977995 46.3762014 0.0405
      vertex -46.9451365 46.1073991 0.0405
      vertex -46.7434769 46.324482 0.0405
    endloop
  endfacet
  facet normal -0 0 1
    outer loop
      vertex -46.7977995 46.3762014 0.0405
      vertex -46.7434769 46.324482 0.0405
      vertex -46.5895875 46.5895875 0.0405
    endloop
  endfacet
  facet normal 0 0 1
    outer loop
      vertex -46.5895875 46.5895875 0.0405
      vertex -46.7434769 46.324482 0.0405
      vertex -46.5365505 46.5365505 0.0405
    endloop
  endfacet
  facet normal -0 0 1
    outer loop
      vertex -46.5895875 46.5895875 0.0405
      vertex -46.5365505 46.5365505 0.0405
      vertex -46.324482 46.7434769 0.0405
    endloop
  endfacet
  facet normal 0 0 1
    outer loop
      vertex -46.5895875 46.5895875 0.0405
      vertex -46.324482 46.7434769 0.0405
      vertex -46.3762014 46.7977995 0.0405
    endloop
  endfacet
  facet normal -0 0 1
    outer loop
      vertex -46.3762014 46.7977995 0.0405
      vertex -46.324482 46.7434769 0.0405
      vertex -46.1073991 46.9451365 0.0405
    endloop
  endfacet
  facet normal 0 0 1
    outer loop
      vertex -46.3762014 46.7977995 0.0405
      vertex -46.1073991 46.9451365 0.0405
      vertex -46.1577699 47.000712 0.0405
    endloop
  endfacet
  facet normal -0 0 1
    outer loop
      vertex -46.1577699 47.000712 0.0405
      vertex -46.1073991 46.9451365 0.0405
      vertex -45.9344244 47.1982029 0.0405
    endloop
  endfacet
  facet normal 0 0 1
    outer loop
      vertex -45.9344244 47.1982029 0.0405
      vertex -46.1073991 46.9451365 0.0405
      vertex -45.8854327 47.1414079 0.0405
    endloop
  endfacet
  facet normal -0 0 1
    outer loop
      vertex -45.9344244 47.1982029 0.0405
      vertex -45.8854327 47.1414079 0.0405
      vertex -45.6587164 47.3321729 0.0405
    endloop
  endfacet
  facet normal 0 0 1
    outer loop
      vertex -45.9344244 47.1982029 0.0405
      vertex -45.6587164 47.3321729 0.0405
      vertex -45.7062995 47.3901531 0.0405
    endloop
  endfacet
  facet normal -0 0 1
    outer loop
      vertex -45.7062995 47.3901531 0.0405
      vertex -45.6587164 47.3321729 0.0405
      vertex -45.4735326 47.576447 0.0405
    endloop
  endfacet
  facet normal 0 0 1
    outer loop
      vertex -45.4735326 47.576447 0.0405
      vertex -45.6587164 47.3321729 0.0405
      vertex -45.4273867 47.5173166 0.0405
    endloop
  endfacet
  facet normal -0 0 1
    outer loop
      vertex -45.4735326 47.576447 0.0405
      vertex -45.4273867 47.5173166 0.0405
      vertex -45.2362639 47.7569724 0.0405
    endloop
  endfacet
  facet normal 0 0 1
    outer loop
      vertex -45.2362639 47.7569724 0.0405
      vertex -45.4273867 47.5173166 0.0405
      vertex -45.1915831 47.6967273 0.0405
    endloop
  endfacet
  facet normal -0 0 1
    outer loop
      vertex -45.2362639 47.7569724 0.0405
      vertex -45.1915831 47.6967273 0.0405
      vertex -44.9514475 47.8702971 0.0405
    endloop
  endfacet
  facet normal 0 0 1
    outer loop
      vertex -45.2362639 47.7569724 0.0405
      vertex -44.9514475 47.8702971 0.0405
      vertex -44.9946364 47.9316206 0.0405
    endloop
  endfacet
  facet normal -0 0 1
    outer loop
      vertex -44.9946364 47.9316206 0.0405
      vertex -44.9514475 47.8702971 0.0405
      vertex -44.7487956 48.1002864 0.0405
    endloop
  endfacet
  facet normal 0 0 1
    outer loop
      vertex -44.7487956 48.1002864 0.0405
      vertex -44.9514475 47.8702971 0.0405
      vertex -44.7071247 48.0379214 0.0405
    endloop
  endfacet
  facet normal -0 0 1
    outer loop
      vertex -44.7487956 48.1002864 0.0405
      vertex -44.7071247 48.0379214 0.0405
      vertex -44.4988895 48.2628681 0.0405
    endloop
  endfacet
  facet normal 0 0 1
    outer loop
      vertex -44.4988895 48.2628681 0.0405
      vertex -44.7071247 48.0379214 0.0405
      vertex -44.4587617 48.1994993 0.0405
    endloop
  endfacet
  facet normal -0 0 1
    outer loop
      vertex -44.4988895 48.2628681 0.0405
      vertex -44.4587617 48.1994993 0.0405
      vertex -44.2450688 48.4192678 0.0405
    endloop
  endfacet
  facet normal 0 0 1
    outer loop
      vertex -44.2450688 48.4192678 0.0405
      vertex -44.4587617 48.1994993 0.0405
      vertex -44.2065082 48.3549333 0.0405
    endloop
  endfacet
  facet normal -0 0 1
    outer loop
      vertex -44.2450688 48.4192678 0.0405
      vertex -44.2065082 48.3549333 0.0405
      vertex -43.9874863 48.5693914 0.0405
    endloop
  endfacet
  facet normal 0 0 1
    outer loop
      vertex -43.9874863 48.5693914 0.0405
      vertex -44.2065082 48.3549333 0.0405
      vertex -43.9505161 48.50413 0.0405
    endloop
  endfacet
  facet normal -0 0 1
    outer loop
      vertex -43.9874863 48.5693914 0.0405
      vertex -43.9505161 48.50413 0.0405
      vertex -43.6909397 48.6469993 0.0405
    endloop
  endfacet
  facet normal 0 0 1
    outer loop
      vertex -43.9874863 48.5693914 0.0405
      vertex -43.6909397 48.6469993 0.0405
      vertex -43.7262971 48.7131484 0.0405
    endloop
  endfacet
  facet normal -0 0 1
    outer loop
      vertex -43.7262971 48.7131484 0.0405
      vertex -43.6909397 48.6469993 0.0405
      vertex -43.4279352 48.7834553 0.0405
    endloop
  endfacet
  facet normal 0 0 1
    outer loop
      vertex -43.7262971 48.7131484 0.0405
      vertex -43.4279352 48.7834553 0.0405
      vertex -43.4616586 48.8504521 0.0405
    endloop
  endfacet
  facet normal -0 0 1
    outer loop
      vertex -43.4616586 48.8504521 0.0405
      vertex -43.4279352 48.7834553 0.0405
      vertex -43.1937302 48.98122 0.0405
    endloop
  endfacet
  facet normal 0 0 1
    outer loop
      vertex -43.1937302 48.98122 0.0405
      vertex -43.4279352 48.7834553 0.0405
      vertex -43.1616612 48.9134157 0.0405
    endloop
  endfacet
  facet normal -0 0 1
    outer loop
      vertex -43.1937302 48.98122 0.0405
      vertex -43.1616612 48.9134157 0.0405
      vertex -42.9226734 49.1053732 0.0405
    endloop
  endfacet
  facet normal 0 0 1
    outer loop
      vertex -42.9226734 49.1053732 0.0405
      vertex -43.1616612 48.9134157 0.0405
      vertex -42.892278 49.0368023 0.0405
    endloop
  endfacet
  facet normal -0 0 1
    outer loop
      vertex -42.9226734 49.1053732 0.0405
      vertex -42.892278 49.0368023 0.0405
      vertex -42.6486512 49.2228369 0.0405
    endloop
  endfacet
  facet normal 0 0 1
    outer loop
      vertex -42.6486512 49.2228369 0.0405
      vertex -42.892278 49.0368023 0.0405
      vertex -42.6199478 49.1535407 0.0405
    endloop
  endfacet
  facet normal -0 0 1
    outer loop
      vertex -42.6486512 49.2228369 0.0405
      vertex -42.6199478 49.1535407 0.0405
      vertex -42.371829 49.3335404 0.0405
    endloop
  endfacet
  facet normal 0 0 1
    outer loop
      vertex -42.371829 49.3335404 0.0405
      vertex -42.6199478 49.1535407 0.0405
      vertex -42.3448348 49.2635607 0.0405
    endloop
  endfacet
  facet normal -0 0 1
    outer loop
      vertex -42.371829 49.3335404 0.0405
      vertex -42.3448348 49.2635607 0.0405
      vertex -42.0671046 49.3667959 0.0405
    endloop
  endfacet
  facet normal 0 0 1
    outer loop
      vertex -42.371829 49.3335404 0.0405
      vertex -42.0671046 49.3667959 0.0405
      vertex -42.0923732 49.437417 0.0405
    endloop
  endfacet
  facet normal -0 0 1
    outer loop
      vertex -42.0923732 49.437417 0.0405
      vertex -42.0671046 49.3667959 0.0405
      vertex -41.7869245 49.4631841 0.0405
    endloop
  endfacet
  facet normal 0 0 1
    outer loop
      vertex -42.0923732 49.437417 0.0405
      vertex -41.7869245 49.4631841 0.0405
      vertex -41.8104524 49.5344041 0.0405
    endloop
  endfacet
  facet normal -0 0 1
    outer loop
      vertex -41.8104524 49.5344041 0.0405
      vertex -41.7869245 49.4631841 0.0405
      vertex -41.5262363 49.6244434 0.0405
    endloop
  endfacet
  facet normal 0 0 1
    outer loop
      vertex -41.5262363 49.6244434 0.0405
      vertex -41.7869245 49.4631841 0.0405
      vertex -41.5044634 49.5526674 0.0405
    endloop
  endfacet
  facet normal -0 0 1
    outer loop
      vertex -41.5262363 49.6244434 0.0405
      vertex -41.5044634 49.5526674 0.0405
      vertex -41.2398962 49.7074805 0.0405
    endloop
  endfacet
  facet normal 0 0 1
    outer loop
      vertex -41.2398962 49.7074805 0.0405
      vertex -41.5044634 49.5526674 0.0405
      vertex -41.2198912 49.6351918 0.0405
    endloop
  endfacet
  facet normal -0 0 1
    outer loop
      vertex -41.2398962 49.7074805 0.0405
      vertex -41.2198912 49.6351918 0.0405
      vertex -40.9333795 49.7107076 0.0405
    endloop
  endfacet
  facet normal 0 0 1
    outer loop
      vertex -41.2398962 49.7074805 0.0405
      vertex -40.9333795 49.7107076 0.0405
      vertex -40.9516044 49.7834654 0.0405
    endloop
  endfacet
  facet normal -0 0 1
    outer loop
      vertex -40.9516044 49.7834654 0.0405
      vertex -40.9333795 49.7107076 0.0405
      vertex -40.6615347 49.8523525 0.0405
    endloop
  endfacet
  facet normal 0 0 1
    outer loop
      vertex -40.6615347 49.8523525 0.0405
      vertex -40.9333795 49.7107076 0.0405
      vertex -40.6451009 49.7791693 0.0405
    endloop
  endfacet
  facet normal -0 0 1
    outer loop
      vertex -40.6615347 49.8523525 0.0405
      vertex -40.6451009 49.7791693 0.0405
      vertex -40.3698619 49.9141001 0.0405
    endloop
  endfacet
  facet normal 0 0 1
    outer loop
      vertex -40.3698619 49.9141001 0.0405
      vertex -40.6451009 49.7791693 0.0405
      vertex -40.355229 49.8405357 0.0405
    endloop
  endfacet
  facet normal 0 0 1
    outer loop
      vertex -40.3698619 49.9141001 0.0405
      vertex -40.355229 49.8405357 0.0405
      vertex -40.0639383 49.8947697 0.0405
    endloop
  endfacet
  facet normal -0 0 1
    outer loop
      vertex -40.3698619 49.9141001 0.0405
      vertex -40.0639383 49.8947697 0.0405
      vertex -40.0767614 49.9686711 0.0405
    endloop
  endfacet
  facet normal -0 0 1
    outer loop
      vertex -40.0767614 49.9686711 0.0405
      vertex -40.0639383 49.8947697 0.0405
      vertex -39.7824101 50.0160326 0.0405
    endloop
  endfacet
  facet normal 0 0 1
    outer loop
      vertex -39.7824101 50.0160326 0.0405
      vertex -40.0639383 49.8947697 0.0405
      vertex -39.7714045 49.9418388 0.0405
    endloop
  endfacet
  facet normal -0 0 1
    outer loop
      vertex -39.7824101 50.0160326 0.0405
      vertex -39.7714045 49.9418388 0.0405
      vertex -39.486985 50.0561562 0.0405
    endloop
  endfacet
  facet normal 0 0 1
    outer loop
      vertex -39.486985 50.0561562 0.0405
      vertex -39.7714045 49.9418388 0.0405
      vertex -39.4778035 49.9817146 0.0405
    endloop
  endfacet
  facet normal -0 0 1
    outer loop
      vertex -39.486985 50.0561562 0.0405
      vertex -39.4778035 49.9817146 0.0405
      vertex -39.1906643 50.0890175 0.0405
    endloop
  endfacet
  facet normal 0 0 1
    outer loop
      vertex -39.1906643 50.0890175 0.0405
      vertex -39.4778035 49.9817146 0.0405
      vertex -39.1833125 50.014373 0.0405
    endloop
  endfacet
  facet normal -0 0 1
    outer loop
      vertex -39.1906643 50.0890175 0.0405
      vertex -39.1833125 50.014373 0.0405
      vertex -38.8936264 50.1145969 0.0405
    endloop
  endfacet
  facet normal 0 0 1
    outer loop
      vertex -38.8936264 50.1145969 0.0405
      vertex -39.1833125 50.014373 0.0405
      vertex -38.8881086 50.0397945 0.0405
    endloop
  endfacet
  facet normal -0 0 1
    outer loop
      vertex -38.8936264 50.1145969 0.0405
      vertex -38.8881086 50.0397945 0.0405
      vertex -38.5960501 50.1328789 0.0405
    endloop
  endfacet
  facet normal 0 0 1
    outer loop
      vertex -38.5960501 50.1328789 0.0405
      vertex -38.8881086 50.0397945 0.0405
      vertex -38.5923698 50.0579636 0.0405
    endloop
  endfacet
  facet normal -0 0 1
    outer loop
      vertex -38.5960501 50.1328789 0.0405
      vertex -38.5923698 50.0579636 0.0405
      vertex -38.2981148 50.1438525 0.0405
    endloop
  endfacet
  facet normal 0 0 1
    outer loop
      vertex -38.2981148 50.1438525 0.0405
      vertex -38.5923698 50.0579636 0.0405
      vertex -38.2962741 50.0688694 0.0405
    endloop
  endfacet
  facet normal -0 0 1
    outer loop
      vertex -38.2981148 50.1438525 0.0405
      vertex -38.2962741 50.0688694 0.0405
      vertex -38.0009051 50.1475 0.0405
    endloop
  endfacet
  facet normal 0 0 1
    outer loop
      vertex -38.0009051 50.1475 0.0405
      vertex -38.2962741 50.0688694 0.0405
      vertex -38.0004449 50.0725 0.0405
    endloop
  endfacet
  facet normal -0 0 1
    outer loop
      vertex -38.0009051 50.1475 0.0405
      vertex -38.0004449 50.0725 0.0405
      vertex 38.0009051 50.1475 0.0405
    endloop
  endfacet
  facet normal 0 0 1
    outer loop
      vertex 38.0009051 50.1475 0.0405
      vertex -38.0004449 50.0725 0.0405
      vertex 38.0004449 50.0725 0.0405
    endloop
  endfacet
  facet normal 0 0 1
    outer loop
      vertex 38.0009051 50.1475 0.0405
      vertex 38.0004449 50.0725 0.0405
      vertex 38.2962741 50.0688694 0.0405
    endloop
  endfacet
  facet normal 0 0 1
    outer loop
      vertex 38.0009051 50.1475 0.0405
      vertex 38.2962741 50.0688694 0.0405
      vertex 38.2981148 50.1438525 0.0405
    endloop
  endfacet
  facet normal 0 0 1
    outer loop
      vertex 38.2981148 50.1438525 0.0405
      vertex 38.2962741 50.0688694 0.0405
      vertex 38.5923698 50.0579636 0.0405
    endloop
  endfacet
  facet normal 0 0 1
    outer loop
      vertex 38.2981148 50.1438525 0.0405
      vertex 38.5923698 50.0579636 0.0405
      vertex 38.5960501 50.1328789 0.0405
    endloop
  endfacet
  facet normal 0 0 1
    outer loop
      vertex 38.5960501 50.1328789 0.0405
      vertex 38.5923698 50.0579636 0.0405
      vertex 38.8881086 50.0397945 0.0405
    endloop
  endfacet
  facet normal 0 0 1
    outer loop
      vertex 38.5960501 50.1328789 0.0405
      vertex 38.8881086 50.0397945 0.0405
      vertex 38.8936264 50.1145969 0.0405
    endloop
  endfacet
  facet normal 0 0 1
    outer loop
      vertex 38.8936264 50.1145969 0.0405
      vertex 38.8881086 50.0397945 0.0405
      vertex 39.1833125 50.014373 0.0405
    endloop
  endfacet
  facet normal 0 0 1
    outer loop
      vertex 38.8936264 50.1145969 0.0405
      vertex 39.1833125 50.014373 0.0405
      vertex 39.1906643 50.0890175 0.0405
    endloop
  endfacet
  facet normal 0 0 1
    outer loop
      vertex 39.1906643 50.0890175 0.0405
      vertex 39.1833125 50.014373 0.0405
      vertex 39.4778035 49.9817146 0.0405
    endloop
  endfacet
  facet normal 0 0 1
    outer loop
      vertex 39.1906643 50.0890175 0.0405
      vertex 39.4778035 49.9817146 0.0405
      vertex 39.486985 50.0561562 0.0405
    endloop
  endfacet
  facet normal 0 0 1
    outer loop
      vertex 39.486985 50.0561562 0.0405
      vertex 39.4778035 49.9817146 0.0405
      vertex 39.7714045 49.9418388 0.0405
    endloop
  endfacet
  facet normal 0 0 1
    outer loop
      vertex 39.486985 50.0561562 0.0405
      vertex 39.7714045 49.9418388 0.0405
      vertex 39.7824101 50.0160326 0.0405
    endloop
  endfacet
  facet normal 0 0 1
    outer loop
      vertex 39.7824101 50.0160326 0.0405
      vertex 39.7714045 49.9418388 0.0405
      vertex 40.0639383 49.8947697 0.0405
    endloop
  endfacet
  facet normal 0 0 1
    outer loop
      vertex 39.7824101 50.0160326 0.0405
      vertex 40.0639383 49.8947697 0.0405
      vertex 40.0767614 49.9686711 0.0405
    endloop
  endfacet
  facet normal 0 0 1
    outer loop
      vertex 40.0767614 49.9686711 0.0405
      vertex 40.0639383 49.8947697 0.0405
      vertex 40.3698619 49.9141001 0.0405
    endloop
  endfacet
  facet normal 0 0 1
    outer loop
      vertex 40.3698619 49.9141001 0.0405
      vertex 40.0639383 49.8947697 0.0405
      vertex 40.355229 49.8405357 0.0405
    endloop
  endfacet
  facet normal 0 0 1
    outer loop
      vertex 40.3698619 49.9141001 0.0405
      vertex 40.355229 49.8405357 0.0405
      vertex 40.6451009 49.7791693 0.0405
    endloop
  endfacet
  facet normal 0 0 1
    outer loop
      vertex 40.3698619 49.9141001 0.0405
      vertex 40.6451009 49.7791693 0.0405
      vertex 40.6615347 49.8523525 0.0405
    endloop
  endfacet
  facet normal 0 0 1
    outer loop
      vertex 40.6615347 49.8523525 0.0405
      vertex 40.6451009 49.7791693 0.0405
      vertex 40.9333795 49.7107076 0.0405
    endloop
  endfacet
  facet normal 0 0 1
    outer loop
      vertex 40.6615347 49.8523525 0.0405
      vertex 40.9333795 49.7107076 0.0405
      vertex 40.9516044 49.7834654 0.0405
    endloop
  endfacet
  facet normal 0 0 1
    outer loop
      vertex 40.9516044 49.7834654 0.0405
      vertex 40.9333795 49.7107076 0.0405
      vertex 41.2398962 49.7074805 0.0405
    endloop
  endfacet
  facet normal 0 0 1
    outer loop
      vertex 41.2398962 49.7074805 0.0405
      vertex 40.9333795 49.7107076 0.0405
      vertex 41.2198912 49.6351918 0.0405
    endloop
  endfacet
  facet normal 0 0 1
    outer loop
      vertex 41.2398962 49.7074805 0.0405
      vertex 41.2198912 49.6351918 0.0405
      vertex 41.5044634 49.5526674 0.0405
    endloop
  endfacet
  facet normal 0 0 1
    outer loop
      vertex 41.2398962 49.7074805 0.0405
      vertex 41.5044634 49.5526674 0.0405
      vertex 41.5262363 49.6244434 0.0405
    endloop
  endfacet
  facet normal 0 0 1
    outer loop
      vertex 41.5262363 49.6244434 0.0405
      vertex 41.5044634 49.5526674 0.0405
      vertex 41.7869245 49.4631841 0.0405
    endloop
  endfacet
  facet normal 0 0 1
    outer loop
      vertex 41.5262363 49.6244434 0.0405
      vertex 41.7869245 49.4631841 0.0405
      vertex 41.8104524 49.5344041 0.0405
    endloop
  endfacet
  facet normal 0 0 1
    outer loop
      vertex 41.8104524 49.5344041 0.0405
      vertex 41.7869245 49.4631841 0.0405
      vertex 42.0923732 49.437417 0.0405
    endloop
  endfacet
  facet normal 0 0 1
    outer loop
      vertex 42.0923732 49.437417 0.0405
      vertex 41.7869245 49.4631841 0.0405
      vertex 42.0671046 49.3667959 0.0405
    endloop
  endfacet
  facet normal 0 0 1
    outer loop
      vertex 42.0923732 49.437417 0.0405
      vertex 42.0671046 49.3667959 0.0405
      vertex 42.371829 49.3335404 0.0405
    endloop
  endfacet
  facet normal 0 0 1
    outer loop
      vertex 42.371829 49.3335404 0.0405
      vertex 42.0671046 49.3667959 0.0405
      vertex 42.3448348 49.2635607 0.0405
    endloop
  endfacet
  facet normal 0 0 1
    outer loop
      vertex 42.371829 49.3335404 0.0405
      vertex 42.3448348 49.2635607 0.0405
      vertex 42.6486512 49.2228369 0.0405
    endloop
  endfacet
  facet normal 0 0 1
    outer loop
      vertex 42.6486512 49.2228369 0.0405
      vertex 42.3448348 49.2635607 0.0405
      vertex 42.6199478 49.1535407 0.0405
    endloop
  endfacet
  facet normal 0 0 1
    outer loop
      vertex 42.6486512 49.2228369 0.0405
      vertex 42.6199478 49.1535407 0.0405
      vertex 42.892278 49.0368023 0.0405
    endloop
  endfacet
  facet normal 0 0 1
    outer loop
      vertex 42.6486512 49.2228369 0.0405
      vertex 42.892278 49.0368023 0.0405
      vertex 42.9226734 49.1053732 0.0405
    endloop
  endfacet
  facet normal 0 0 1
    outer loop
      vertex 42.9226734 49.1053732 0.0405
      vertex 42.892278 49.0368023 0.0405
      vertex 43.1616612 48.9134157 0.0405
    endloop
  endfacet
  facet normal 0 0 1
    outer loop
      vertex 42.9226734 49.1053732 0.0405
      vertex 43.1616612 48.9134157 0.0405
      vertex 43.1937302 48.98122 0.0405
    endloop
  endfacet
  facet normal 0 0 1
    outer loop
      vertex 43.1937302 48.98122 0.0405
      vertex 43.1616612 48.9134157 0.0405
      vertex 43.4279352 48.7834553 0.0405
    endloop
  endfacet
  facet normal 0 0 1
    outer loop
      vertex 43.1937302 48.98122 0.0405
      vertex 43.4279352 48.7834553 0.0405
      vertex 43.4616586 48.8504521 0.0405
    endloop
  endfacet
  facet normal 0 0 1
    outer loop
      vertex 43.4616586 48.8504521 0.0405
      vertex 43.4279352 48.7834553 0.0405
      vertex 43.7262971 48.7131484 0.0405
    endloop
  endfacet
  facet normal 0 0 1
    outer loop
      vertex 43.7262971 48.7131484 0.0405
      vertex 43.4279352 48.7834553 0.0405
      vertex 43.6909397 48.6469993 0.0405
    endloop
  endfacet
  facet normal 0 0 1
    outer loop
      vertex 43.7262971 48.7131484 0.0405
      vertex 43.6909397 48.6469993 0.0405
      vertex 43.9874863 48.5693914 0.0405
    endloop
  endfacet
  facet normal 0 0 1
    outer loop
      vertex 43.9874863 48.5693914 0.0405
      vertex 43.6909397 48.6469993 0.0405
      vertex 43.9505161 48.50413 0.0405
    endloop
  endfacet
  facet normal 0 0 1
    outer loop
      vertex 43.9874863 48.5693914 0.0405
      vertex 43.9505161 48.50413 0.0405
      vertex 44.2065082 48.3549333 0.0405
    endloop
  endfacet
  facet normal 0 0 1
    outer loop
      vertex 43.9874863 48.5693914 0.0405
      vertex 44.2065082 48.3549333 0.0405
      vertex 44.2450688 48.4192678 0.0405
    endloop
  endfacet
  facet normal 0 0 1
    outer loop
      vertex 44.2450688 48.4192678 0.0405
      vertex 44.2065082 48.3549333 0.0405
      vertex 44.4587617 48.1994993 0.0405
    endloop
  endfacet
  facet normal 0 0 1
    outer loop
      vertex 44.2450688 48.4192678 0.0405
      vertex 44.4587617 48.1994993 0.0405
      vertex 44.4988895 48.2628681 0.0405
    endloop
  endfacet
  facet normal 0 0 1
    outer loop
      vertex 44.4988895 48.2628681 0.0405
      vertex 44.4587617 48.1994993 0.0405
      vertex 44.7071247 48.0379214 0.0405
    endloop
  endfacet
  facet normal 0 0 1
    outer loop
      vertex 44.4988895 48.2628681 0.0405
      vertex 44.7071247 48.0379214 0.0405
      vertex 44.7487956 48.1002864 0.0405
    endloop
  endfacet
  facet normal 0 0 1
    outer loop
      vertex 44.7487956 48.1002864 0.0405
      vertex 44.7071247 48.0379214 0.0405
      vertex 44.9514475 47.8702971 0.0405
    endloop
  endfacet
  facet normal 0 0 1
    outer loop
      vertex 44.7487956 48.1002864 0.0405
      vertex 44.9514475 47.8702971 0.0405
      vertex 44.9946364 47.9316206 0.0405
    endloop
  endfacet
  facet normal 0 0 1
    outer loop
      vertex 44.9946364 47.9316206 0.0405
      vertex 44.9514475 47.8702971 0.0405
      vertex 45.2362639 47.7569724 0.0405
    endloop
  endfacet
  facet normal 0 0 1
    outer loop
      vertex 45.2362639 47.7569724 0.0405
      vertex 44.9514475 47.8702971 0.0405
      vertex 45.1915831 47.6967273 0.0405
    endloop
  endfacet
  facet normal 0 0 1
    outer loop
      vertex 45.2362639 47.7569724 0.0405
      vertex 45.1915831 47.6967273 0.0405
      vertex 45.4273867 47.5173166 0.0405
    endloop
  endfacet
  facet normal 0 0 1
    outer loop
      vertex 45.2362639 47.7569724 0.0405
      vertex 45.4273867 47.5173166 0.0405
      vertex 45.4735326 47.576447 0.0405
    endloop
  endfacet
  facet normal 0 0 1
    outer loop
      vertex 45.4735326 47.576447 0.0405
      vertex 45.4273867 47.5173166 0.0405
      vertex 45.6587164 47.3321729 0.0405
    endloop
  endfacet
  facet normal 0 0 1
    outer loop
      vertex 45.4735326 47.576447 0.0405
      vertex 45.6587164 47.3321729 0.0405
      vertex 45.7062995 47.3901531 0.0405
    endloop
  endfacet
  facet normal 0 0 1
    outer loop
      vertex 45.7062995 47.3901531 0.0405
      vertex 45.6587164 47.3321729 0.0405
      vertex 45.9344244 47.1982029 0.0405
    endloop
  endfacet
  facet normal 0 0 1
    outer loop
      vertex 45.9344244 47.1982029 0.0405
      vertex 45.6587164 47.3321729 0.0405
      vertex 45.8854327 47.1414079 0.0405
    endloop
  endfacet
  facet normal 0 0 1
    outer loop
      vertex 45.9344244 47.1982029 0.0405
      vertex 45.8854327 47.1414079 0.0405
      vertex 46.1073991 46.9451365 0.0405
    endloop
  endfacet
  facet normal 0 0 1
    outer loop
      vertex 45.9344244 47.1982029 0.0405
      vertex 46.1073991 46.9451365 0.0405
      vertex 46.1577699 47.000712 0.0405
    endloop
  endfacet
  facet normal 0 0 1
    outer loop
      vertex 46.1577699 47.000712 0.0405
      vertex 46.1073991 46.9451365 0.0405
      vertex 46.3762014 46.7977995 0.0405
    endloop
  endfacet
  facet normal 0 0 1
    outer loop
      vertex 46.3762014 46.7977995 0.0405
      vertex 46.1073991 46.9451365 0.0405
      vertex 46.324482 46.7434769 0.0405
    endloop
  endfacet
  facet normal 0 0 1
    outer loop
      vertex 46.3762014 46.7977995 0.0405
      vertex 46.324482 46.7434769 0.0405
      vertex 46.5895875 46.5895875 0.0405
    endloop
  endfacet
  facet normal 0 0 1
    outer loop
      vertex 46.5895875 46.5895875 0.0405
      vertex 46.324482 46.7434769 0.0405
      vertex 46.5365505 46.5365505 0.0405
    endloop
  endfacet
  facet normal 0 0 1
    outer loop
      vertex 46.5895875 46.5895875 0.0405
      vertex 46.5365505 46.5365505 0.0405
      vertex 46.7434769 46.324482 0.0405
    endloop
  endfacet
  facet normal 0 0 1
    outer loop
      vertex 46.5895875 46.5895875 0.0405
      vertex 46.7434769 46.324482 0.0405
      vertex 46.7977995 46.3762014 0.0405
    endloop
  endfacet
  facet normal 0 0 1
    outer loop
      vertex 46.7977995 46.3762014 0.0405
      vertex 46.7434769 46.324482 0.0405
      vertex 46.9451365 46.1073991 0.0405
    endloop
  endfacet
  facet normal 0 0 1
    outer loop
      vertex 46.7977995 46.3762014 0.0405
      vertex 46.9451365 46.1073991 0.0405
      vertex 47.000712 46.1577699 0.0405
    endloop
  endfacet
  facet normal 0 0 1
    outer loop
      vertex 47.000712 46.1577699 0.0405
      vertex 46.9451365 46.1073991 0.0405
      vertex 47.1982029 45.9344244 0.0405
    endloop
  endfacet
  facet normal 0 0 1
    outer loop
      vertex 47.1982029 45.9344244 0.0405
      vertex 46.9451365 46.1073991 0.0405
      vertex 47.1414079 45.8854327 0.0405
    endloop
  endfacet
  facet normal 0 0 1
    outer loop
      vertex 47.1982029 45.9344244 0.0405
      vertex 47.1414079 45.8854327 0.0405
      vertex 47.3321729 45.6587164 0.0405
    endloop
  endfacet
  facet normal 0 0 1
    outer loop
      vertex 47.1982029 45.9344244 0.0405
      vertex 47.3321729 45.6587164 0.0405
      vertex 47.3901531 45.7062995 0.0405
    endloop
  endfacet
  facet normal 0 0 1
    outer loop
      vertex 47.3901531 45.7062995 0.0405
      vertex 47.3321729 45.6587164 0.0405
      vertex 47.576447 45.4735326 0.0405
    endloop
  endfacet
  facet normal 0 0 1
    outer loop
      vertex 47.576447 45.4735326 0.0405
      vertex 47.3321729 45.6587164 0.0405
      vertex 47.5173166 45.4273867 0.0405
    endloop
  endfacet
  facet normal 0 0 1
    outer loop
      vertex 47.576447 45.4735326 0.0405
      vertex 47.5173166 45.4273867 0.0405
      vertex 47.7569724 45.2362639 0.0405
    endloop
  endfacet
  facet normal 0 0 1
    outer loop
      vertex 47.7569724 45.2362639 0.0405
      vertex 47.5173166 45.4273867 0.0405
      vertex 47.6967273 45.1915831 0.0405
    endloop
  endfacet
  facet normal 0 0 1
    outer loop
      vertex 47.7569724 45.2362639 0.0405
      vertex 47.6967273 45.1915831 0.0405
      vertex 47.8702971 44.9514475 0.0405
    endloop
  endfacet
  facet normal 0 0 1
    outer loop
      vertex 47.7569724 45.2362639 0.0405
      vertex 47.8702971 44.9514475 0.0405
      vertex 47.9316206 44.9946364 0.0405
    endloop
  endfacet
  facet normal 0 0 1
    outer loop
      vertex 47.9316206 44.9946364 0.0405
      vertex 47.8702971 44.9514475 0.0405
      vertex 48.1002864 44.7487956 0.0405
    endloop
  endfacet
  facet normal 0 0 1
    outer loop
      vertex 48.1002864 44.7487956 0.0405
      vertex 47.8702971 44.9514475 0.0405
      vertex 48.0379214 44.7071247 0.0405
    endloop
  endfacet
  facet normal 0 0 1
    outer loop
      vertex 48.1002864 44.7487956 0.0405
      vertex 48.0379214 44.7071247 0.0405
      vertex 48.2628681 44.4988895 0.0405
    endloop
  endfacet
  facet normal 0 0 1
    outer loop
      vertex 48.2628681 44.4988895 0.0405
      vertex 48.0379214 44.7071247 0.0405
      vertex 48.1994993 44.4587617 0.0405
    endloop
  endfacet
  facet normal 0 0 1
    outer loop
      vertex 48.2628681 44.4988895 0.0405
      vertex 48.1994993 44.4587617 0.0405
      vertex 48.4192678 44.2450688 0.0405
    endloop
  endfacet
  facet normal 0 0 1
    outer loop
      vertex 48.4192678 44.2450688 0.0405
      vertex 48.1994993 44.4587617 0.0405
      vertex 48.3549333 44.2065082 0.0405
    endloop
  endfacet
  facet normal 0 0 1
    outer loop
      vertex 48.4192678 44.2450688 0.0405
      vertex 48.3549333 44.2065082 0.0405
      vertex 48.5693914 43.9874863 0.0405
    endloop
  endfacet
  facet normal 0 0 1
    outer loop
      vertex 48.5693914 43.9874863 0.0405
      vertex 48.3549333 44.2065082 0.0405
      vertex 48.50413 43.9505161 0.0405
    endloop
  endfacet
  facet normal 0 0 1
    outer loop
      vertex 48.5693914 43.9874863 0.0405
      vertex 48.50413 43.9505161 0.0405
      vertex 48.6469993 43.6909397 0.0405
    endloop
  endfacet
  facet normal 0 0 1
    outer loop
      vertex 48.5693914 43.9874863 0.0405
      vertex 48.6469993 43.6909397 0.0405
      vertex 48.7131484 43.7262971 0.0405
    endloop
  endfacet
  facet normal 0 0 1
    outer loop
      vertex 48.7131484 43.7262971 0.0405
      vertex 48.6469993 43.6909397 0.0405
      vertex 48.7834553 43.4279352 0.0405
    endloop
  endfacet
  facet normal 0 0 1
    outer loop
      vertex 48.7131484 43.7262971 0.0405
      vertex 48.7834553 43.4279352 0.0405
      vertex 48.8504521 43.4616586 0.0405
    endloop
  endfacet
  facet normal 0 0 1
    outer loop
      vertex 48.8504521 43.4616586 0.0405
      vertex 48.7834553 43.4279352 0.0405
      vertex 48.98122 43.1937302 0.0405
    endloop
  endfacet
  facet normal 0 0 1
    outer loop
      vertex 48.98122 43.1937302 0.0405
      vertex 48.7834553 43.4279352 0.0405
      vertex 48.9134157 43.1616612 0.0405
    endloop
  endfacet
  facet normal 0 0 1
    outer loop
      vertex 48.98122 43.1937302 0.0405
      vertex 48.9134157 43.1616612 0.0405
      vertex 49.1053732 42.9226734 0.0405
    endloop
  endfacet
  facet normal 0 0 1
    outer loop
      vertex 49.1053732 42.9226734 0.0405
      vertex 48.9134157 43.1616612 0.0405
      vertex 49.0368023 42.892278 0.0405
    endloop
  endfacet
  facet normal 0 0 1
    outer loop
      vertex 49.1053732 42.9226734 0.0405
      vertex 49.0368023 42.892278 0.0405
      vertex 49.2228369 42.6486512 0.0405
    endloop
  endfacet
  facet normal 0 0 1
    outer loop
      vertex 49.2228369 42.6486512 0.0405
      vertex 49.0368023 42.892278 0.0405
      vertex 49.1535407 42.6199478 0.0405
    endloop
  endfacet
  facet normal 0 0 1
    outer loop
      vertex 49.2228369 42.6486512 0.0405
      vertex 49.1535407 42.6199478 0.0405
      vertex 49.2635607 42.3448348 0.0405
    endloop
  endfacet
  facet normal 0 0 1
    outer loop
      vertex 49.2228369 42.6486512 0.0405
      vertex 49.2635607 42.3448348 0.0405
      vertex 49.3335404 42.371829 0.0405
    endloop
  endfacet
  facet normal 0 0 1
    outer loop
      vertex 49.3335404 42.371829 0.0405
      vertex 49.2635607 42.3448348 0.0405
      vertex 49.3667959 42.0671046 0.0405
    endloop
  endfacet
  facet normal 0 0 1
    outer loop
      vertex 49.3335404 42.371829 0.0405
      vertex 49.3667959 42.0671046 0.0405
      vertex 49.437417 42.0923732 0.0405
    endloop
  endfacet
  facet normal 0 0 1
    outer loop
      vertex 49.437417 42.0923732 0.0405
      vertex 49.3667959 42.0671046 0.0405
      vertex 49.4631841 41.7869245 0.0405
    endloop
  endfacet
  facet normal 0 0 1
    outer loop
      vertex 49.437417 42.0923732 0.0405
      vertex 49.4631841 41.7869245 0.0405
      vertex 49.5344041 41.8104524 0.0405
    endloop
  endfacet
  facet normal 0 0 1
    outer loop
      vertex 49.5344041 41.8104524 0.0405
      vertex 49.4631841 41.7869245 0.0405
      vertex 49.6244434 41.5262363 0.0405
    endloop
  endfacet
  facet normal 0 0 1
    outer loop
      vertex 49.6244434 41.5262363 0.0405
      vertex 49.4631841 41.7869245 0.0405
      vertex 49.5526674 41.5044634 0.0405
    endloop
  endfacet
  facet normal 0 0 1
    outer loop
      vertex 49.6244434 41.5262363 0.0405
      vertex 49.5526674 41.5044634 0.0405
      vertex 49.7074805 41.2398962 0.0405
    endloop
  endfacet
  facet normal 0 0 1
    outer loop
      vertex 49.7074805 41.2398962 0.0405
      vertex 49.5526674 41.5044634 0.0405
      vertex 49.6351918 41.2198912 0.0405
    endloop
  endfacet
  facet normal 0 0 1
    outer loop
      vertex 49.7074805 41.2398962 0.0405
      vertex 49.6351918 41.2198912 0.0405
      vertex 49.7107076 40.9333795 0.0405
    endloop
  endfacet
  facet normal 0 0 1
    outer loop
      vertex 49.7074805 41.2398962 0.0405
      vertex 49.7107076 40.9333795 0.0405
      vertex 49.7834654 40.9516044 0.0405
    endloop
  endfacet
  facet normal 0 0 1
    outer loop
      vertex 49.7834654 40.9516044 0.0405
      vertex 49.7107076 40.9333795 0.0405
      vertex 49.8523525 40.6615347 0.0405
    endloop
  endfacet
  facet normal 0 0 1
    outer loop
      vertex 49.8523525 40.6615347 0.0405
      vertex 49.7107076 40.9333795 0.0405
      vertex 49.7791693 40.6451009 0.0405
    endloop
  endfacet
  facet normal 0 0 1
    outer loop
      vertex 49.8523525 40.6615347 0.0405
      vertex 49.7791693 40.6451009 0.0405
      vertex 49.9141001 40.3698619 0.0405
    endloop
  endfacet
  facet normal 0 0 1
    outer loop
      vertex 49.9141001 40.3698619 0.0405
      vertex 49.7791693 40.6451009 0.0405
      vertex 49.8405357 40.355229 0.0405
    endloop
  endfacet
  facet normal 0 0 1
    outer loop
      vertex 49.9141001 40.3698619 0.0405
      vertex 49.8405357 40.355229 0.0405
      vertex 49.8947697 40.0639383 0.0405
    endloop
  endfacet
  facet normal 0 0 1
    outer loop
      vertex 49.9141001 40.3698619 0.0405
      vertex 49.8947697 40.0639383 0.0405
      vertex 49.9686711 40.0767614 0.0405
    endloop
  endfacet
  facet normal 0 0 1
    outer loop
      vertex 49.9686711 40.0767614 0.0405
      vertex 49.8947697 40.0639383 0.0405
      vertex 50.0160326 39.7824101 0.0405
    endloop
  endfacet
  facet normal 0 0 1
    outer loop
      vertex 50.0160326 39.7824101 0.0405
      vertex 49.8947697 40.0639383 0.0405
      vertex 49.9418388 39.7714045 0.0405
    endloop
  endfacet
  facet normal 0 0 1
    outer loop
      vertex 50.0160326 39.7824101 0.0405
      vertex 49.9418388 39.7714045 0.0405
      vertex 50.0561562 39.486985 0.0405
    endloop
  endfacet
  facet normal 0 0 1
    outer loop
      vertex 50.0561562 39.486985 0.0405
      vertex 49.9418388 39.7714045 0.0405
      vertex 49.9817146 39.4778035 0.0405
    endloop
  endfacet
  facet normal 0 0 1
    outer loop
      vertex 50.0561562 39.486985 0.0405
      vertex 49.9817146 39.4778035 0.0405
      vertex 50.0890175 39.1906643 0.0405
    endloop
  endfacet
  facet normal 0 0 1
    outer loop
      vertex 50.0890175 39.1906643 0.0405
      vertex 49.9817146 39.4778035 0.0405
      vertex 50.014373 39.1833125 0.0405
    endloop
  endfacet
  facet normal 0 0 1
    outer loop
      vertex 50.0890175 39.1906643 0.0405
      vertex 50.014373 39.1833125 0.0405
      vertex 50.1145969 38.8936264 0.0405
    endloop
  endfacet
  facet normal 0 0 1
    outer loop
      vertex 50.1145969 38.8936264 0.0405
      vertex 50.014373 39.1833125 0.0405
      vertex 50.0397945 38.8881086 0.0405
    endloop
  endfacet
  facet normal 0 0 1
    outer loop
      vertex 50.1145969 38.8936264 0.0405
      vertex 50.0397945 38.8881086 0.0405
      vertex 50.1328789 38.5960501 0.0405
    endloop
  endfacet
  facet normal 0 0 1
    outer loop
      vertex 50.1328789 38.5960501 0.0405
      vertex 50.0397945 38.8881086 0.0405
      vertex 50.0579636 38.5923698 0.0405
    endloop
  endfacet
  facet normal 0 0 1
    outer loop
      vertex 50.1328789 38.5960501 0.0405
      vertex 50.0579636 38.5923698 0.0405
      vertex 50.1438525 38.2981148 0.0405
    endloop
  endfacet
  facet normal 0 -0 1
    outer loop
      vertex 46.1577699 -47.000712 0.0405
      vertex 46.3762014 -46.7977995 0.0405
      vertex 46.1073991 -46.9451365 0.0405
    endloop
  endfacet
  facet normal 0 0 1
    outer loop
      vertex 46.1577699 -47.000712 0.0405
      vertex 46.1073991 -46.9451365 0.0405
      vertex 45.9344244 -47.1982029 0.0405
    endloop
  endfacet
  facet normal 0 -0 1
    outer loop
      vertex 45.9344244 -47.1982029 0.0405
      vertex 46.1073991 -46.9451365 0.0405
      vertex 45.8854327 -47.1414079 0.0405
    endloop
  endfacet
  facet normal 0 0 1
    outer loop
      vertex 45.9344244 -47.1982029 0.0405
      vertex 45.8854327 -47.1414079 0.0405
      vertex 45.6587164 -47.3321729 0.0405
    endloop
  endfacet
  facet normal 0 0 1
    outer loop
      vertex 45.9344244 -47.1982029 0.0405
      vertex 45.6587164 -47.3321729 0.0405
      vertex 45.7062995 -47.3901531 0.0405
    endloop
  endfacet
  facet normal 0 0 1
    outer loop
      vertex 45.7062995 -47.3901531 0.0405
      vertex 45.6587164 -47.3321729 0.0405
      vertex 45.4735326 -47.576447 0.0405
    endloop
  endfacet
  facet normal 0 -0 1
    outer loop
      vertex 45.4735326 -47.576447 0.0405
      vertex 45.6587164 -47.3321729 0.0405
      vertex 45.4273867 -47.5173166 0.0405
    endloop
  endfacet
  facet normal 0 0 1
    outer loop
      vertex 45.4735326 -47.576447 0.0405
      vertex 45.4273867 -47.5173166 0.0405
      vertex 45.2362639 -47.7569724 0.0405
    endloop
  endfacet
  facet normal 0 -0 1
    outer loop
      vertex 45.2362639 -47.7569724 0.0405
      vertex 45.4273867 -47.5173166 0.0405
      vertex 45.1915831 -47.6967273 0.0405
    endloop
  endfacet
  facet normal 0 0 1
    outer loop
      vertex 45.2362639 -47.7569724 0.0405
      vertex 45.1915831 -47.6967273 0.0405
      vertex 44.9514475 -47.8702971 0.0405
    endloop
  endfacet
  facet normal 0 0 1
    outer loop
      vertex 45.2362639 -47.7569724 0.0405
      vertex 44.9514475 -47.8702971 0.0405
      vertex 44.9946364 -47.9316206 0.0405
    endloop
  endfacet
  facet normal 0 0 1
    outer loop
      vertex 44.9946364 -47.9316206 0.0405
      vertex 44.9514475 -47.8702971 0.0405
      vertex 44.7487956 -48.1002864 0.0405
    endloop
  endfacet
  facet normal 0 -0 1
    outer loop
      vertex 44.7487956 -48.1002864 0.0405
      vertex 44.9514475 -47.8702971 0.0405
      vertex 44.7071247 -48.0379214 0.0405
    endloop
  endfacet
  facet normal 0 0 1
    outer loop
      vertex 44.7487956 -48.1002864 0.0405
      vertex 44.7071247 -48.0379214 0.0405
      vertex 44.4988895 -48.2628681 0.0405
    endloop
  endfacet
  facet normal 0 -0 1
    outer loop
      vertex 44.4988895 -48.2628681 0.0405
      vertex 44.7071247 -48.0379214 0.0405
      vertex 44.4587617 -48.1994993 0.0405
    endloop
  endfacet
  facet normal 0 0 1
    outer loop
      vertex 44.4988895 -48.2628681 0.0405
      vertex 44.4587617 -48.1994993 0.0405
      vertex 44.2450688 -48.4192678 0.0405
    endloop
  endfacet
  facet normal 0 -0 1
    outer loop
      vertex 44.2450688 -48.4192678 0.0405
      vertex 44.4587617 -48.1994993 0.0405
      vertex 44.2065082 -48.3549333 0.0405
    endloop
  endfacet
  facet normal 0 0 1
    outer loop
      vertex 44.2450688 -48.4192678 0.0405
      vertex 44.2065082 -48.3549333 0.0405
      vertex 43.9874863 -48.5693914 0.0405
    endloop
  endfacet
  facet normal 0 -0 1
    outer loop
      vertex 43.9874863 -48.5693914 0.0405
      vertex 44.2065082 -48.3549333 0.0405
      vertex 43.9505161 -48.50413 0.0405
    endloop
  endfacet
  facet normal 0 0 1
    outer loop
      vertex 43.9874863 -48.5693914 0.0405
      vertex 43.9505161 -48.50413 0.0405
      vertex 43.6909397 -48.6469993 0.0405
    endloop
  endfacet
  facet normal 0 0 1
    outer loop
      vertex 43.9874863 -48.5693914 0.0405
      vertex 43.6909397 -48.6469993 0.0405
      vertex 43.7262971 -48.7131484 0.0405
    endloop
  endfacet
  facet normal 0 0 1
    outer loop
      vertex 43.7262971 -48.7131484 0.0405
      vertex 43.6909397 -48.6469993 0.0405
      vertex 43.4279352 -48.7834553 0.0405
    endloop
  endfacet
  facet normal 0 0 1
    outer loop
      vertex 43.7262971 -48.7131484 0.0405
      vertex 43.4279352 -48.7834553 0.0405
      vertex 43.4616586 -48.8504521 0.0405
    endloop
  endfacet
  facet normal 0 0 1
    outer loop
      vertex 43.4616586 -48.8504521 0.0405
      vertex 43.4279352 -48.7834553 0.0405
      vertex 43.1937302 -48.98122 0.0405
    endloop
  endfacet
  facet normal 0 -0 1
    outer loop
      vertex 43.1937302 -48.98122 0.0405
      vertex 43.4279352 -48.7834553 0.0405
      vertex 43.1616612 -48.9134157 0.0405
    endloop
  endfacet
  facet normal 0 0 1
    outer loop
      vertex 43.1937302 -48.98122 0.0405
      vertex 43.1616612 -48.9134157 0.0405
      vertex 42.9226734 -49.1053732 0.0405
    endloop
  endfacet
  facet normal 0 -0 1
    outer loop
      vertex 42.9226734 -49.1053732 0.0405
      vertex 43.1616612 -48.9134157 0.0405
      vertex 42.892278 -49.0368023 0.0405
    endloop
  endfacet
  facet normal 0 0 1
    outer loop
      vertex 42.9226734 -49.1053732 0.0405
      vertex 42.892278 -49.0368023 0.0405
      vertex 42.6486512 -49.2228369 0.0405
    endloop
  endfacet
  facet normal 0 -0 1
    outer loop
      vertex 42.6486512 -49.2228369 0.0405
      vertex 42.892278 -49.0368023 0.0405
      vertex 42.6199478 -49.1535407 0.0405
    endloop
  endfacet
  facet normal 0 0 1
    outer loop
      vertex 42.6486512 -49.2228369 0.0405
      vertex 42.6199478 -49.1535407 0.0405
      vertex 42.3448348 -49.2635607 0.0405
    endloop
  endfacet
  facet normal 0 0 1
    outer loop
      vertex 42.6486512 -49.2228369 0.0405
      vertex 42.3448348 -49.2635607 0.0405
      vertex 42.371829 -49.3335404 0.0405
    endloop
  endfacet
  facet normal 0 0 1
    outer loop
      vertex 42.371829 -49.3335404 0.0405
      vertex 42.3448348 -49.2635607 0.0405
      vertex 42.0671046 -49.3667959 0.0405
    endloop
  endfacet
  facet normal 0 0 1
    outer loop
      vertex 42.371829 -49.3335404 0.0405
      vertex 42.0671046 -49.3667959 0.0405
      vertex 42.0923732 -49.437417 0.0405
    endloop
  endfacet
  facet normal 0 0 1
    outer loop
      vertex 42.0923732 -49.437417 0.0405
      vertex 42.0671046 -49.3667959 0.0405
      vertex 41.7869245 -49.4631841 0.0405
    endloop
  endfacet
  facet normal 0 0 1
    outer loop
      vertex 42.0923732 -49.437417 0.0405
      vertex 41.7869245 -49.4631841 0.0405
      vertex 41.8104524 -49.5344041 0.0405
    endloop
  endfacet
  facet normal 0 0 1
    outer loop
      vertex 41.8104524 -49.5344041 0.0405
      vertex 41.7869245 -49.4631841 0.0405
      vertex 41.5262363 -49.6244434 0.0405
    endloop
  endfacet
  facet normal 0 -0 1
    outer loop
      vertex 41.5262363 -49.6244434 0.0405
      vertex 41.7869245 -49.4631841 0.0405
      vertex 41.5044634 -49.5526674 0.0405
    endloop
  endfacet
  facet normal 0 0 1
    outer loop
      vertex 41.5262363 -49.6244434 0.0405
      vertex 41.5044634 -49.5526674 0.0405
      vertex 41.2398962 -49.7074805 0.0405
    endloop
  endfacet
  facet normal 0 -0 1
    outer loop
      vertex 41.2398962 -49.7074805 0.0405
      vertex 41.5044634 -49.5526674 0.0405
      vertex 41.2198912 -49.6351918 0.0405
    endloop
  endfacet
  facet normal 0 0 1
    outer loop
      vertex 41.2398962 -49.7074805 0.0405
      vertex 41.2198912 -49.6351918 0.0405
      vertex 40.9333795 -49.7107076 0.0405
    endloop
  endfacet
  facet normal 0 0 1
    outer loop
      vertex 41.2398962 -49.7074805 0.0405
      vertex 40.9333795 -49.7107076 0.0405
      vertex 40.9516044 -49.7834654 0.0405
    endloop
  endfacet
  facet normal 0 0 1
    outer loop
      vertex 40.9516044 -49.7834654 0.0405
      vertex 40.9333795 -49.7107076 0.0405
      vertex 40.6615347 -49.8523525 0.0405
    endloop
  endfacet
  facet normal 0 -0 1
    outer loop
      vertex 40.6615347 -49.8523525 0.0405
      vertex 40.9333795 -49.7107076 0.0405
      vertex 40.6451009 -49.7791693 0.0405
    endloop
  endfacet
  facet normal 0 0 1
    outer loop
      vertex 40.6615347 -49.8523525 0.0405
      vertex 40.6451009 -49.7791693 0.0405
      vertex 40.3698619 -49.9141001 0.0405
    endloop
  endfacet
  facet normal 0 -0 1
    outer loop
      vertex 40.3698619 -49.9141001 0.0405
      vertex 40.6451009 -49.7791693 0.0405
      vertex 40.355229 -49.8405357 0.0405
    endloop
  endfacet
  facet normal 0 0 1
    outer loop
      vertex 40.3698619 -49.9141001 0.0405
      vertex 40.355229 -49.8405357 0.0405
      vertex 40.0639383 -49.8947697 0.0405
    endloop
  endfacet
  facet normal 0 0 1
    outer loop
      vertex 40.3698619 -49.9141001 0.0405
      vertex 40.0639383 -49.8947697 0.0405
      vertex 40.0767614 -49.9686711 0.0405
    endloop
  endfacet
  facet normal 0 0 1
    outer loop
      vertex 40.0767614 -49.9686711 0.0405
      vertex 40.0639383 -49.8947697 0.0405
      vertex 39.7824101 -50.0160326 0.0405
    endloop
  endfacet
  facet normal 0 -0 1
    outer loop
      vertex 39.7824101 -50.0160326 0.0405
      vertex 40.0639383 -49.8947697 0.0405
      vertex 39.7714045 -49.9418388 0.0405
    endloop
  endfacet
  facet normal 0 0 1
    outer loop
      vertex 39.7824101 -50.0160326 0.0405
      vertex 39.7714045 -49.9418388 0.0405
      vertex 39.486985 -50.0561562 0.0405
    endloop
  endfacet
  facet normal 0 -0 1
    outer loop
      vertex 39.486985 -50.0561562 0.0405
      vertex 39.7714045 -49.9418388 0.0405
      vertex 39.4778035 -49.9817146 0.0405
    endloop
  endfacet
  facet normal 0 0 1
    outer loop
      vertex 39.486985 -50.0561562 0.0405
      vertex 39.4778035 -49.9817146 0.0405
      vertex 39.1906643 -50.0890175 0.0405
    endloop
  endfacet
  facet normal 0 -0 1
    outer loop
      vertex 39.1906643 -50.0890175 0.0405
      vertex 39.4778035 -49.9817146 0.0405
      vertex 39.1833125 -50.014373 0.0405
    endloop
  endfacet
  facet normal 0 0 1
    outer loop
      vertex 39.1906643 -50.0890175 0.0405
      vertex 39.1833125 -50.014373 0.0405
      vertex 38.8936264 -50.1145969 0.0405
    endloop
  endfacet
  facet normal 0 -0 1
    outer loop
      vertex 38.8936264 -50.1145969 0.0405
      vertex 39.1833125 -50.014373 0.0405
      vertex 38.8881086 -50.0397945 0.0405
    endloop
  endfacet
  facet normal 0 0 1
    outer loop
      vertex 38.8936264 -50.1145969 0.0405
      vertex 38.8881086 -50.0397945 0.0405
      vertex 38.5960501 -50.1328789 0.0405
    endloop
  endfacet
  facet normal 0 -0 1
    outer loop
      vertex 38.5960501 -50.1328789 0.0405
      vertex 38.8881086 -50.0397945 0.0405
      vertex 38.5923698 -50.0579636 0.0405
    endloop
  endfacet
  facet normal 0 0 1
    outer loop
      vertex 38.5960501 -50.1328789 0.0405
      vertex 38.5923698 -50.0579636 0.0405
      vertex 38.2981148 -50.1438525 0.0405
    endloop
  endfacet
  facet normal 0 -0 1
    outer loop
      vertex 38.2981148 -50.1438525 0.0405
      vertex 38.5923698 -50.0579636 0.0405
      vertex 38.2962741 -50.0688694 0.0405
    endloop
  endfacet
  facet normal 0 0 1
    outer loop
      vertex 38.2981148 -50.1438525 0.0405
      vertex 38.2962741 -50.0688694 0.0405
      vertex 38.0011351 -50.1474972 0.0405
    endloop
  endfacet
  facet normal 0 -0 1
    outer loop
      vertex 38.0011351 -50.1474972 0.0405
      vertex 38.2962741 -50.0688694 0.0405
      vertex 38.0002148 -50.0725028 0.0405
    endloop
  endfacet
  facet normal 0 -0 1
    outer loop
      vertex -38.2985748 -50.1438356 0.0405
      vertex -38.2958142 -50.0688864 0.0405
      vertex -38.5923698 -50.0579636 0.0405
    endloop
  endfacet
  facet normal 0 0 1
    outer loop
      vertex -38.2985748 -50.1438356 0.0405
      vertex -38.5923698 -50.0579636 0.0405
      vertex -38.5960501 -50.1328789 0.0405
    endloop
  endfacet
  facet normal 0 -0 1
    outer loop
      vertex -38.5960501 -50.1328789 0.0405
      vertex -38.5923698 -50.0579636 0.0405
      vertex -38.8881086 -50.0397945 0.0405
    endloop
  endfacet
  facet normal 0 0 1
    outer loop
      vertex -38.5960501 -50.1328789 0.0405
      vertex -38.8881086 -50.0397945 0.0405
      vertex -38.8936264 -50.1145969 0.0405
    endloop
  endfacet
  facet normal 0 -0 1
    outer loop
      vertex -38.8936264 -50.1145969 0.0405
      vertex -38.8881086 -50.0397945 0.0405
      vertex -39.1833125 -50.014373 0.0405
    endloop
  endfacet
  facet normal 0 0 1
    outer loop
      vertex -38.8936264 -50.1145969 0.0405
      vertex -39.1833125 -50.014373 0.0405
      vertex -39.1906643 -50.0890175 0.0405
    endloop
  endfacet
  facet normal 0 -0 1
    outer loop
      vertex -39.1906643 -50.0890175 0.0405
      vertex -39.1833125 -50.014373 0.0405
      vertex -39.4778035 -49.9817146 0.0405
    endloop
  endfacet
  facet normal 0 0 1
    outer loop
      vertex -39.1906643 -50.0890175 0.0405
      vertex -39.4778035 -49.9817146 0.0405
      vertex -39.486985 -50.0561562 0.0405
    endloop
  endfacet
  facet normal 0 -0 1
    outer loop
      vertex -39.486985 -50.0561562 0.0405
      vertex -39.4778035 -49.9817146 0.0405
      vertex -39.7714045 -49.9418388 0.0405
    endloop
  endfacet
  facet normal 0 0 1
    outer loop
      vertex -39.486985 -50.0561562 0.0405
      vertex -39.7714045 -49.9418388 0.0405
      vertex -39.7824101 -50.0160326 0.0405
    endloop
  endfacet
  facet normal 0 -0 1
    outer loop
      vertex -39.7824101 -50.0160326 0.0405
      vertex -39.7714045 -49.9418388 0.0405
      vertex -40.0639383 -49.8947697 0.0405
    endloop
  endfacet
  facet normal 0 0 1
    outer loop
      vertex -39.7824101 -50.0160326 0.0405
      vertex -40.0639383 -49.8947697 0.0405
      vertex -40.0767614 -49.9686711 0.0405
    endloop
  endfacet
  facet normal 0 -0 1
    outer loop
      vertex -40.0767614 -49.9686711 0.0405
      vertex -40.0639383 -49.8947697 0.0405
      vertex -40.3698619 -49.9141001 0.0405
    endloop
  endfacet
  facet normal 0 0 1
    outer loop
      vertex -40.3698619 -49.9141001 0.0405
      vertex -40.0639383 -49.8947697 0.0405
      vertex -40.355229 -49.8405357 0.0405
    endloop
  endfacet
  facet normal 0 -0 1
    outer loop
      vertex -40.3698619 -49.9141001 0.0405
      vertex -40.355229 -49.8405357 0.0405
      vertex -40.6451009 -49.7791693 0.0405
    endloop
  endfacet
  facet normal 0 0 1
    outer loop
      vertex -40.3698619 -49.9141001 0.0405
      vertex -40.6451009 -49.7791693 0.0405
      vertex -40.6615347 -49.8523525 0.0405
    endloop
  endfacet
  facet normal 0 -0 1
    outer loop
      vertex -40.6615347 -49.8523525 0.0405
      vertex -40.6451009 -49.7791693 0.0405
      vertex -40.9333795 -49.7107076 0.0405
    endloop
  endfacet
  facet normal 0 0 1
    outer loop
      vertex -40.6615347 -49.8523525 0.0405
      vertex -40.9333795 -49.7107076 0.0405
      vertex -40.9516044 -49.7834654 0.0405
    endloop
  endfacet
  facet normal 0 -0 1
    outer loop
      vertex -40.9516044 -49.7834654 0.0405
      vertex -40.9333795 -49.7107076 0.0405
      vertex -41.2398962 -49.7074805 0.0405
    endloop
  endfacet
  facet normal -0 0 1
    outer loop
      vertex -41.2398962 -49.7074805 0.0405
      vertex -40.9333795 -49.7107076 0.0405
      vertex -41.2198912 -49.6351918 0.0405
    endloop
  endfacet
  facet normal 0 -0 1
    outer loop
      vertex -41.2398962 -49.7074805 0.0405
      vertex -41.2198912 -49.6351918 0.0405
      vertex -41.5044634 -49.5526674 0.0405
    endloop
  endfacet
  facet normal 0 0 1
    outer loop
      vertex -41.2398962 -49.7074805 0.0405
      vertex -41.5044634 -49.5526674 0.0405
      vertex -41.5262363 -49.6244434 0.0405
    endloop
  endfacet
  facet normal 0 -0 1
    outer loop
      vertex -41.5262363 -49.6244434 0.0405
      vertex -41.5044634 -49.5526674 0.0405
      vertex -41.7869245 -49.4631841 0.0405
    endloop
  endfacet
  facet normal 0 0 1
    outer loop
      vertex -41.5262363 -49.6244434 0.0405
      vertex -41.7869245 -49.4631841 0.0405
      vertex -41.8104524 -49.5344041 0.0405
    endloop
  endfacet
  facet normal 0 -0 1
    outer loop
      vertex -41.8104524 -49.5344041 0.0405
      vertex -41.7869245 -49.4631841 0.0405
      vertex -42.0671046 -49.3667959 0.0405
    endloop
  endfacet
  facet normal 0 0 1
    outer loop
      vertex -41.8104524 -49.5344041 0.0405
      vertex -42.0671046 -49.3667959 0.0405
      vertex -42.0923732 -49.437417 0.0405
    endloop
  endfacet
  facet normal 0 -0 1
    outer loop
      vertex -42.0923732 -49.437417 0.0405
      vertex -42.0671046 -49.3667959 0.0405
      vertex -42.371829 -49.3335404 0.0405
    endloop
  endfacet
  facet normal -0 0 1
    outer loop
      vertex -42.371829 -49.3335404 0.0405
      vertex -42.0671046 -49.3667959 0.0405
      vertex -42.3448348 -49.2635607 0.0405
    endloop
  endfacet
  facet normal 0 -0 1
    outer loop
      vertex -42.371829 -49.3335404 0.0405
      vertex -42.3448348 -49.2635607 0.0405
      vertex -42.6486512 -49.2228369 0.0405
    endloop
  endfacet
  facet normal -0 0 1
    outer loop
      vertex -42.6486512 -49.2228369 0.0405
      vertex -42.3448348 -49.2635607 0.0405
      vertex -42.6199478 -49.1535407 0.0405
    endloop
  endfacet
  facet normal 0 -0 1
    outer loop
      vertex -42.6486512 -49.2228369 0.0405
      vertex -42.6199478 -49.1535407 0.0405
      vertex -42.892278 -49.0368023 0.0405
    endloop
  endfacet
  facet normal 0 0 1
    outer loop
      vertex -42.6486512 -49.2228369 0.0405
      vertex -42.892278 -49.0368023 0.0405
      vertex -42.9226734 -49.1053732 0.0405
    endloop
  endfacet
  facet normal 0 -0 1
    outer loop
      vertex -42.9226734 -49.1053732 0.0405
      vertex -42.892278 -49.0368023 0.0405
      vertex -43.1616612 -48.9134157 0.0405
    endloop
  endfacet
  facet normal 0 0 1
    outer loop
      vertex -42.9226734 -49.1053732 0.0405
      vertex -43.1616612 -48.9134157 0.0405
      vertex -43.1937302 -48.98122 0.0405
    endloop
  endfacet
  facet normal 0 -0 1
    outer loop
      vertex -43.1937302 -48.98122 0.0405
      vertex -43.1616612 -48.9134157 0.0405
      vertex -43.4279352 -48.7834553 0.0405
    endloop
  endfacet
  facet normal 0 0 1
    outer loop
      vertex -43.1937302 -48.98122 0.0405
      vertex -43.4279352 -48.7834553 0.0405
      vertex -43.4616586 -48.8504521 0.0405
    endloop
  endfacet
  facet normal 0 -0 1
    outer loop
      vertex -43.4616586 -48.8504521 0.0405
      vertex -43.4279352 -48.7834553 0.0405
      vertex -43.7262971 -48.7131484 0.0405
    endloop
  endfacet
  facet normal -0 0 1
    outer loop
      vertex -43.7262971 -48.7131484 0.0405
      vertex -43.4279352 -48.7834553 0.0405
      vertex -43.6909397 -48.6469993 0.0405
    endloop
  endfacet
  facet normal 0 -0 1
    outer loop
      vertex -43.7262971 -48.7131484 0.0405
      vertex -43.6909397 -48.6469993 0.0405
      vertex -43.9874863 -48.5693914 0.0405
    endloop
  endfacet
  facet normal -0 0 1
    outer loop
      vertex -43.9874863 -48.5693914 0.0405
      vertex -43.6909397 -48.6469993 0.0405
      vertex -43.9505161 -48.50413 0.0405
    endloop
  endfacet
  facet normal 0 -0 1
    outer loop
      vertex -43.9874863 -48.5693914 0.0405
      vertex -43.9505161 -48.50413 0.0405
      vertex -44.2065082 -48.3549333 0.0405
    endloop
  endfacet
  facet normal 0 0 1
    outer loop
      vertex -43.9874863 -48.5693914 0.0405
      vertex -44.2065082 -48.3549333 0.0405
      vertex -44.2450688 -48.4192678 0.0405
    endloop
  endfacet
  facet normal 0 -0 1
    outer loop
      vertex -44.2450688 -48.4192678 0.0405
      vertex -44.2065082 -48.3549333 0.0405
      vertex -44.4587617 -48.1994993 0.0405
    endloop
  endfacet
  facet normal 0 0 1
    outer loop
      vertex -44.2450688 -48.4192678 0.0405
      vertex -44.4587617 -48.1994993 0.0405
      vertex -44.4988895 -48.2628681 0.0405
    endloop
  endfacet
  facet normal 0 -0 1
    outer loop
      vertex -44.4988895 -48.2628681 0.0405
      vertex -44.4587617 -48.1994993 0.0405
      vertex -44.7071247 -48.0379214 0.0405
    endloop
  endfacet
  facet normal 0 0 1
    outer loop
      vertex -44.4988895 -48.2628681 0.0405
      vertex -44.7071247 -48.0379214 0.0405
      vertex -44.7487956 -48.1002864 0.0405
    endloop
  endfacet
  facet normal 0 -0 1
    outer loop
      vertex -44.7487956 -48.1002864 0.0405
      vertex -44.7071247 -48.0379214 0.0405
      vertex -44.9514475 -47.8702971 0.0405
    endloop
  endfacet
  facet normal 0 0 1
    outer loop
      vertex -44.7487956 -48.1002864 0.0405
      vertex -44.9514475 -47.8702971 0.0405
      vertex -44.9946364 -47.9316206 0.0405
    endloop
  endfacet
  facet normal 0 -0 1
    outer loop
      vertex -44.9946364 -47.9316206 0.0405
      vertex -44.9514475 -47.8702971 0.0405
      vertex -45.1915831 -47.6967273 0.0405
    endloop
  endfacet
  facet normal 0 0 1
    outer loop
      vertex -44.9946364 -47.9316206 0.0405
      vertex -45.1915831 -47.6967273 0.0405
      vertex -45.2362639 -47.7569724 0.0405
    endloop
  endfacet
  facet normal 0 -0 1
    outer loop
      vertex -45.2362639 -47.7569724 0.0405
      vertex -45.1915831 -47.6967273 0.0405
      vertex -45.4273867 -47.5173166 0.0405
    endloop
  endfacet
  facet normal 0 0 1
    outer loop
      vertex -45.2362639 -47.7569724 0.0405
      vertex -45.4273867 -47.5173166 0.0405
      vertex -45.4735326 -47.576447 0.0405
    endloop
  endfacet
  facet normal 0 -0 1
    outer loop
      vertex -45.4735326 -47.576447 0.0405
      vertex -45.4273867 -47.5173166 0.0405
      vertex -45.7062995 -47.3901531 0.0405
    endloop
  endfacet
  facet normal -0 0 1
    outer loop
      vertex -45.7062995 -47.3901531 0.0405
      vertex -45.4273867 -47.5173166 0.0405
      vertex -45.6587164 -47.3321729 0.0405
    endloop
  endfacet
  facet normal 0 -0 1
    outer loop
      vertex -45.7062995 -47.3901531 0.0405
      vertex -45.6587164 -47.3321729 0.0405
      vertex -45.9344244 -47.1982029 0.0405
    endloop
  endfacet
  facet normal -0 0 1
    outer loop
      vertex -45.9344244 -47.1982029 0.0405
      vertex -45.6587164 -47.3321729 0.0405
      vertex -45.8854327 -47.1414079 0.0405
    endloop
  endfacet
  facet normal 0 -0 1
    outer loop
      vertex -45.9344244 -47.1982029 0.0405
      vertex -45.8854327 -47.1414079 0.0405
      vertex -46.1073991 -46.9451365 0.0405
    endloop
  endfacet
  facet normal 0 0 1
    outer loop
      vertex -45.9344244 -47.1982029 0.0405
      vertex -46.1073991 -46.9451365 0.0405
      vertex -46.1577699 -47.000712 0.0405
    endloop
  endfacet
  facet normal 0 -0 1
    outer loop
      vertex -46.1577699 -47.000712 0.0405
      vertex -46.1073991 -46.9451365 0.0405
      vertex -46.3762014 -46.7977995 0.0405
    endloop
  endfacet
  facet normal -0 0 1
    outer loop
      vertex -46.3762014 -46.7977995 0.0405
      vertex -46.1073991 -46.9451365 0.0405
      vertex -46.324482 -46.7434769 0.0405
    endloop
  endfacet
  facet normal 0 -0 1
    outer loop
      vertex -46.3762014 -46.7977995 0.0405
      vertex -46.324482 -46.7434769 0.0405
      vertex -46.5895875 -46.5895875 0.0405
    endloop
  endfacet
  facet normal -0 0 1
    outer loop
      vertex -46.5895875 -46.5895875 0.0405
      vertex -46.324482 -46.7434769 0.0405
      vertex -46.5365505 -46.5365505 0.0405
    endloop
  endfacet
  facet normal 0 -0 1
    outer loop
      vertex -46.5895875 -46.5895875 0.0405
      vertex -46.5365505 -46.5365505 0.0405
      vertex -46.7434769 -46.324482 0.0405
    endloop
  endfacet
  facet normal 0 0 1
    outer loop
      vertex -46.5895875 -46.5895875 0.0405
      vertex -46.7434769 -46.324482 0.0405
      vertex -46.7977995 -46.3762014 0.0405
    endloop
  endfacet
  facet normal 0 -0 1
    outer loop
      vertex -46.7977995 -46.3762014 0.0405
      vertex -46.7434769 -46.324482 0.0405
      vertex -46.9451365 -46.1073991 0.0405
    endloop
  endfacet
  facet normal 0 0 1
    outer loop
      vertex -46.7977995 -46.3762014 0.0405
      vertex -46.9451365 -46.1073991 0.0405
      vertex -47.000712 -46.1577699 0.0405
    endloop
  endfacet
  facet normal 0 -0 1
    outer loop
      vertex -47.000712 -46.1577699 0.0405
      vertex -46.9451365 -46.1073991 0.0405
      vertex -47.1982029 -45.9344244 0.0405
    endloop
  endfacet
  facet normal -0 0 1
    outer loop
      vertex -47.1982029 -45.9344244 0.0405
      vertex -46.9451365 -46.1073991 0.0405
      vertex -47.1414079 -45.8854327 0.0405
    endloop
  endfacet
  facet normal 0 -0 1
    outer loop
      vertex -47.1982029 -45.9344244 0.0405
      vertex -47.1414079 -45.8854327 0.0405
      vertex -47.3321729 -45.6587164 0.0405
    endloop
  endfacet
  facet normal 0 0 1
    outer loop
      vertex -47.1982029 -45.9344244 0.0405
      vertex -47.3321729 -45.6587164 0.0405
      vertex -47.3901531 -45.7062995 0.0405
    endloop
  endfacet
  facet normal 0 -0 1
    outer loop
      vertex -47.3901531 -45.7062995 0.0405
      vertex -47.3321729 -45.6587164 0.0405
      vertex -47.576447 -45.4735326 0.0405
    endloop
  endfacet
  facet normal -0 0 1
    outer loop
      vertex -47.576447 -45.4735326 0.0405
      vertex -47.3321729 -45.6587164 0.0405
      vertex -47.5173166 -45.4273867 0.0405
    endloop
  endfacet
  facet normal 0 -0 1
    outer loop
      vertex -47.576447 -45.4735326 0.0405
      vertex -47.5173166 -45.4273867 0.0405
      vertex -47.7569724 -45.2362639 0.0405
    endloop
  endfacet
  facet normal -0 0 1
    outer loop
      vertex -47.7569724 -45.2362639 0.0405
      vertex -47.5173166 -45.4273867 0.0405
      vertex -47.6967273 -45.1915831 0.0405
    endloop
  endfacet
  facet normal 0 -0 1
    outer loop
      vertex -47.7569724 -45.2362639 0.0405
      vertex -47.6967273 -45.1915831 0.0405
      vertex -47.8702971 -44.9514475 0.0405
    endloop
  endfacet
  facet normal 0 0 1
    outer loop
      vertex -47.7569724 -45.2362639 0.0405
      vertex -47.8702971 -44.9514475 0.0405
      vertex -47.9316206 -44.9946364 0.0405
    endloop
  endfacet
  facet normal 0 -0 1
    outer loop
      vertex -47.9316206 -44.9946364 0.0405
      vertex -47.8702971 -44.9514475 0.0405
      vertex -48.1002864 -44.7487956 0.0405
    endloop
  endfacet
  facet normal -0 0 1
    outer loop
      vertex -48.1002864 -44.7487956 0.0405
      vertex -47.8702971 -44.9514475 0.0405
      vertex -48.0379214 -44.7071247 0.0405
    endloop
  endfacet
  facet normal 0 -0 1
    outer loop
      vertex -48.1002864 -44.7487956 0.0405
      vertex -48.0379214 -44.7071247 0.0405
      vertex -48.2628681 -44.4988895 0.0405
    endloop
  endfacet
  facet normal -0 0 1
    outer loop
      vertex -48.2628681 -44.4988895 0.0405
      vertex -48.0379214 -44.7071247 0.0405
      vertex -48.1994993 -44.4587617 0.0405
    endloop
  endfacet
  facet normal 0 -0 1
    outer loop
      vertex -48.2628681 -44.4988895 0.0405
      vertex -48.1994993 -44.4587617 0.0405
      vertex -48.4192678 -44.2450688 0.0405
    endloop
  endfacet
  facet normal -0 0 1
    outer loop
      vertex -48.4192678 -44.2450688 0.0405
      vertex -48.1994993 -44.4587617 0.0405
      vertex -48.3549333 -44.2065082 0.0405
    endloop
  endfacet
  facet normal 0 -0 1
    outer loop
      vertex -48.4192678 -44.2450688 0.0405
      vertex -48.3549333 -44.2065082 0.0405
      vertex -48.5693914 -43.9874863 0.0405
    endloop
  endfacet
  facet normal -0 0 1
    outer loop
      vertex -48.5693914 -43.9874863 0.0405
      vertex -48.3549333 -44.2065082 0.0405
      vertex -48.50413 -43.9505161 0.0405
    endloop
  endfacet
  facet normal 0 -0 1
    outer loop
      vertex -48.5693914 -43.9874863 0.0405
      vertex -48.50413 -43.9505161 0.0405
      vertex -48.6469993 -43.6909397 0.0405
    endloop
  endfacet
  facet normal 0 0 1
    outer loop
      vertex -48.5693914 -43.9874863 0.0405
      vertex -48.6469993 -43.6909397 0.0405
      vertex -48.7131484 -43.7262971 0.0405
    endloop
  endfacet
  facet normal 0 -0 1
    outer loop
      vertex -48.7131484 -43.7262971 0.0405
      vertex -48.6469993 -43.6909397 0.0405
      vertex -48.7834553 -43.4279352 0.0405
    endloop
  endfacet
  facet normal 0 0 1
    outer loop
      vertex -48.7131484 -43.7262971 0.0405
      vertex -48.7834553 -43.4279352 0.0405
      vertex -48.8504521 -43.4616586 0.0405
    endloop
  endfacet
  facet normal 0 -0 1
    outer loop
      vertex -48.8504521 -43.4616586 0.0405
      vertex -48.7834553 -43.4279352 0.0405
      vertex -48.98122 -43.1937302 0.0405
    endloop
  endfacet
  facet normal -0 0 1
    outer loop
      vertex -48.98122 -43.1937302 0.0405
      vertex -48.7834553 -43.4279352 0.0405
      vertex -48.9134157 -43.1616612 0.0405
    endloop
  endfacet
  facet normal 0 -0 1
    outer loop
      vertex -48.98122 -43.1937302 0.0405
      vertex -48.9134157 -43.1616612 0.0405
      vertex -49.1053732 -42.9226734 0.0405
    endloop
  endfacet
  facet normal -0 0 1
    outer loop
      vertex -49.1053732 -42.9226734 0.0405
      vertex -48.9134157 -43.1616612 0.0405
      vertex -49.0368023 -42.892278 0.0405
    endloop
  endfacet
  facet normal 0 -0 1
    outer loop
      vertex -49.1053732 -42.9226734 0.0405
      vertex -49.0368023 -42.892278 0.0405
      vertex -49.2228369 -42.6486512 0.0405
    endloop
  endfacet
  facet normal -0 0 1
    outer loop
      vertex -49.2228369 -42.6486512 0.0405
      vertex -49.0368023 -42.892278 0.0405
      vertex -49.1535407 -42.6199478 0.0405
    endloop
  endfacet
  facet normal 0 -0 1
    outer loop
      vertex -49.2228369 -42.6486512 0.0405
      vertex -49.1535407 -42.6199478 0.0405
      vertex -49.2635607 -42.3448348 0.0405
    endloop
  endfacet
  facet normal 0 0 1
    outer loop
      vertex -49.2228369 -42.6486512 0.0405
      vertex -49.2635607 -42.3448348 0.0405
      vertex -49.3335404 -42.371829 0.0405
    endloop
  endfacet
  facet normal 0 -0 1
    outer loop
      vertex -49.3335404 -42.371829 0.0405
      vertex -49.2635607 -42.3448348 0.0405
      vertex -49.3667959 -42.0671046 0.0405
    endloop
  endfacet
  facet normal 0 0 1
    outer loop
      vertex -49.3335404 -42.371829 0.0405
      vertex -49.3667959 -42.0671046 0.0405
      vertex -49.437417 -42.0923732 0.0405
    endloop
  endfacet
  facet normal 0 -0 1
    outer loop
      vertex -49.437417 -42.0923732 0.0405
      vertex -49.3667959 -42.0671046 0.0405
      vertex -49.5344041 -41.8104524 0.0405
    endloop
  endfacet
  facet normal -0 0 1
    outer loop
      vertex -49.5344041 -41.8104524 0.0405
      vertex -49.3667959 -42.0671046 0.0405
      vertex -49.4631841 -41.7869245 0.0405
    endloop
  endfacet
  facet normal 0 -0 1
    outer loop
      vertex -49.5344041 -41.8104524 0.0405
      vertex -49.4631841 -41.7869245 0.0405
      vertex -49.6244434 -41.5262363 0.0405
    endloop
  endfacet
  facet normal -0 0 1
    outer loop
      vertex -49.6244434 -41.5262363 0.0405
      vertex -49.4631841 -41.7869245 0.0405
      vertex -49.5526674 -41.5044634 0.0405
    endloop
  endfacet
  facet normal 0 -0 1
    outer loop
      vertex -49.6244434 -41.5262363 0.0405
      vertex -49.5526674 -41.5044634 0.0405
      vertex -49.7074805 -41.2398962 0.0405
    endloop
  endfacet
  facet normal -0 0 1
    outer loop
      vertex -49.7074805 -41.2398962 0.0405
      vertex -49.5526674 -41.5044634 0.0405
      vertex -49.6351918 -41.2198912 0.0405
    endloop
  endfacet
  facet normal 0 -0 1
    outer loop
      vertex -49.7074805 -41.2398962 0.0405
      vertex -49.6351918 -41.2198912 0.0405
      vertex -49.7107076 -40.9333795 0.0405
    endloop
  endfacet
  facet normal 0 0 1
    outer loop
      vertex -49.7074805 -41.2398962 0.0405
      vertex -49.7107076 -40.9333795 0.0405
      vertex -49.7834654 -40.9516044 0.0405
    endloop
  endfacet
  facet normal 0 -0 1
    outer loop
      vertex -49.7834654 -40.9516044 0.0405
      vertex -49.7107076 -40.9333795 0.0405
      vertex -49.8523525 -40.6615347 0.0405
    endloop
  endfacet
  facet normal -0 0 1
    outer loop
      vertex -49.8523525 -40.6615347 0.0405
      vertex -49.7107076 -40.9333795 0.0405
      vertex -49.7791693 -40.6451009 0.0405
    endloop
  endfacet
  facet normal 0 -0 1
    outer loop
      vertex -49.8523525 -40.6615347 0.0405
      vertex -49.7791693 -40.6451009 0.0405
      vertex -49.9141001 -40.3698619 0.0405
    endloop
  endfacet
  facet normal -0 0 1
    outer loop
      vertex -49.9141001 -40.3698619 0.0405
      vertex -49.7791693 -40.6451009 0.0405
      vertex -49.8405357 -40.355229 0.0405
    endloop
  endfacet
  facet normal 0 0 1
    outer loop
      vertex -49.9141001 -40.3698619 0.0405
      vertex -49.8405357 -40.355229 0.0405
      vertex -49.8947697 -40.0639383 0.0405
    endloop
  endfacet
  facet normal 0 -0 1
    outer loop
      vertex -49.9141001 -40.3698619 0.0405
      vertex -49.8947697 -40.0639383 0.0405
      vertex -49.9686711 -40.0767614 0.0405
    endloop
  endfacet
  facet normal 0 -0 1
    outer loop
      vertex -49.9686711 -40.0767614 0.0405
      vertex -49.8947697 -40.0639383 0.0405
      vertex -50.0160326 -39.7824101 0.0405
    endloop
  endfacet
  facet normal -0 0 1
    outer loop
      vertex -50.0160326 -39.7824101 0.0405
      vertex -49.8947697 -40.0639383 0.0405
      vertex -49.9418388 -39.7714045 0.0405
    endloop
  endfacet
  facet normal 0 -0 1
    outer loop
      vertex -50.0160326 -39.7824101 0.0405
      vertex -49.9418388 -39.7714045 0.0405
      vertex -50.0561562 -39.486985 0.0405
    endloop
  endfacet
  facet normal -0 0 1
    outer loop
      vertex -50.0561562 -39.486985 0.0405
      vertex -49.9418388 -39.7714045 0.0405
      vertex -49.9817146 -39.4778035 0.0405
    endloop
  endfacet
  facet normal 0 -0 1
    outer loop
      vertex -50.0561562 -39.486985 0.0405
      vertex -49.9817146 -39.4778035 0.0405
      vertex -50.0890175 -39.1906643 0.0405
    endloop
  endfacet
  facet normal -0 0 1
    outer loop
      vertex -50.0890175 -39.1906643 0.0405
      vertex -49.9817146 -39.4778035 0.0405
      vertex -50.014373 -39.1833125 0.0405
    endloop
  endfacet
  facet normal 0 -0 1
    outer loop
      vertex -50.0890175 -39.1906643 0.0405
      vertex -50.014373 -39.1833125 0.0405
      vertex -50.1145969 -38.8936264 0.0405
    endloop
  endfacet
  facet normal -0 0 1
    outer loop
      vertex -50.1145969 -38.8936264 0.0405
      vertex -50.014373 -39.1833125 0.0405
      vertex -50.0397945 -38.8881086 0.0405
    endloop
  endfacet
  facet normal 0 -0 1
    outer loop
      vertex -50.1145969 -38.8936264 0.0405
      vertex -50.0397945 -38.8881086 0.0405
      vertex -50.1328789 -38.5960501 0.0405
    endloop
  endfacet
  facet normal -0 0 1
    outer loop
      vertex -50.1328789 -38.5960501 0.0405
      vertex -50.0397945 -38.8881086 0.0405
      vertex -50.0579636 -38.5923698 0.0405
    endloop
  endfacet
  facet normal 0 -0 1
    outer loop
      vertex -50.1328789 -38.5960501 0.0405
      vertex -50.0579636 -38.5923698 0.0405
      vertex -50.1438525 -38.2981148 0.0405
    endloop
  endfacet
  facet normal -0 0 1
    outer loop
      vertex -50.1438525 -38.2981148 0.0405
      vertex -50.0579636 -38.5923698 0.0405
      vertex -50.0688694 -38.2962741 0.0405
    endloop
  endfacet
  facet normal 0 -0 1
    outer loop
      vertex -50.1438525 -38.2981148 0.0405
      vertex -50.0688694 -38.2962741 0.0405
      vertex -50.1475 -38.0009051 0.0405
    endloop
  endfacet
  facet normal -0 0 1
    outer loop
      vertex -50.1475 -38.0009051 0.0405
      vertex -50.0688694 -38.2962741 0.0405
      vertex -50.0725 -38.0004449 0.0405
    endloop
  endfacet
  facet normal 0 0 1
    outer loop
      vertex -50.1475 -38.0009051 0.0405
      vertex -50.0725 -38.0004449 0.0405
      vertex -50.0725 38.0004449 0.0405
    endloop
  endfacet
  facet normal 0 0 1
    outer loop
      vertex -50.1475 -38.0009051 0.0405
      vertex -50.0725 38.0004449 0.0405
      vertex -50.1475 38.0009051 0.0405
    endloop
  endfacet
  facet normal -0 0 1
    outer loop
      vertex -50.1475 38.0009051 0.0405
      vertex -50.0725 38.0004449 0.0405
      vertex -50.0688694 38.2962741 0.0405
    endloop
  endfacet
  facet normal 0 0 1
    outer loop
      vertex -50.1475 38.0009051 0.0405
      vertex -50.0688694 38.2962741 0.0405
      vertex -50.1438525 38.2981148 0.0405
    endloop
  endfacet
  facet normal -0 0 1
    outer loop
      vertex -50.1438525 38.2981148 0.0405
      vertex -50.0688694 38.2962741 0.0405
      vertex -50.0579636 38.5923698 0.0405
    endloop
  endfacet
  facet normal 0 0 1
    outer loop
      vertex -50.1438525 38.2981148 0.0405
      vertex -50.0579636 38.5923698 0.0405
      vertex -50.1328789 38.5960501 0.0405
    endloop
  endfacet
  facet normal -0 0 1
    outer loop
      vertex -50.1328789 38.5960501 0.0405
      vertex -50.0579636 38.5923698 0.0405
      vertex -50.0397945 38.8881086 0.0405
    endloop
  endfacet
  facet normal 0 0 1
    outer loop
      vertex -50.1328789 38.5960501 0.0405
      vertex -50.0397945 38.8881086 0.0405
      vertex -50.1145969 38.8936264 0.0405
    endloop
  endfacet
  facet normal -0 0 1
    outer loop
      vertex -50.1145969 38.8936264 0.0405
      vertex -50.0397945 38.8881086 0.0405
      vertex -50.014373 39.1833125 0.0405
    endloop
  endfacet
  facet normal 0 0 1
    outer loop
      vertex -50.1145969 38.8936264 0.0405
      vertex -50.014373 39.1833125 0.0405
      vertex -50.0890175 39.1906643 0.0405
    endloop
  endfacet
  facet normal -0 0 1
    outer loop
      vertex -50.0890175 39.1906643 0.0405
      vertex -50.014373 39.1833125 0.0405
      vertex -49.9817146 39.4778035 0.0405
    endloop
  endfacet
  facet normal 0 0 1
    outer loop
      vertex -50.0890175 39.1906643 0.0405
      vertex -49.9817146 39.4778035 0.0405
      vertex -50.0561562 39.486985 0.0405
    endloop
  endfacet
  facet normal -0 0 1
    outer loop
      vertex -50.0561562 39.486985 0.0405
      vertex -49.9817146 39.4778035 0.0405
      vertex -49.9418388 39.7714045 0.0405
    endloop
  endfacet
  facet normal 0 0 1
    outer loop
      vertex -50.0561562 39.486985 0.0405
      vertex -49.9418388 39.7714045 0.0405
      vertex -50.0160326 39.7824101 0.0405
    endloop
  endfacet
  facet normal -0 0 1
    outer loop
      vertex -50.0160326 39.7824101 0.0405
      vertex -49.9418388 39.7714045 0.0405
      vertex -49.8947697 40.0639383 0.0405
    endloop
  endfacet
  facet normal 0 0 1
    outer loop
      vertex -50.0160326 39.7824101 0.0405
      vertex -49.8947697 40.0639383 0.0405
      vertex -49.9686711 40.0767614 0.0405
    endloop
  endfacet
  facet normal -0 0 1
    outer loop
      vertex -49.9686711 40.0767614 0.0405
      vertex -49.8947697 40.0639383 0.0405
      vertex -49.9141001 40.3698619 0.0405
    endloop
  endfacet
  facet normal 0 0 1
    outer loop
      vertex -49.9141001 40.3698619 0.0405
      vertex -49.8947697 40.0639383 0.0405
      vertex -49.8405357 40.355229 0.0405
    endloop
  endfacet
  facet normal -0 0 1
    outer loop
      vertex -49.9141001 40.3698619 0.0405
      vertex -49.8405357 40.355229 0.0405
      vertex -49.7791693 40.6451009 0.0405
    endloop
  endfacet
  facet normal 0 0 1
    outer loop
      vertex -49.9141001 40.3698619 0.0405
      vertex -49.7791693 40.6451009 0.0405
      vertex -49.8523525 40.6615347 0.0405
    endloop
  endfacet
  facet normal -0 0 1
    outer loop
      vertex -49.8523525 40.6615347 0.0405
      vertex -49.7791693 40.6451009 0.0405
      vertex -49.7107076 40.9333795 0.0405
    endloop
  endfacet
  facet normal 0 0 1
    outer loop
      vertex -49.8523525 40.6615347 0.0405
      vertex -49.7107076 40.9333795 0.0405
      vertex -49.7834654 40.9516044 0.0405
    endloop
  endfacet
  facet normal -0 0 1
    outer loop
      vertex -49.7834654 40.9516044 0.0405
      vertex -49.7107076 40.9333795 0.0405
      vertex -49.7074805 41.2398962 0.0405
    endloop
  endfacet
  facet normal 0 0 1
    outer loop
      vertex -49.7074805 41.2398962 0.0405
      vertex -49.7107076 40.9333795 0.0405
      vertex -49.6351918 41.2198912 0.0405
    endloop
  endfacet
  facet normal -0 0 1
    outer loop
      vertex -49.7074805 41.2398962 0.0405
      vertex -49.6351918 41.2198912 0.0405
      vertex -49.5526674 41.5044634 0.0405
    endloop
  endfacet
  facet normal 0 0 1
    outer loop
      vertex -49.7074805 41.2398962 0.0405
      vertex -49.5526674 41.5044634 0.0405
      vertex -49.6244434 41.5262363 0.0405
    endloop
  endfacet
  facet normal -0 0 1
    outer loop
      vertex -49.6244434 41.5262363 0.0405
      vertex -49.5526674 41.5044634 0.0405
      vertex -49.4631841 41.7869245 0.0405
    endloop
  endfacet
  facet normal 0 0 1
    outer loop
      vertex -49.6244434 41.5262363 0.0405
      vertex -49.4631841 41.7869245 0.0405
      vertex -49.5344041 41.8104524 0.0405
    endloop
  endfacet
  facet normal -0 0 1
    outer loop
      vertex -49.5344041 41.8104524 0.0405
      vertex -49.4631841 41.7869245 0.0405
      vertex -49.437417 42.0923732 0.0405
    endloop
  endfacet
  facet normal 0 0 1
    outer loop
      vertex -49.437417 42.0923732 0.0405
      vertex -49.4631841 41.7869245 0.0405
      vertex -49.3667959 42.0671046 0.0405
    endloop
  endfacet
  facet normal -0 0 1
    outer loop
      vertex -49.437417 42.0923732 0.0405
      vertex -49.3667959 42.0671046 0.0405
      vertex -49.3335404 42.371829 0.0405
    endloop
  endfacet
  facet normal 0 0 1
    outer loop
      vertex -49.3335404 42.371829 0.0405
      vertex -49.3667959 42.0671046 0.0405
      vertex -49.2635607 42.3448348 0.0405
    endloop
  endfacet
  facet normal -0 0 1
    outer loop
      vertex -49.3335404 42.371829 0.0405
      vertex -49.2635607 42.3448348 0.0405
      vertex -49.1535407 42.6199478 0.0405
    endloop
  endfacet
  facet normal 0 0 1
    outer loop
      vertex -49.3335404 42.371829 0.0405
      vertex -49.1535407 42.6199478 0.0405
      vertex -49.2228369 42.6486512 0.0405
    endloop
  endfacet
  facet normal -0 0 1
    outer loop
      vertex -49.2228369 42.6486512 0.0405
      vertex -49.1535407 42.6199478 0.0405
      vertex -49.0368023 42.892278 0.0405
    endloop
  endfacet
  facet normal 0 0 1
    outer loop
      vertex -49.2228369 42.6486512 0.0405
      vertex -49.0368023 42.892278 0.0405
      vertex -49.1053732 42.9226734 0.0405
    endloop
  endfacet
  facet normal -0 0 1
    outer loop
      vertex -49.1053732 42.9226734 0.0405
      vertex -49.0368023 42.892278 0.0405
      vertex -48.9134157 43.1616612 0.0405
    endloop
  endfacet
  facet normal 0 0 1
    outer loop
      vertex -49.1053732 42.9226734 0.0405
      vertex -48.9134157 43.1616612 0.0405
      vertex -48.98122 43.1937302 0.0405
    endloop
  endfacet
  facet normal -0 0 1
    outer loop
      vertex -48.98122 43.1937302 0.0405
      vertex -48.9134157 43.1616612 0.0405
      vertex -48.7834553 43.4279352 0.0405
    endloop
  endfacet
  facet normal 0 0 1
    outer loop
      vertex -48.98122 43.1937302 0.0405
      vertex -48.7834553 43.4279352 0.0405
      vertex -48.8504521 43.4616586 0.0405
    endloop
  endfacet
  facet normal -0 0 1
    outer loop
      vertex -48.8504521 43.4616586 0.0405
      vertex -48.7834553 43.4279352 0.0405
      vertex -48.7131484 43.7262971 0.0405
    endloop
  endfacet
  facet normal 0 0 1
    outer loop
      vertex -48.7131484 43.7262971 0.0405
      vertex -48.7834553 43.4279352 0.0405
      vertex -48.6469993 43.6909397 0.0405
    endloop
  endfacet
  facet normal -0 0 1
    outer loop
      vertex -48.7131484 43.7262971 0.0405
      vertex -48.6469993 43.6909397 0.0405
      vertex -48.5693914 43.9874863 0.0405
    endloop
  endfacet
  facet normal 0 0 1
    outer loop
      vertex -48.5693914 43.9874863 0.0405
      vertex -48.6469993 43.6909397 0.0405
      vertex -48.50413 43.9505161 0.0405
    endloop
  endfacet
  facet normal -0 0 1
    outer loop
      vertex -48.5693914 43.9874863 0.0405
      vertex -48.50413 43.9505161 0.0405
      vertex -48.3549333 44.2065082 0.0405
    endloop
  endfacet
  facet normal 0 0 1
    outer loop
      vertex -48.5693914 43.9874863 0.0405
      vertex -48.3549333 44.2065082 0.0405
      vertex -48.4192678 44.2450688 0.0405
    endloop
  endfacet
  facet normal -0 0 1
    outer loop
      vertex -48.4192678 44.2450688 0.0405
      vertex -48.3549333 44.2065082 0.0405
      vertex -48.1994993 44.4587617 0.0405
    endloop
  endfacet
  facet normal 0 0 1
    outer loop
      vertex -48.4192678 44.2450688 0.0405
      vertex -48.1994993 44.4587617 0.0405
      vertex -48.2628681 44.4988895 0.0405
    endloop
  endfacet
  facet normal -0 0 1
    outer loop
      vertex -48.2628681 44.4988895 0.0405
      vertex -48.1994993 44.4587617 0.0405
      vertex -48.0379214 44.7071247 0.0405
    endloop
  endfacet
  facet normal 0 0 1
    outer loop
      vertex -48.2628681 44.4988895 0.0405
      vertex -48.0379214 44.7071247 0.0405
      vertex -48.1002864 44.7487956 0.0405
    endloop
  endfacet
  facet normal -0 0 1
    outer loop
      vertex -48.1002864 44.7487956 0.0405
      vertex -48.0379214 44.7071247 0.0405
      vertex -47.8702971 44.9514475 0.0405
    endloop
  endfacet
  facet normal 0 0 1
    outer loop
      vertex -48.1002864 44.7487956 0.0405
      vertex -47.8702971 44.9514475 0.0405
      vertex -47.9316206 44.9946364 0.0405
    endloop
  endfacet
  facet normal -0 0 1
    outer loop
      vertex -47.9316206 44.9946364 0.0405
      vertex -47.8702971 44.9514475 0.0405
      vertex -47.7569724 45.2362639 0.0405
    endloop
  endfacet
  facet normal 0 0 1
    outer loop
      vertex -47.7569724 45.2362639 0.0405
      vertex -47.8702971 44.9514475 0.0405
      vertex -47.6967273 45.1915831 0.0405
    endloop
  endfacet
  facet normal -0 0 1
    outer loop
      vertex -47.7569724 45.2362639 0.0405
      vertex -47.6967273 45.1915831 0.0405
      vertex -47.5173166 45.4273867 0.0405
    endloop
  endfacet
  facet normal 0 0 1
    outer loop
      vertex -47.7569724 45.2362639 0.0405
      vertex -47.5173166 45.4273867 0.0405
      vertex -47.576447 45.4735326 0.0405
    endloop
  endfacet
  facet normal -0 0 1
    outer loop
      vertex -47.576447 45.4735326 0.0405
      vertex -47.5173166 45.4273867 0.0405
      vertex -47.3321729 45.6587164 0.0405
    endloop
  endfacet
  facet normal 0 0 1
    outer loop
      vertex -47.576447 45.4735326 0.0405
      vertex -47.3321729 45.6587164 0.0405
      vertex -47.3901531 45.7062995 0.0405
    endloop
  endfacet
  facet normal -0 0 1
    outer loop
      vertex -47.3901531 45.7062995 0.0405
      vertex -47.3321729 45.6587164 0.0405
      vertex -47.1982029 45.9344244 0.0405
    endloop
  endfacet
  facet normal 0 0 1
    outer loop
      vertex -47.1982029 45.9344244 0.0405
      vertex -47.3321729 45.6587164 0.0405
      vertex -47.1414079 45.8854327 0.0405
    endloop
  endfacet
  facet normal -0 0 1
    outer loop
      vertex -47.1982029 45.9344244 0.0405
      vertex -47.1414079 45.8854327 0.0405
      vertex -46.9451365 46.1073991 0.0405
    endloop
  endfacet
  facet normal 0 0 1
    outer loop
      vertex 50.0579636 38.5923698 0.0405
      vertex 50.0688694 38.2962741 0.0405
      vertex 50.1438525 38.2981148 0.0405
    endloop
  endfacet
  facet normal 0 0 1
    outer loop
      vertex 50.1438525 38.2981148 0.0405
      vertex 50.0688694 38.2962741 0.0405
      vertex 50.1475 38.0009051 0.0405
    endloop
  endfacet
  facet normal 0 0 1
    outer loop
      vertex 50.1475 38.0009051 0.0405
      vertex 50.0688694 38.2962741 0.0405
      vertex 50.0725 38.0004449 0.0405
    endloop
  endfacet
  facet normal 0 0 1
    outer loop
      vertex 50.1475 38.0009051 0.0405
      vertex 50.0725 38.0004449 0.0405
      vertex 50.0725 -38.0004449 0.0405
    endloop
  endfacet
  facet normal 0 0 1
    outer loop
      vertex 50.1475 38.0009051 0.0405
      vertex 50.0725 -38.0004449 0.0405
      vertex 50.1475 -38.0009051 0.0405
    endloop
  endfacet
  facet normal 0 0 1
    outer loop
      vertex 50.1475 -38.0009051 0.0405
      vertex 50.0725 -38.0004449 0.0405
      vertex 50.0688694 -38.2962741 0.0405
    endloop
  endfacet
  facet normal 0 0 1
    outer loop
      vertex 50.1475 -38.0009051 0.0405
      vertex 50.0688694 -38.2962741 0.0405
      vertex 50.1438525 -38.2981148 0.0405
    endloop
  endfacet
  facet normal 0 0 1
    outer loop
      vertex 50.1438525 -38.2981148 0.0405
      vertex 50.0688694 -38.2962741 0.0405
      vertex 50.0579636 -38.5923698 0.0405
    endloop
  endfacet
  facet normal 0 0 1
    outer loop
      vertex 50.1438525 -38.2981148 0.0405
      vertex 50.0579636 -38.5923698 0.0405
      vertex 50.1328789 -38.5960501 0.0405
    endloop
  endfacet
  facet normal 0 0 1
    outer loop
      vertex 50.1328789 -38.5960501 0.0405
      vertex 50.0579636 -38.5923698 0.0405
      vertex 50.0397945 -38.8881086 0.0405
    endloop
  endfacet
  facet normal 0 0 1
    outer loop
      vertex 50.1328789 -38.5960501 0.0405
      vertex 50.0397945 -38.8881086 0.0405
      vertex 50.1145969 -38.8936264 0.0405
    endloop
  endfacet
  facet normal 0 0 1
    outer loop
      vertex 50.1145969 -38.8936264 0.0405
      vertex 50.0397945 -38.8881086 0.0405
      vertex 50.014373 -39.1833125 0.0405
    endloop
  endfacet
  facet normal 0 0 1
    outer loop
      vertex 50.1145969 -38.8936264 0.0405
      vertex 50.014373 -39.1833125 0.0405
      vertex 50.0890175 -39.1906643 0.0405
    endloop
  endfacet
  facet normal 0 0 1
    outer loop
      vertex 50.0890175 -39.1906643 0.0405
      vertex 50.014373 -39.1833125 0.0405
      vertex 49.9817146 -39.4778035 0.0405
    endloop
  endfacet
  facet normal 0 0 1
    outer loop
      vertex 50.0890175 -39.1906643 0.0405
      vertex 49.9817146 -39.4778035 0.0405
      vertex 50.0561562 -39.486985 0.0405
    endloop
  endfacet
  facet normal 0 0 1
    outer loop
      vertex 50.0561562 -39.486985 0.0405
      vertex 49.9817146 -39.4778035 0.0405
      vertex 49.9418388 -39.7714045 0.0405
    endloop
  endfacet
  facet normal 0 0 1
    outer loop
      vertex 50.0561562 -39.486985 0.0405
      vertex 49.9418388 -39.7714045 0.0405
      vertex 50.0160326 -39.7824101 0.0405
    endloop
  endfacet
  facet normal 0 0 1
    outer loop
      vertex 50.0160326 -39.7824101 0.0405
      vertex 49.9418388 -39.7714045 0.0405
      vertex 49.8947697 -40.0639383 0.0405
    endloop
  endfacet
  facet normal 0 0 1
    outer loop
      vertex 50.0160326 -39.7824101 0.0405
      vertex 49.8947697 -40.0639383 0.0405
      vertex 49.9686711 -40.0767614 0.0405
    endloop
  endfacet
  facet normal 0 0 1
    outer loop
      vertex 49.9686711 -40.0767614 0.0405
      vertex 49.8947697 -40.0639383 0.0405
      vertex 49.9141001 -40.3698619 0.0405
    endloop
  endfacet
  facet normal 0 0 1
    outer loop
      vertex 49.9141001 -40.3698619 0.0405
      vertex 49.8947697 -40.0639383 0.0405
      vertex 49.8405357 -40.355229 0.0405
    endloop
  endfacet
  facet normal 0 0 1
    outer loop
      vertex 49.9141001 -40.3698619 0.0405
      vertex 49.8405357 -40.355229 0.0405
      vertex 49.7791693 -40.6451009 0.0405
    endloop
  endfacet
  facet normal 0 0 1
    outer loop
      vertex 49.9141001 -40.3698619 0.0405
      vertex 49.7791693 -40.6451009 0.0405
      vertex 49.8523525 -40.6615347 0.0405
    endloop
  endfacet
  facet normal 0 0 1
    outer loop
      vertex 49.8523525 -40.6615347 0.0405
      vertex 49.7791693 -40.6451009 0.0405
      vertex 49.7107076 -40.9333795 0.0405
    endloop
  endfacet
  facet normal 0 0 1
    outer loop
      vertex 49.8523525 -40.6615347 0.0405
      vertex 49.7107076 -40.9333795 0.0405
      vertex 49.7834654 -40.9516044 0.0405
    endloop
  endfacet
  facet normal 0 0 1
    outer loop
      vertex 49.7834654 -40.9516044 0.0405
      vertex 49.7107076 -40.9333795 0.0405
      vertex 49.7074805 -41.2398962 0.0405
    endloop
  endfacet
  facet normal 0 -0 1
    outer loop
      vertex 49.7074805 -41.2398962 0.0405
      vertex 49.7107076 -40.9333795 0.0405
      vertex 49.6351918 -41.2198912 0.0405
    endloop
  endfacet
  facet normal 0 0 1
    outer loop
      vertex 49.7074805 -41.2398962 0.0405
      vertex 49.6351918 -41.2198912 0.0405
      vertex 49.5526674 -41.5044634 0.0405
    endloop
  endfacet
  facet normal 0 0 1
    outer loop
      vertex 49.7074805 -41.2398962 0.0405
      vertex 49.5526674 -41.5044634 0.0405
      vertex 49.6244434 -41.5262363 0.0405
    endloop
  endfacet
  facet normal 0 0 1
    outer loop
      vertex 49.6244434 -41.5262363 0.0405
      vertex 49.5526674 -41.5044634 0.0405
      vertex 49.4631841 -41.7869245 0.0405
    endloop
  endfacet
  facet normal 0 0 1
    outer loop
      vertex 49.6244434 -41.5262363 0.0405
      vertex 49.4631841 -41.7869245 0.0405
      vertex 49.5344041 -41.8104524 0.0405
    endloop
  endfacet
  facet normal 0 0 1
    outer loop
      vertex 49.5344041 -41.8104524 0.0405
      vertex 49.4631841 -41.7869245 0.0405
      vertex 49.437417 -42.0923732 0.0405
    endloop
  endfacet
  facet normal 0 -0 1
    outer loop
      vertex 49.437417 -42.0923732 0.0405
      vertex 49.4631841 -41.7869245 0.0405
      vertex 49.3667959 -42.0671046 0.0405
    endloop
  endfacet
  facet normal 0 0 1
    outer loop
      vertex 49.437417 -42.0923732 0.0405
      vertex 49.3667959 -42.0671046 0.0405
      vertex 49.3335404 -42.371829 0.0405
    endloop
  endfacet
  facet normal 0 -0 1
    outer loop
      vertex 49.3335404 -42.371829 0.0405
      vertex 49.3667959 -42.0671046 0.0405
      vertex 49.2635607 -42.3448348 0.0405
    endloop
  endfacet
  facet normal 0 0 1
    outer loop
      vertex 49.3335404 -42.371829 0.0405
      vertex 49.2635607 -42.3448348 0.0405
      vertex 49.2228369 -42.6486512 0.0405
    endloop
  endfacet
  facet normal 0 -0 1
    outer loop
      vertex 49.2228369 -42.6486512 0.0405
      vertex 49.2635607 -42.3448348 0.0405
      vertex 49.1535407 -42.6199478 0.0405
    endloop
  endfacet
  facet normal 0 0 1
    outer loop
      vertex 49.2228369 -42.6486512 0.0405
      vertex 49.1535407 -42.6199478 0.0405
      vertex 49.0368023 -42.892278 0.0405
    endloop
  endfacet
  facet normal 0 0 1
    outer loop
      vertex 49.2228369 -42.6486512 0.0405
      vertex 49.0368023 -42.892278 0.0405
      vertex 49.1053732 -42.9226734 0.0405
    endloop
  endfacet
  facet normal 0 0 1
    outer loop
      vertex 49.1053732 -42.9226734 0.0405
      vertex 49.0368023 -42.892278 0.0405
      vertex 48.9134157 -43.1616612 0.0405
    endloop
  endfacet
  facet normal 0 0 1
    outer loop
      vertex 49.1053732 -42.9226734 0.0405
      vertex 48.9134157 -43.1616612 0.0405
      vertex 48.98122 -43.1937302 0.0405
    endloop
  endfacet
  facet normal 0 0 1
    outer loop
      vertex 48.98122 -43.1937302 0.0405
      vertex 48.9134157 -43.1616612 0.0405
      vertex 48.7834553 -43.4279352 0.0405
    endloop
  endfacet
  facet normal 0 0 1
    outer loop
      vertex 48.98122 -43.1937302 0.0405
      vertex 48.7834553 -43.4279352 0.0405
      vertex 48.8504521 -43.4616586 0.0405
    endloop
  endfacet
  facet normal 0 0 1
    outer loop
      vertex 48.8504521 -43.4616586 0.0405
      vertex 48.7834553 -43.4279352 0.0405
      vertex 48.7131484 -43.7262971 0.0405
    endloop
  endfacet
  facet normal 0 -0 1
    outer loop
      vertex 48.7131484 -43.7262971 0.0405
      vertex 48.7834553 -43.4279352 0.0405
      vertex 48.6469993 -43.6909397 0.0405
    endloop
  endfacet
  facet normal 0 0 1
    outer loop
      vertex 48.7131484 -43.7262971 0.0405
      vertex 48.6469993 -43.6909397 0.0405
      vertex 48.5693914 -43.9874863 0.0405
    endloop
  endfacet
  facet normal 0 -0 1
    outer loop
      vertex 48.5693914 -43.9874863 0.0405
      vertex 48.6469993 -43.6909397 0.0405
      vertex 48.50413 -43.9505161 0.0405
    endloop
  endfacet
  facet normal 0 0 1
    outer loop
      vertex 48.5693914 -43.9874863 0.0405
      vertex 48.50413 -43.9505161 0.0405
      vertex 48.3549333 -44.2065082 0.0405
    endloop
  endfacet
  facet normal 0 0 1
    outer loop
      vertex 48.5693914 -43.9874863 0.0405
      vertex 48.3549333 -44.2065082 0.0405
      vertex 48.4192678 -44.2450688 0.0405
    endloop
  endfacet
  facet normal 0 0 1
    outer loop
      vertex 48.4192678 -44.2450688 0.0405
      vertex 48.3549333 -44.2065082 0.0405
      vertex 48.1994993 -44.4587617 0.0405
    endloop
  endfacet
  facet normal 0 0 1
    outer loop
      vertex 48.4192678 -44.2450688 0.0405
      vertex 48.1994993 -44.4587617 0.0405
      vertex 48.2628681 -44.4988895 0.0405
    endloop
  endfacet
  facet normal 0 0 1
    outer loop
      vertex 48.2628681 -44.4988895 0.0405
      vertex 48.1994993 -44.4587617 0.0405
      vertex 48.0379214 -44.7071247 0.0405
    endloop
  endfacet
  facet normal 0 0 1
    outer loop
      vertex 48.2628681 -44.4988895 0.0405
      vertex 48.0379214 -44.7071247 0.0405
      vertex 48.1002864 -44.7487956 0.0405
    endloop
  endfacet
  facet normal 0 0 1
    outer loop
      vertex 48.1002864 -44.7487956 0.0405
      vertex 48.0379214 -44.7071247 0.0405
      vertex 47.8702971 -44.9514475 0.0405
    endloop
  endfacet
  facet normal 0 0 1
    outer loop
      vertex 48.1002864 -44.7487956 0.0405
      vertex 47.8702971 -44.9514475 0.0405
      vertex 47.9316206 -44.9946364 0.0405
    endloop
  endfacet
  facet normal 0 0 1
    outer loop
      vertex 47.9316206 -44.9946364 0.0405
      vertex 47.8702971 -44.9514475 0.0405
      vertex 47.7569724 -45.2362639 0.0405
    endloop
  endfacet
  facet normal 0 -0 1
    outer loop
      vertex 47.7569724 -45.2362639 0.0405
      vertex 47.8702971 -44.9514475 0.0405
      vertex 47.6967273 -45.1915831 0.0405
    endloop
  endfacet
  facet normal 0 0 1
    outer loop
      vertex 47.7569724 -45.2362639 0.0405
      vertex 47.6967273 -45.1915831 0.0405
      vertex 47.5173166 -45.4273867 0.0405
    endloop
  endfacet
  facet normal 0 0 1
    outer loop
      vertex 47.7569724 -45.2362639 0.0405
      vertex 47.5173166 -45.4273867 0.0405
      vertex 47.576447 -45.4735326 0.0405
    endloop
  endfacet
  facet normal 0 0 1
    outer loop
      vertex 47.576447 -45.4735326 0.0405
      vertex 47.5173166 -45.4273867 0.0405
      vertex 47.3321729 -45.6587164 0.0405
    endloop
  endfacet
  facet normal 0 0 1
    outer loop
      vertex 47.576447 -45.4735326 0.0405
      vertex 47.3321729 -45.6587164 0.0405
      vertex 47.3901531 -45.7062995 0.0405
    endloop
  endfacet
  facet normal 0 0 1
    outer loop
      vertex 47.3901531 -45.7062995 0.0405
      vertex 47.3321729 -45.6587164 0.0405
      vertex 47.1982029 -45.9344244 0.0405
    endloop
  endfacet
  facet normal 0 -0 1
    outer loop
      vertex 47.1982029 -45.9344244 0.0405
      vertex 47.3321729 -45.6587164 0.0405
      vertex 47.1414079 -45.8854327 0.0405
    endloop
  endfacet
  facet normal 0 0 1
    outer loop
      vertex 47.1982029 -45.9344244 0.0405
      vertex 47.1414079 -45.8854327 0.0405
      vertex 46.9451365 -46.1073991 0.0405
    endloop
  endfacet
  facet normal 0 0 1
    outer loop
      vertex 47.1982029 -45.9344244 0.0405
      vertex 46.9451365 -46.1073991 0.0405
      vertex 47.000712 -46.1577699 0.0405
    endloop
  endfacet
  facet normal 0 0 1
    outer loop
      vertex 47.000712 -46.1577699 0.0405
      vertex 46.9451365 -46.1073991 0.0405
      vertex 46.7977995 -46.3762014 0.0405
    endloop
  endfacet
  facet normal 0 -0 1
    outer loop
      vertex 46.7977995 -46.3762014 0.0405
      vertex 46.9451365 -46.1073991 0.0405
      vertex 46.7434769 -46.324482 0.0405
    endloop
  endfacet
  facet normal 0 0 1
    outer loop
      vertex 46.7977995 -46.3762014 0.0405
      vertex 46.7434769 -46.324482 0.0405
      vertex 46.5895875 -46.5895875 0.0405
    endloop
  endfacet
  facet normal 0 -0 1
    outer loop
      vertex 46.5895875 -46.5895875 0.0405
      vertex 46.7434769 -46.324482 0.0405
      vertex 46.5365505 -46.5365505 0.0405
    endloop
  endfacet
  facet normal 0 0 1
    outer loop
      vertex 46.5895875 -46.5895875 0.0405
      vertex 46.5365505 -46.5365505 0.0405
      vertex 46.324482 -46.7434769 0.0405
    endloop
  endfacet
  facet normal 0 0 1
    outer loop
      vertex 46.5895875 -46.5895875 0.0405
      vertex 46.324482 -46.7434769 0.0405
      vertex 46.3762014 -46.7977995 0.0405
    endloop
  endfacet
  facet normal 0 0 1
    outer loop
      vertex 46.3762014 -46.7977995 0.0405
      vertex 46.324482 -46.7434769 0.0405
      vertex 46.1073991 -46.9451365 0.0405
    endloop
  endfacet
  facet normal 0 0 1
    outer loop
      vertex -46.8376905 46.0100158 0.0405
      vertex -47.0316044 45.7907155 0.0405
      vertex -46.782115 45.9596451 0.0405
    endloop
  endfacet
  facet normal -0 0 1
    outer loop
      vertex -46.8376905 46.0100158 0.0405
      vertex -46.782115 45.9596451 0.0405
      vertex -46.6384531 46.2244911 0.0405
    endloop
  endfacet
  facet normal 0 0 1
    outer loop
      vertex -46.6384531 46.2244911 0.0405
      vertex -46.782115 45.9596451 0.0405
      vertex -46.5841305 46.1727716 0.0405
    endloop
  endfacet
  facet normal -0 0 1
    outer loop
      vertex -46.6384531 46.2244911 0.0405
      vertex -46.5841305 46.1727716 0.0405
      vertex -46.4340123 46.4340123 0.0405
    endloop
  endfacet
  facet normal 0 0 1
    outer loop
      vertex -46.4340123 46.4340123 0.0405
      vertex -46.5841305 46.1727716 0.0405
      vertex -46.3809753 46.3809753 0.0405
    endloop
  endfacet
  facet normal -0 0 1
    outer loop
      vertex -46.4340123 46.4340123 0.0405
      vertex -46.3809753 46.3809753 0.0405
      vertex -46.1727716 46.5841305 0.0405
    endloop
  endfacet
  facet normal 0 0 1
    outer loop
      vertex -46.4340123 46.4340123 0.0405
      vertex -46.1727716 46.5841305 0.0405
      vertex -46.2244911 46.6384531 0.0405
    endloop
  endfacet
  facet normal -0 0 1
    outer loop
      vertex -46.2244911 46.6384531 0.0405
      vertex -46.1727716 46.5841305 0.0405
      vertex -45.9596451 46.782115 0.0405
    endloop
  endfacet
  facet normal 0 0 1
    outer loop
      vertex -46.2244911 46.6384531 0.0405
      vertex -45.9596451 46.782115 0.0405
      vertex -46.0100158 46.8376905 0.0405
    endloop
  endfacet
  facet normal -0 0 1
    outer loop
      vertex -46.0100158 46.8376905 0.0405
      vertex -45.9596451 46.782115 0.0405
      vertex -45.7907155 47.0316044 0.0405
    endloop
  endfacet
  facet normal 0 0 1
    outer loop
      vertex -45.7907155 47.0316044 0.0405
      vertex -45.9596451 46.782115 0.0405
      vertex -45.7417239 46.9748094 0.0405
    endloop
  endfacet
  facet normal -0 0 1
    outer loop
      vertex -45.7907155 47.0316044 0.0405
      vertex -45.7417239 46.9748094 0.0405
      vertex -45.5191394 47.1620978 0.0405
    endloop
  endfacet
  facet normal 0 0 1
    outer loop
      vertex -45.7907155 47.0316044 0.0405
      vertex -45.5191394 47.1620978 0.0405
      vertex -45.5667224 47.220078 0.0405
    endloop
  endfacet
  facet normal -0 0 1
    outer loop
      vertex -45.5667224 47.220078 0.0405
      vertex -45.5191394 47.1620978 0.0405
      vertex -45.3381714 47.4029977 0.0405
    endloop
  endfacet
  facet normal 0 0 1
    outer loop
      vertex -45.3381714 47.4029977 0.0405
      vertex -45.5191394 47.1620978 0.0405
      vertex -45.2920256 47.3438673 0.0405
    endloop
  endfacet
  facet normal -0 0 1
    outer loop
      vertex -45.3381714 47.4029977 0.0405
      vertex -45.2920256 47.3438673 0.0405
      vertex -45.1052002 47.5802534 0.0405
    endloop
  endfacet
  facet normal 0 0 1
    outer loop
      vertex -45.1052002 47.5802534 0.0405
      vertex -45.2920256 47.3438673 0.0405
      vertex -45.0605194 47.5200083 0.0405
    endloop
  endfacet
  facet normal -0 0 1
    outer loop
      vertex -45.1052002 47.5802534 0.0405
      vertex -45.0605194 47.5200083 0.0405
      vertex -44.8247602 47.6904149 0.0405
    endloop
  endfacet
  facet normal 0 0 1
    outer loop
      vertex -45.1052002 47.5802534 0.0405
      vertex -44.8247602 47.6904149 0.0405
      vertex -44.8679491 47.7517384 0.0405
    endloop
  endfacet
  facet normal -0 0 1
    outer loop
      vertex -44.8679491 47.7517384 0.0405
      vertex -44.8247602 47.6904149 0.0405
      vertex -44.6265609 47.9173493 0.0405
    endloop
  endfacet
  facet normal 0 0 1
    outer loop
      vertex -44.6265609 47.9173493 0.0405
      vertex -44.8247602 47.6904149 0.0405
      vertex -44.58489 47.8549843 0.0405
    endloop
  endfacet
  facet normal -0 0 1
    outer loop
      vertex -44.6265609 47.9173493 0.0405
      vertex -44.58489 47.8549843 0.0405
      vertex -44.3811812 48.0769863 0.0405
    endloop
  endfacet
  facet normal 0 0 1
    outer loop
      vertex -44.3811812 48.0769863 0.0405
      vertex -44.58489 47.8549843 0.0405
      vertex -44.3410533 48.0136175 0.0405
    endloop
  endfacet
  facet normal -0 0 1
    outer loop
      vertex -44.3811812 48.0769863 0.0405
      vertex -44.3410533 48.0136175 0.0405
      vertex -44.1319577 48.2305533 0.0405
    endloop
  endfacet
  facet normal 0 0 1
    outer loop
      vertex -44.1319577 48.2305533 0.0405
      vertex -44.3410533 48.0136175 0.0405
      vertex -44.0933971 48.1662188 0.0405
    endloop
  endfacet
  facet normal -0 0 1
    outer loop
      vertex -44.1319577 48.2305533 0.0405
      vertex -44.0933971 48.1662188 0.0405
      vertex -43.8790405 48.3779578 0.0405
    endloop
  endfacet
  facet normal 0 0 1
    outer loop
      vertex -43.8790405 48.3779578 0.0405
      vertex -44.0933971 48.1662188 0.0405
      vertex -43.8420703 48.3126964 0.0405
    endloop
  endfacet
  facet normal -0 0 1
    outer loop
      vertex -43.8790405 48.3779578 0.0405
      vertex -43.8420703 48.3126964 0.0405
      vertex -43.5872246 48.452962 0.0405
    endloop
  endfacet
  facet normal 0 0 1
    outer loop
      vertex -43.8790405 48.3779578 0.0405
      vertex -43.5872246 48.452962 0.0405
      vertex -43.622582 48.5191111 0.0405
    endloop
  endfacet
  facet normal -0 0 1
    outer loop
      vertex -43.622582 48.5191111 0.0405
      vertex -43.5872246 48.452962 0.0405
      vertex -43.3290133 48.5869311 0.0405
    endloop
  endfacet
  facet normal 0 0 1
    outer loop
      vertex -43.622582 48.5191111 0.0405
      vertex -43.3290133 48.5869311 0.0405
      vertex -43.3627367 48.653928 0.0405
    endloop
  endfacet
  facet normal -0 0 1
    outer loop
      vertex -43.3627367 48.653928 0.0405
      vertex -43.3290133 48.5869311 0.0405
      vertex -43.099661 48.7823274 0.0405
    endloop
  endfacet
  facet normal 0 0 1
    outer loop
      vertex -43.099661 48.7823274 0.0405
      vertex -43.3290133 48.5869311 0.0405
      vertex -43.067592 48.7145231 0.0405
    endloop
  endfacet
  facet normal -0 0 1
    outer loop
      vertex -43.099661 48.7823274 0.0405
      vertex -43.067592 48.7145231 0.0405
      vertex -42.8335136 48.9042319 0.0405
    endloop
  endfacet
  facet normal 0 0 1
    outer loop
      vertex -42.8335136 48.9042319 0.0405
      vertex -43.067592 48.7145231 0.0405
      vertex -42.8031182 48.835661 0.0405
    endloop
  endfacet
  facet normal -0 0 1
    outer loop
      vertex -42.8335136 48.9042319 0.0405
      vertex -42.8031182 48.835661 0.0405
      vertex -42.5357511 48.9502719 0.0405
    endloop
  endfacet
  facet normal 0 0 1
    outer loop
      vertex -42.8335136 48.9042319 0.0405
      vertex -42.5357511 48.9502719 0.0405
      vertex -42.5644546 49.0195681 0.0405
    endloop
  endfacet
  facet normal -0 0 1
    outer loop
      vertex -42.5644546 49.0195681 0.0405
      vertex -42.5357511 48.9502719 0.0405
      vertex -42.2656519 49.0582868 0.0405
    endloop
  endfacet
  facet normal 0 0 1
    outer loop
      vertex -42.5644546 49.0195681 0.0405
      vertex -42.2656519 49.0582868 0.0405
      vertex -42.2926461 49.1282665 0.0405
    endloop
  endfacet
  facet normal -0 0 1
    outer loop
      vertex -42.2926461 49.1282665 0.0405
      vertex -42.2656519 49.0582868 0.0405
      vertex -41.9929832 49.1596406 0.0405
    endloop
  endfacet
  facet normal 0 0 1
    outer loop
      vertex -42.2926461 49.1282665 0.0405
      vertex -41.9929832 49.1596406 0.0405
      vertex -42.0182519 49.2302617 0.0405
    endloop
  endfacet
  facet normal -0 0 1
    outer loop
      vertex -42.0182519 49.2302617 0.0405
      vertex -41.9929832 49.1596406 0.0405
      vertex -41.7414372 49.3254922 0.0405
    endloop
  endfacet
  facet normal 0 0 1
    outer loop
      vertex -41.7414372 49.3254922 0.0405
      vertex -41.9929832 49.1596406 0.0405
      vertex -41.7179093 49.2542722 0.0405
    endloop
  endfacet
  facet normal -0 0 1
    outer loop
      vertex -41.7414372 49.3254922 0.0405
      vertex -41.7179093 49.2542722 0.0405
      vertex -41.4623689 49.4139006 0.0405
    endloop
  endfacet
  facet normal 0 0 1
    outer loop
      vertex -41.4623689 49.4139006 0.0405
      vertex -41.7179093 49.2542722 0.0405
      vertex -41.4405959 49.3421247 0.0405
    endloop
  endfacet
  facet normal -0 0 1
    outer loop
      vertex -41.4623689 49.4139006 0.0405
      vertex -41.4405959 49.3421247 0.0405
      vertex -41.181215 49.4954338 0.0405
    endloop
  endfacet
  facet normal 0 0 1
    outer loop
      vertex -41.181215 49.4954338 0.0405
      vertex -41.4405959 49.3421247 0.0405
      vertex -41.16121 49.4231451 0.0405
    endloop
  endfacet
  facet normal -0 0 1
    outer loop
      vertex -41.181215 49.4954338 0.0405
      vertex -41.16121 49.4231451 0.0405
      vertex -40.8799199 49.4972847 0.0405
    endloop
  endfacet
  facet normal 0 0 1
    outer loop
      vertex -41.181215 49.4954338 0.0405
      vertex -40.8799199 49.4972847 0.0405
      vertex -40.8981448 49.5700425 0.0405
    endloop
  endfacet
  facet normal 0 0 1
    outer loop
      vertex -40.8981448 49.5700425 0.0405
      vertex -40.8799199 49.4972847 0.0405
      vertex -40.596895 49.5644987 0.0405
    endloop
  endfacet
  facet normal -0 0 1
    outer loop
      vertex -40.8981448 49.5700425 0.0405
      vertex -40.596895 49.5644987 0.0405
      vertex -40.6133288 49.6376818 0.0405
    endloop
  endfacet
  facet normal -0 0 1
    outer loop
      vertex -40.6133288 49.6376818 0.0405
      vertex -40.596895 49.5644987 0.0405
      vertex -40.3269388 49.6983111 0.0405
    endloop
  endfacet
  facet normal 0 0 1
    outer loop
      vertex -40.3269388 49.6983111 0.0405
      vertex -40.596895 49.5644987 0.0405
      vertex -40.3123059 49.6247466 0.0405
    endloop
  endfacet
  facet normal 0 0 1
    outer loop
      vertex -40.3269388 49.6983111 0.0405
      vertex -40.3123059 49.6247466 0.0405
      vertex -40.0263239 49.6779923 0.0405
    endloop
  endfacet
  facet normal -0 0 1
    outer loop
      vertex -40.3269388 49.6983111 0.0405
      vertex -40.0263239 49.6779923 0.0405
      vertex -40.039147 49.7518937 0.0405
    endloop
  endfacet
  facet normal -0 0 1
    outer loop
      vertex -40.039147 49.7518937 0.0405
      vertex -40.0263239 49.6779923 0.0405
      vertex -39.7501269 49.7983974 0.0405
    endloop
  endfacet
  facet normal 0 0 1
    outer loop
      vertex -39.7501269 49.7983974 0.0405
      vertex -40.0263239 49.6779923 0.0405
      vertex -39.7391213 49.7242036 0.0405
    endloop
  endfacet
  facet normal -0 0 1
    outer loop
      vertex -39.7501269 49.7983974 0.0405
      vertex -39.7391213 49.7242036 0.0405
      vertex -39.4600527 49.8377942 0.0405
    endloop
  endfacet
  facet normal 0 0 1
    outer loop
      vertex -39.4600527 49.8377942 0.0405
      vertex -39.7391213 49.7242036 0.0405
      vertex -39.4508712 49.7633527 0.0405
    endloop
  endfacet
  facet normal 0 0 1
    outer loop
      vertex -39.4600527 49.8377942 0.0405
      vertex -39.4508712 49.7633527 0.0405
      vertex -39.1617471 49.7954159 0.0405
    endloop
  endfacet
  facet normal -0 0 1
    outer loop
      vertex -39.4600527 49.8377942 0.0405
      vertex -39.1617471 49.7954159 0.0405
      vertex -39.1690989 49.8700604 0.0405
    endloop
  endfacet
  facet normal -0 0 1
    outer loop
      vertex -39.1690989 49.8700604 0.0405
      vertex -39.1617471 49.7954159 0.0405
      vertex -38.8774409 49.8951765 0.0405
    endloop
  endfacet
  facet normal 0 0 1
    outer loop
      vertex -38.8774409 49.8951765 0.0405
      vertex -39.1617471 49.7954159 0.0405
      vertex -38.8719232 49.8203741 0.0405
    endloop
  endfacet
  facet normal -0 0 1
    outer loop
      vertex -38.8774409 49.8951765 0.0405
      vertex -38.8719232 49.8203741 0.0405
      vertex -38.5852544 49.9131274 0.0405
    endloop
  endfacet
  facet normal 0 0 1
    outer loop
      vertex -38.5852544 49.9131274 0.0405
      vertex -38.8719232 49.8203741 0.0405
      vertex -38.5815741 49.8382121 0.0405
    endloop
  endfacet
  facet normal -0 0 1
    outer loop
      vertex -38.5852544 49.9131274 0.0405
      vertex -38.5815741 49.8382121 0.0405
      vertex -38.2927154 49.9239022 0.0405
    endloop
  endfacet
  facet normal 0 0 1
    outer loop
      vertex -38.2927154 49.9239022 0.0405
      vertex -38.5815741 49.8382121 0.0405
      vertex -38.2908746 49.8489191 0.0405
    endloop
  endfacet
  facet normal -0 0 1
    outer loop
      vertex -38.2927154 49.9239022 0.0405
      vertex -38.2908746 49.8489191 0.0405
      vertex -37.9995551 49.9275 0.0405
    endloop
  endfacet
  facet normal 0 0 1
    outer loop
      vertex -37.9995551 49.9275 0.0405
      vertex -38.2908746 49.8489191 0.0405
      vertex -37.9990949 49.8525 0.0405
    endloop
  endfacet
  facet normal -0 0 1
    outer loop
      vertex -0.1475 50 0.0405
      vertex -0.1475 49.9275 0.0405
      vertex -0.0725 50 0.0405
    endloop
  endfacet
  facet normal 0 0 1
    outer loop
      vertex -0.0725 50 0.0405
      vertex -0.1475 49.9275 0.0405
      vertex -0.0725 49.9275 0.0405
    endloop
  endfacet
  facet normal -0 0 1
    outer loop
      vertex 0.0725 50 0.0405
      vertex 0.0725 49.9275 0.0405
      vertex 0.1475 50 0.0405
    endloop
  endfacet
  facet normal 0 0 1
    outer loop
      vertex 0.1475 50 0.0405
      vertex 0.0725 49.9275 0.0405
      vertex 0.1475 49.9275 0.0405
    endloop
  endfacet
  facet normal 0 0 1
    outer loop
      vertex 37.9995551 49.9275 0.0405
      vertex 37.9990949 49.8525 0.0405
      vertex 38.2908746 49.8489191 0.0405
    endloop
  endfacet
  facet normal 0 0 1
    outer loop
      vertex 37.9995551 49.9275 0.0405
      vertex 38.2908746 49.8489191 0.0405
      vertex 38.2927154 49.9239022 0.0405
    endloop
  endfacet
  facet normal 0 0 1
    outer loop
      vertex 38.2927154 49.9239022 0.0405
      vertex 38.2908746 49.8489191 0.0405
      vertex 38.5815741 49.8382121 0.0405
    endloop
  endfacet
  facet normal 0 0 1
    outer loop
      vertex 38.2927154 49.9239022 0.0405
      vertex 38.5815741 49.8382121 0.0405
      vertex 38.5852544 49.9131274 0.0405
    endloop
  endfacet
  facet normal 0 0 1
    outer loop
      vertex 38.5852544 49.9131274 0.0405
      vertex 38.5815741 49.8382121 0.0405
      vertex 38.8719232 49.8203741 0.0405
    endloop
  endfacet
  facet normal 0 0 1
    outer loop
      vertex 38.5852544 49.9131274 0.0405
      vertex 38.8719232 49.8203741 0.0405
      vertex 38.8774409 49.8951765 0.0405
    endloop
  endfacet
  facet normal 0 0 1
    outer loop
      vertex 38.8774409 49.8951765 0.0405
      vertex 38.8719232 49.8203741 0.0405
      vertex 39.1617471 49.7954159 0.0405
    endloop
  endfacet
  facet normal 0 0 1
    outer loop
      vertex 38.8774409 49.8951765 0.0405
      vertex 39.1617471 49.7954159 0.0405
      vertex 39.1690989 49.8700604 0.0405
    endloop
  endfacet
  facet normal 0 0 1
    outer loop
      vertex 39.1690989 49.8700604 0.0405
      vertex 39.1617471 49.7954159 0.0405
      vertex 39.4600527 49.8377942 0.0405
    endloop
  endfacet
  facet normal 0 0 1
    outer loop
      vertex 39.4600527 49.8377942 0.0405
      vertex 39.1617471 49.7954159 0.0405
      vertex 39.4508712 49.7633527 0.0405
    endloop
  endfacet
  facet normal 0 0 1
    outer loop
      vertex 39.4600527 49.8377942 0.0405
      vertex 39.4508712 49.7633527 0.0405
      vertex 39.7391213 49.7242036 0.0405
    endloop
  endfacet
  facet normal 0 0 1
    outer loop
      vertex 39.4600527 49.8377942 0.0405
      vertex 39.7391213 49.7242036 0.0405
      vertex 39.7501269 49.7983974 0.0405
    endloop
  endfacet
  facet normal 0 0 1
    outer loop
      vertex 39.7501269 49.7983974 0.0405
      vertex 39.7391213 49.7242036 0.0405
      vertex 40.0263239 49.6779923 0.0405
    endloop
  endfacet
  facet normal 0 0 1
    outer loop
      vertex 39.7501269 49.7983974 0.0405
      vertex 40.0263239 49.6779923 0.0405
      vertex 40.039147 49.7518937 0.0405
    endloop
  endfacet
  facet normal 0 0 1
    outer loop
      vertex 40.039147 49.7518937 0.0405
      vertex 40.0263239 49.6779923 0.0405
      vertex 40.3269388 49.6983111 0.0405
    endloop
  endfacet
  facet normal 0 0 1
    outer loop
      vertex 40.3269388 49.6983111 0.0405
      vertex 40.0263239 49.6779923 0.0405
      vertex 40.3123059 49.6247466 0.0405
    endloop
  endfacet
  facet normal 0 0 1
    outer loop
      vertex 40.3269388 49.6983111 0.0405
      vertex 40.3123059 49.6247466 0.0405
      vertex 40.596895 49.5644987 0.0405
    endloop
  endfacet
  facet normal 0 0 1
    outer loop
      vertex 40.3269388 49.6983111 0.0405
      vertex 40.596895 49.5644987 0.0405
      vertex 40.6133288 49.6376818 0.0405
    endloop
  endfacet
  facet normal 0 0 1
    outer loop
      vertex 40.6133288 49.6376818 0.0405
      vertex 40.596895 49.5644987 0.0405
      vertex 40.8981448 49.5700425 0.0405
    endloop
  endfacet
  facet normal 0 0 1
    outer loop
      vertex 40.8981448 49.5700425 0.0405
      vertex 40.596895 49.5644987 0.0405
      vertex 40.8799199 49.4972847 0.0405
    endloop
  endfacet
  facet normal 0 0 1
    outer loop
      vertex 40.8981448 49.5700425 0.0405
      vertex 40.8799199 49.4972847 0.0405
      vertex 41.181215 49.4954338 0.0405
    endloop
  endfacet
  facet normal 0 0 1
    outer loop
      vertex 41.181215 49.4954338 0.0405
      vertex 40.8799199 49.4972847 0.0405
      vertex 41.16121 49.4231451 0.0405
    endloop
  endfacet
  facet normal 0 0 1
    outer loop
      vertex 41.181215 49.4954338 0.0405
      vertex 41.16121 49.4231451 0.0405
      vertex 41.4405959 49.3421247 0.0405
    endloop
  endfacet
  facet normal 0 0 1
    outer loop
      vertex 41.181215 49.4954338 0.0405
      vertex 41.4405959 49.3421247 0.0405
      vertex 41.4623689 49.4139006 0.0405
    endloop
  endfacet
  facet normal 0 0 1
    outer loop
      vertex 41.4623689 49.4139006 0.0405
      vertex 41.4405959 49.3421247 0.0405
      vertex 41.7179093 49.2542722 0.0405
    endloop
  endfacet
  facet normal 0 0 1
    outer loop
      vertex 41.4623689 49.4139006 0.0405
      vertex 41.7179093 49.2542722 0.0405
      vertex 41.7414372 49.3254922 0.0405
    endloop
  endfacet
  facet normal 0 0 1
    outer loop
      vertex 41.7414372 49.3254922 0.0405
      vertex 41.7179093 49.2542722 0.0405
      vertex 41.9929832 49.1596406 0.0405
    endloop
  endfacet
  facet normal 0 0 1
    outer loop
      vertex 41.7414372 49.3254922 0.0405
      vertex 41.9929832 49.1596406 0.0405
      vertex 42.0182519 49.2302617 0.0405
    endloop
  endfacet
  facet normal 0 0 1
    outer loop
      vertex 42.0182519 49.2302617 0.0405
      vertex 41.9929832 49.1596406 0.0405
      vertex 42.2926461 49.1282665 0.0405
    endloop
  endfacet
  facet normal 0 0 1
    outer loop
      vertex 42.2926461 49.1282665 0.0405
      vertex 41.9929832 49.1596406 0.0405
      vertex 42.2656519 49.0582868 0.0405
    endloop
  endfacet
  facet normal 0 0 1
    outer loop
      vertex 42.2926461 49.1282665 0.0405
      vertex 42.2656519 49.0582868 0.0405
      vertex 42.5644546 49.0195681 0.0405
    endloop
  endfacet
  facet normal 0 0 1
    outer loop
      vertex 42.5644546 49.0195681 0.0405
      vertex 42.2656519 49.0582868 0.0405
      vertex 42.5357511 48.9502719 0.0405
    endloop
  endfacet
  facet normal 0 0 1
    outer loop
      vertex 42.5644546 49.0195681 0.0405
      vertex 42.5357511 48.9502719 0.0405
      vertex 42.8335136 48.9042319 0.0405
    endloop
  endfacet
  facet normal 0 0 1
    outer loop
      vertex 42.8335136 48.9042319 0.0405
      vertex 42.5357511 48.9502719 0.0405
      vertex 42.8031182 48.835661 0.0405
    endloop
  endfacet
  facet normal 0 0 1
    outer loop
      vertex 42.8335136 48.9042319 0.0405
      vertex 42.8031182 48.835661 0.0405
      vertex 43.067592 48.7145231 0.0405
    endloop
  endfacet
  facet normal 0 0 1
    outer loop
      vertex 42.8335136 48.9042319 0.0405
      vertex 43.067592 48.7145231 0.0405
      vertex 43.099661 48.7823274 0.0405
    endloop
  endfacet
  facet normal 0 0 1
    outer loop
      vertex 43.099661 48.7823274 0.0405
      vertex 43.067592 48.7145231 0.0405
      vertex 43.3290133 48.5869311 0.0405
    endloop
  endfacet
  facet normal 0 0 1
    outer loop
      vertex 43.099661 48.7823274 0.0405
      vertex 43.3290133 48.5869311 0.0405
      vertex 43.3627367 48.653928 0.0405
    endloop
  endfacet
  facet normal 0 0 1
    outer loop
      vertex 43.3627367 48.653928 0.0405
      vertex 43.3290133 48.5869311 0.0405
      vertex 43.622582 48.5191111 0.0405
    endloop
  endfacet
  facet normal 0 0 1
    outer loop
      vertex 43.622582 48.5191111 0.0405
      vertex 43.3290133 48.5869311 0.0405
      vertex 43.5872246 48.452962 0.0405
    endloop
  endfacet
  facet normal 0 0 1
    outer loop
      vertex 43.622582 48.5191111 0.0405
      vertex 43.5872246 48.452962 0.0405
      vertex 43.8790405 48.3779578 0.0405
    endloop
  endfacet
  facet normal 0 0 1
    outer loop
      vertex 43.8790405 48.3779578 0.0405
      vertex 43.5872246 48.452962 0.0405
      vertex 43.8420703 48.3126964 0.0405
    endloop
  endfacet
  facet normal 0 0 1
    outer loop
      vertex 43.8790405 48.3779578 0.0405
      vertex 43.8420703 48.3126964 0.0405
      vertex 44.0933971 48.1662188 0.0405
    endloop
  endfacet
  facet normal 0 0 1
    outer loop
      vertex 43.8790405 48.3779578 0.0405
      vertex 44.0933971 48.1662188 0.0405
      vertex 44.1319577 48.2305533 0.0405
    endloop
  endfacet
  facet normal 0 0 1
    outer loop
      vertex 44.1319577 48.2305533 0.0405
      vertex 44.0933971 48.1662188 0.0405
      vertex 44.3410533 48.0136175 0.0405
    endloop
  endfacet
  facet normal 0 0 1
    outer loop
      vertex 44.1319577 48.2305533 0.0405
      vertex 44.3410533 48.0136175 0.0405
      vertex 44.3811812 48.0769863 0.0405
    endloop
  endfacet
  facet normal 0 0 1
    outer loop
      vertex 44.3811812 48.0769863 0.0405
      vertex 44.3410533 48.0136175 0.0405
      vertex 44.58489 47.8549843 0.0405
    endloop
  endfacet
  facet normal 0 0 1
    outer loop
      vertex 44.3811812 48.0769863 0.0405
      vertex 44.58489 47.8549843 0.0405
      vertex 44.6265609 47.9173493 0.0405
    endloop
  endfacet
  facet normal 0 0 1
    outer loop
      vertex 44.6265609 47.9173493 0.0405
      vertex 44.58489 47.8549843 0.0405
      vertex 44.8247602 47.6904149 0.0405
    endloop
  endfacet
  facet normal 0 0 1
    outer loop
      vertex 44.6265609 47.9173493 0.0405
      vertex 44.8247602 47.6904149 0.0405
      vertex 44.8679491 47.7517384 0.0405
    endloop
  endfacet
  facet normal 0 0 1
    outer loop
      vertex 44.8679491 47.7517384 0.0405
      vertex 44.8247602 47.6904149 0.0405
      vertex 45.0605194 47.5200083 0.0405
    endloop
  endfacet
  facet normal 0 0 1
    outer loop
      vertex 44.8679491 47.7517384 0.0405
      vertex 45.0605194 47.5200083 0.0405
      vertex 45.1052002 47.5802534 0.0405
    endloop
  endfacet
  facet normal 0 0 1
    outer loop
      vertex 45.1052002 47.5802534 0.0405
      vertex 45.0605194 47.5200083 0.0405
      vertex 45.2920256 47.3438673 0.0405
    endloop
  endfacet
  facet normal 0 0 1
    outer loop
      vertex 45.1052002 47.5802534 0.0405
      vertex 45.2920256 47.3438673 0.0405
      vertex 45.3381714 47.4029977 0.0405
    endloop
  endfacet
  facet normal 0 0 1
    outer loop
      vertex 45.3381714 47.4029977 0.0405
      vertex 45.2920256 47.3438673 0.0405
      vertex 45.5667224 47.220078 0.0405
    endloop
  endfacet
  facet normal 0 0 1
    outer loop
      vertex 45.5667224 47.220078 0.0405
      vertex 45.2920256 47.3438673 0.0405
      vertex 45.5191394 47.1620978 0.0405
    endloop
  endfacet
  facet normal 0 0 1
    outer loop
      vertex 45.5667224 47.220078 0.0405
      vertex 45.5191394 47.1620978 0.0405
      vertex 45.7907155 47.0316044 0.0405
    endloop
  endfacet
  facet normal 0 0 1
    outer loop
      vertex 45.7907155 47.0316044 0.0405
      vertex 45.5191394 47.1620978 0.0405
      vertex 45.7417239 46.9748094 0.0405
    endloop
  endfacet
  facet normal 0 0 1
    outer loop
      vertex 45.7907155 47.0316044 0.0405
      vertex 45.7417239 46.9748094 0.0405
      vertex 45.9596451 46.782115 0.0405
    endloop
  endfacet
  facet normal 0 0 1
    outer loop
      vertex 45.7907155 47.0316044 0.0405
      vertex 45.9596451 46.782115 0.0405
      vertex 46.0100158 46.8376905 0.0405
    endloop
  endfacet
  facet normal 0 0 1
    outer loop
      vertex 46.0100158 46.8376905 0.0405
      vertex 45.9596451 46.782115 0.0405
      vertex 46.2244911 46.6384531 0.0405
    endloop
  endfacet
  facet normal 0 0 1
    outer loop
      vertex 46.2244911 46.6384531 0.0405
      vertex 45.9596451 46.782115 0.0405
      vertex 46.1727716 46.5841305 0.0405
    endloop
  endfacet
  facet normal 0 0 1
    outer loop
      vertex 46.2244911 46.6384531 0.0405
      vertex 46.1727716 46.5841305 0.0405
      vertex 46.4340123 46.4340123 0.0405
    endloop
  endfacet
  facet normal 0 0 1
    outer loop
      vertex 46.4340123 46.4340123 0.0405
      vertex 46.1727716 46.5841305 0.0405
      vertex 46.3809753 46.3809753 0.0405
    endloop
  endfacet
  facet normal 0 0 1
    outer loop
      vertex 46.4340123 46.4340123 0.0405
      vertex 46.3809753 46.3809753 0.0405
      vertex 46.5841305 46.1727716 0.0405
    endloop
  endfacet
  facet normal 0 0 1
    outer loop
      vertex 46.4340123 46.4340123 0.0405
      vertex 46.5841305 46.1727716 0.0405
      vertex 46.6384531 46.2244911 0.0405
    endloop
  endfacet
  facet normal 0 0 1
    outer loop
      vertex 46.6384531 46.2244911 0.0405
      vertex 46.5841305 46.1727716 0.0405
      vertex 46.782115 45.9596451 0.0405
    endloop
  endfacet
  facet normal 0 0 1
    outer loop
      vertex 46.6384531 46.2244911 0.0405
      vertex 46.782115 45.9596451 0.0405
      vertex 46.8376905 46.0100158 0.0405
    endloop
  endfacet
  facet normal 0 0 1
    outer loop
      vertex 46.8376905 46.0100158 0.0405
      vertex 46.782115 45.9596451 0.0405
      vertex 47.0316044 45.7907155 0.0405
    endloop
  endfacet
  facet normal 0 0 1
    outer loop
      vertex 47.0316044 45.7907155 0.0405
      vertex 46.782115 45.9596451 0.0405
      vertex 46.9748094 45.7417239 0.0405
    endloop
  endfacet
  facet normal 0 0 1
    outer loop
      vertex 47.0316044 45.7907155 0.0405
      vertex 46.9748094 45.7417239 0.0405
      vertex 47.1620978 45.5191394 0.0405
    endloop
  endfacet
  facet normal 0 0 1
    outer loop
      vertex 47.0316044 45.7907155 0.0405
      vertex 47.1620978 45.5191394 0.0405
      vertex 47.220078 45.5667224 0.0405
    endloop
  endfacet
  facet normal 0 0 1
    outer loop
      vertex 47.220078 45.5667224 0.0405
      vertex 47.1620978 45.5191394 0.0405
      vertex 47.3438673 45.2920256 0.0405
    endloop
  endfacet
  facet normal 0 0 1
    outer loop
      vertex 47.220078 45.5667224 0.0405
      vertex 47.3438673 45.2920256 0.0405
      vertex 47.4029977 45.3381714 0.0405
    endloop
  endfacet
  facet normal 0 0 1
    outer loop
      vertex 47.4029977 45.3381714 0.0405
      vertex 47.3438673 45.2920256 0.0405
      vertex 47.5802534 45.1052002 0.0405
    endloop
  endfacet
  facet normal 0 0 1
    outer loop
      vertex 47.5802534 45.1052002 0.0405
      vertex 47.3438673 45.2920256 0.0405
      vertex 47.5200083 45.0605194 0.0405
    endloop
  endfacet
  facet normal 0 0 1
    outer loop
      vertex 47.5802534 45.1052002 0.0405
      vertex 47.5200083 45.0605194 0.0405
      vertex 47.7517384 44.8679491 0.0405
    endloop
  endfacet
  facet normal 0 0 1
    outer loop
      vertex 47.7517384 44.8679491 0.0405
      vertex 47.5200083 45.0605194 0.0405
      vertex 47.6904149 44.8247602 0.0405
    endloop
  endfacet
  facet normal 0 0 1
    outer loop
      vertex 47.7517384 44.8679491 0.0405
      vertex 47.6904149 44.8247602 0.0405
      vertex 47.9173493 44.6265609 0.0405
    endloop
  endfacet
  facet normal 0 0 1
    outer loop
      vertex 47.9173493 44.6265609 0.0405
      vertex 47.6904149 44.8247602 0.0405
      vertex 47.8549843 44.58489 0.0405
    endloop
  endfacet
  facet normal 0 0 1
    outer loop
      vertex 47.9173493 44.6265609 0.0405
      vertex 47.8549843 44.58489 0.0405
      vertex 48.0769863 44.3811812 0.0405
    endloop
  endfacet
  facet normal 0 0 1
    outer loop
      vertex 48.0769863 44.3811812 0.0405
      vertex 47.8549843 44.58489 0.0405
      vertex 48.0136175 44.3410533 0.0405
    endloop
  endfacet
  facet normal 0 0 1
    outer loop
      vertex 48.0769863 44.3811812 0.0405
      vertex 48.0136175 44.3410533 0.0405
      vertex 48.2305533 44.1319577 0.0405
    endloop
  endfacet
  facet normal 0 0 1
    outer loop
      vertex 48.2305533 44.1319577 0.0405
      vertex 48.0136175 44.3410533 0.0405
      vertex 48.1662188 44.0933971 0.0405
    endloop
  endfacet
  facet normal 0 0 1
    outer loop
      vertex 48.2305533 44.1319577 0.0405
      vertex 48.1662188 44.0933971 0.0405
      vertex 48.3779578 43.8790405 0.0405
    endloop
  endfacet
  facet normal 0 0 1
    outer loop
      vertex 48.3779578 43.8790405 0.0405
      vertex 48.1662188 44.0933971 0.0405
      vertex 48.3126964 43.8420703 0.0405
    endloop
  endfacet
  facet normal 0 0 1
    outer loop
      vertex 48.3779578 43.8790405 0.0405
      vertex 48.3126964 43.8420703 0.0405
      vertex 48.452962 43.5872246 0.0405
    endloop
  endfacet
  facet normal 0 0 1
    outer loop
      vertex 48.3779578 43.8790405 0.0405
      vertex 48.452962 43.5872246 0.0405
      vertex 48.5191111 43.622582 0.0405
    endloop
  endfacet
  facet normal 0 0 1
    outer loop
      vertex 48.5191111 43.622582 0.0405
      vertex 48.452962 43.5872246 0.0405
      vertex 48.5869311 43.3290133 0.0405
    endloop
  endfacet
  facet normal 0 0 1
    outer loop
      vertex 48.5191111 43.622582 0.0405
      vertex 48.5869311 43.3290133 0.0405
      vertex 48.653928 43.3627367 0.0405
    endloop
  endfacet
  facet normal 0 0 1
    outer loop
      vertex 48.653928 43.3627367 0.0405
      vertex 48.5869311 43.3290133 0.0405
      vertex 48.7823274 43.099661 0.0405
    endloop
  endfacet
  facet normal 0 0 1
    outer loop
      vertex 48.7823274 43.099661 0.0405
      vertex 48.5869311 43.3290133 0.0405
      vertex 48.7145231 43.067592 0.0405
    endloop
  endfacet
  facet normal 0 0 1
    outer loop
      vertex 48.7823274 43.099661 0.0405
      vertex 48.7145231 43.067592 0.0405
      vertex 48.9042319 42.8335136 0.0405
    endloop
  endfacet
  facet normal 0 0 1
    outer loop
      vertex 48.9042319 42.8335136 0.0405
      vertex 48.7145231 43.067592 0.0405
      vertex 48.835661 42.8031182 0.0405
    endloop
  endfacet
  facet normal 0 0 1
    outer loop
      vertex 48.9042319 42.8335136 0.0405
      vertex 48.835661 42.8031182 0.0405
      vertex 48.9502719 42.5357511 0.0405
    endloop
  endfacet
  facet normal 0 0 1
    outer loop
      vertex 48.9042319 42.8335136 0.0405
      vertex 48.9502719 42.5357511 0.0405
      vertex 49.0195681 42.5644546 0.0405
    endloop
  endfacet
  facet normal 0 0 1
    outer loop
      vertex 49.0195681 42.5644546 0.0405
      vertex 48.9502719 42.5357511 0.0405
      vertex 49.0582868 42.2656519 0.0405
    endloop
  endfacet
  facet normal 0 0 1
    outer loop
      vertex 49.0195681 42.5644546 0.0405
      vertex 49.0582868 42.2656519 0.0405
      vertex 49.1282665 42.2926461 0.0405
    endloop
  endfacet
  facet normal 0 0 1
    outer loop
      vertex 49.1282665 42.2926461 0.0405
      vertex 49.0582868 42.2656519 0.0405
      vertex 49.1596406 41.9929832 0.0405
    endloop
  endfacet
  facet normal 0 0 1
    outer loop
      vertex 49.1282665 42.2926461 0.0405
      vertex 49.1596406 41.9929832 0.0405
      vertex 49.2302617 42.0182519 0.0405
    endloop
  endfacet
  facet normal 0 0 1
    outer loop
      vertex 49.2302617 42.0182519 0.0405
      vertex 49.1596406 41.9929832 0.0405
      vertex 49.3254922 41.7414372 0.0405
    endloop
  endfacet
  facet normal 0 0 1
    outer loop
      vertex 49.3254922 41.7414372 0.0405
      vertex 49.1596406 41.9929832 0.0405
      vertex 49.2542722 41.7179093 0.0405
    endloop
  endfacet
  facet normal 0 0 1
    outer loop
      vertex 49.3254922 41.7414372 0.0405
      vertex 49.2542722 41.7179093 0.0405
      vertex 49.4139006 41.4623689 0.0405
    endloop
  endfacet
  facet normal 0 0 1
    outer loop
      vertex 49.4139006 41.4623689 0.0405
      vertex 49.2542722 41.7179093 0.0405
      vertex 49.3421247 41.4405959 0.0405
    endloop
  endfacet
  facet normal 0 0 1
    outer loop
      vertex 49.4139006 41.4623689 0.0405
      vertex 49.3421247 41.4405959 0.0405
      vertex 49.4954338 41.181215 0.0405
    endloop
  endfacet
  facet normal 0 0 1
    outer loop
      vertex 49.4954338 41.181215 0.0405
      vertex 49.3421247 41.4405959 0.0405
      vertex 49.4231451 41.16121 0.0405
    endloop
  endfacet
  facet normal 0 0 1
    outer loop
      vertex 49.4954338 41.181215 0.0405
      vertex 49.4231451 41.16121 0.0405
      vertex 49.4972847 40.8799199 0.0405
    endloop
  endfacet
  facet normal 0 0 1
    outer loop
      vertex 49.4954338 41.181215 0.0405
      vertex 49.4972847 40.8799199 0.0405
      vertex 49.5700425 40.8981448 0.0405
    endloop
  endfacet
  facet normal 0 0 1
    outer loop
      vertex 49.5700425 40.8981448 0.0405
      vertex 49.4972847 40.8799199 0.0405
      vertex 49.5644987 40.596895 0.0405
    endloop
  endfacet
  facet normal 0 0 1
    outer loop
      vertex 49.5700425 40.8981448 0.0405
      vertex 49.5644987 40.596895 0.0405
      vertex 49.6376818 40.6133288 0.0405
    endloop
  endfacet
  facet normal 0 0 1
    outer loop
      vertex 49.6376818 40.6133288 0.0405
      vertex 49.5644987 40.596895 0.0405
      vertex 49.6983111 40.3269388 0.0405
    endloop
  endfacet
  facet normal 0 0 1
    outer loop
      vertex 49.6983111 40.3269388 0.0405
      vertex 49.5644987 40.596895 0.0405
      vertex 49.6247466 40.3123059 0.0405
    endloop
  endfacet
  facet normal 0 0 1
    outer loop
      vertex 49.6983111 40.3269388 0.0405
      vertex 49.6247466 40.3123059 0.0405
      vertex 49.6779923 40.0263239 0.0405
    endloop
  endfacet
  facet normal 0 0 1
    outer loop
      vertex 49.6983111 40.3269388 0.0405
      vertex 49.6779923 40.0263239 0.0405
      vertex 49.7518937 40.039147 0.0405
    endloop
  endfacet
  facet normal 0 0 1
    outer loop
      vertex 49.7518937 40.039147 0.0405
      vertex 49.6779923 40.0263239 0.0405
      vertex 49.7983974 39.7501269 0.0405
    endloop
  endfacet
  facet normal 0 0 1
    outer loop
      vertex 49.7983974 39.7501269 0.0405
      vertex 49.6779923 40.0263239 0.0405
      vertex 49.7242036 39.7391213 0.0405
    endloop
  endfacet
  facet normal 0 0 1
    outer loop
      vertex 49.7983974 39.7501269 0.0405
      vertex 49.7242036 39.7391213 0.0405
      vertex 49.8377942 39.4600527 0.0405
    endloop
  endfacet
  facet normal 0 0 1
    outer loop
      vertex 49.8377942 39.4600527 0.0405
      vertex 49.7242036 39.7391213 0.0405
      vertex 49.7633527 39.4508712 0.0405
    endloop
  endfacet
  facet normal 0 0 1
    outer loop
      vertex 49.8377942 39.4600527 0.0405
      vertex 49.7633527 39.4508712 0.0405
      vertex 49.7954159 39.1617471 0.0405
    endloop
  endfacet
  facet normal 0 0 1
    outer loop
      vertex 49.8377942 39.4600527 0.0405
      vertex 49.7954159 39.1617471 0.0405
      vertex 49.8700604 39.1690989 0.0405
    endloop
  endfacet
  facet normal 0 0 1
    outer loop
      vertex 49.8700604 39.1690989 0.0405
      vertex 49.7954159 39.1617471 0.0405
      vertex 49.8951765 38.8774409 0.0405
    endloop
  endfacet
  facet normal 0 0 1
    outer loop
      vertex 49.8951765 38.8774409 0.0405
      vertex 49.7954159 39.1617471 0.0405
      vertex 49.8203741 38.8719232 0.0405
    endloop
  endfacet
  facet normal 0 0 1
    outer loop
      vertex 49.8951765 38.8774409 0.0405
      vertex 49.8203741 38.8719232 0.0405
      vertex 49.9131274 38.5852544 0.0405
    endloop
  endfacet
  facet normal 0 0 1
    outer loop
      vertex 49.9131274 38.5852544 0.0405
      vertex 49.8203741 38.8719232 0.0405
      vertex 49.8382121 38.5815741 0.0405
    endloop
  endfacet
  facet normal 0 0 1
    outer loop
      vertex 49.9131274 38.5852544 0.0405
      vertex 49.8382121 38.5815741 0.0405
      vertex 49.9239022 38.2927154 0.0405
    endloop
  endfacet
  facet normal 0 -0 1
    outer loop
      vertex 46.0100158 -46.8376905 0.0405
      vertex 46.2244911 -46.6384531 0.0405
      vertex 45.9596451 -46.782115 0.0405
    endloop
  endfacet
  facet normal 0 0 1
    outer loop
      vertex 46.0100158 -46.8376905 0.0405
      vertex 45.9596451 -46.782115 0.0405
      vertex 45.7907155 -47.0316044 0.0405
    endloop
  endfacet
  facet normal 0 -0 1
    outer loop
      vertex 45.7907155 -47.0316044 0.0405
      vertex 45.9596451 -46.782115 0.0405
      vertex 45.7417239 -46.9748094 0.0405
    endloop
  endfacet
  facet normal 0 0 1
    outer loop
      vertex 45.7907155 -47.0316044 0.0405
      vertex 45.7417239 -46.9748094 0.0405
      vertex 45.5191394 -47.1620978 0.0405
    endloop
  endfacet
  facet normal 0 0 1
    outer loop
      vertex 45.7907155 -47.0316044 0.0405
      vertex 45.5191394 -47.1620978 0.0405
      vertex 45.5667224 -47.220078 0.0405
    endloop
  endfacet
  facet normal 0 0 1
    outer loop
      vertex 45.5667224 -47.220078 0.0405
      vertex 45.5191394 -47.1620978 0.0405
      vertex 45.2920256 -47.3438673 0.0405
    endloop
  endfacet
  facet normal 0 0 1
    outer loop
      vertex 45.5667224 -47.220078 0.0405
      vertex 45.2920256 -47.3438673 0.0405
      vertex 45.3381714 -47.4029977 0.0405
    endloop
  endfacet
  facet normal 0 0 1
    outer loop
      vertex 45.3381714 -47.4029977 0.0405
      vertex 45.2920256 -47.3438673 0.0405
      vertex 45.1052002 -47.5802534 0.0405
    endloop
  endfacet
  facet normal 0 -0 1
    outer loop
      vertex 45.1052002 -47.5802534 0.0405
      vertex 45.2920256 -47.3438673 0.0405
      vertex 45.0605194 -47.5200083 0.0405
    endloop
  endfacet
  facet normal 0 0 1
    outer loop
      vertex 45.1052002 -47.5802534 0.0405
      vertex 45.0605194 -47.5200083 0.0405
      vertex 44.8679491 -47.7517384 0.0405
    endloop
  endfacet
  facet normal 0 -0 1
    outer loop
      vertex 44.8679491 -47.7517384 0.0405
      vertex 45.0605194 -47.5200083 0.0405
      vertex 44.8247602 -47.6904149 0.0405
    endloop
  endfacet
  facet normal 0 0 1
    outer loop
      vertex 44.8679491 -47.7517384 0.0405
      vertex 44.8247602 -47.6904149 0.0405
      vertex 44.6265609 -47.9173493 0.0405
    endloop
  endfacet
  facet normal 0 -0 1
    outer loop
      vertex 44.6265609 -47.9173493 0.0405
      vertex 44.8247602 -47.6904149 0.0405
      vertex 44.58489 -47.8549843 0.0405
    endloop
  endfacet
  facet normal 0 0 1
    outer loop
      vertex 44.6265609 -47.9173493 0.0405
      vertex 44.58489 -47.8549843 0.0405
      vertex 44.3811812 -48.0769863 0.0405
    endloop
  endfacet
  facet normal 0 -0 1
    outer loop
      vertex 44.3811812 -48.0769863 0.0405
      vertex 44.58489 -47.8549843 0.0405
      vertex 44.3410533 -48.0136175 0.0405
    endloop
  endfacet
  facet normal 0 0 1
    outer loop
      vertex 44.3811812 -48.0769863 0.0405
      vertex 44.3410533 -48.0136175 0.0405
      vertex 44.1319577 -48.2305533 0.0405
    endloop
  endfacet
  facet normal 0 -0 1
    outer loop
      vertex 44.1319577 -48.2305533 0.0405
      vertex 44.3410533 -48.0136175 0.0405
      vertex 44.0933971 -48.1662188 0.0405
    endloop
  endfacet
  facet normal 0 0 1
    outer loop
      vertex 44.1319577 -48.2305533 0.0405
      vertex 44.0933971 -48.1662188 0.0405
      vertex 43.8790405 -48.3779578 0.0405
    endloop
  endfacet
  facet normal 0 -0 1
    outer loop
      vertex 43.8790405 -48.3779578 0.0405
      vertex 44.0933971 -48.1662188 0.0405
      vertex 43.8420703 -48.3126964 0.0405
    endloop
  endfacet
  facet normal 0 0 1
    outer loop
      vertex 43.8790405 -48.3779578 0.0405
      vertex 43.8420703 -48.3126964 0.0405
      vertex 43.5872246 -48.452962 0.0405
    endloop
  endfacet
  facet normal 0 0 1
    outer loop
      vertex 43.8790405 -48.3779578 0.0405
      vertex 43.5872246 -48.452962 0.0405
      vertex 43.622582 -48.5191111 0.0405
    endloop
  endfacet
  facet normal 0 0 1
    outer loop
      vertex 43.622582 -48.5191111 0.0405
      vertex 43.5872246 -48.452962 0.0405
      vertex 43.3290133 -48.5869311 0.0405
    endloop
  endfacet
  facet normal 0 0 1
    outer loop
      vertex 43.622582 -48.5191111 0.0405
      vertex 43.3290133 -48.5869311 0.0405
      vertex 43.3627367 -48.653928 0.0405
    endloop
  endfacet
  facet normal 0 0 1
    outer loop
      vertex 43.3627367 -48.653928 0.0405
      vertex 43.3290133 -48.5869311 0.0405
      vertex 43.099661 -48.7823274 0.0405
    endloop
  endfacet
  facet normal 0 -0 1
    outer loop
      vertex 43.099661 -48.7823274 0.0405
      vertex 43.3290133 -48.5869311 0.0405
      vertex 43.067592 -48.7145231 0.0405
    endloop
  endfacet
  facet normal 0 0 1
    outer loop
      vertex 43.099661 -48.7823274 0.0405
      vertex 43.067592 -48.7145231 0.0405
      vertex 42.8335136 -48.9042319 0.0405
    endloop
  endfacet
  facet normal 0 -0 1
    outer loop
      vertex 42.8335136 -48.9042319 0.0405
      vertex 43.067592 -48.7145231 0.0405
      vertex 42.8031182 -48.835661 0.0405
    endloop
  endfacet
  facet normal 0 0 1
    outer loop
      vertex 42.8335136 -48.9042319 0.0405
      vertex 42.8031182 -48.835661 0.0405
      vertex 42.5357511 -48.9502719 0.0405
    endloop
  endfacet
  facet normal 0 0 1
    outer loop
      vertex 42.8335136 -48.9042319 0.0405
      vertex 42.5357511 -48.9502719 0.0405
      vertex 42.5644546 -49.0195681 0.0405
    endloop
  endfacet
  facet normal 0 0 1
    outer loop
      vertex 42.5644546 -49.0195681 0.0405
      vertex 42.5357511 -48.9502719 0.0405
      vertex 42.2656519 -49.0582868 0.0405
    endloop
  endfacet
  facet normal 0 0 1
    outer loop
      vertex 42.5644546 -49.0195681 0.0405
      vertex 42.2656519 -49.0582868 0.0405
      vertex 42.2926461 -49.1282665 0.0405
    endloop
  endfacet
  facet normal 0 0 1
    outer loop
      vertex 42.2926461 -49.1282665 0.0405
      vertex 42.2656519 -49.0582868 0.0405
      vertex 41.9929832 -49.1596406 0.0405
    endloop
  endfacet
  facet normal 0 0 1
    outer loop
      vertex 42.2926461 -49.1282665 0.0405
      vertex 41.9929832 -49.1596406 0.0405
      vertex 42.0182519 -49.2302617 0.0405
    endloop
  endfacet
  facet normal 0 0 1
    outer loop
      vertex 42.0182519 -49.2302617 0.0405
      vertex 41.9929832 -49.1596406 0.0405
      vertex 41.7414372 -49.3254922 0.0405
    endloop
  endfacet
  facet normal 0 -0 1
    outer loop
      vertex 41.7414372 -49.3254922 0.0405
      vertex 41.9929832 -49.1596406 0.0405
      vertex 41.7179093 -49.2542722 0.0405
    endloop
  endfacet
  facet normal 0 0 1
    outer loop
      vertex 41.7414372 -49.3254922 0.0405
      vertex 41.7179093 -49.2542722 0.0405
      vertex 41.4623689 -49.4139006 0.0405
    endloop
  endfacet
  facet normal 0 -0 1
    outer loop
      vertex 41.4623689 -49.4139006 0.0405
      vertex 41.7179093 -49.2542722 0.0405
      vertex 41.4405959 -49.3421247 0.0405
    endloop
  endfacet
  facet normal 0 0 1
    outer loop
      vertex 41.4623689 -49.4139006 0.0405
      vertex 41.4405959 -49.3421247 0.0405
      vertex 41.181215 -49.4954338 0.0405
    endloop
  endfacet
  facet normal 0 -0 1
    outer loop
      vertex 41.181215 -49.4954338 0.0405
      vertex 41.4405959 -49.3421247 0.0405
      vertex 41.16121 -49.4231451 0.0405
    endloop
  endfacet
  facet normal 0 0 1
    outer loop
      vertex 41.181215 -49.4954338 0.0405
      vertex 41.16121 -49.4231451 0.0405
      vertex 40.8799199 -49.4972847 0.0405
    endloop
  endfacet
  facet normal 0 0 1
    outer loop
      vertex 41.181215 -49.4954338 0.0405
      vertex 40.8799199 -49.4972847 0.0405
      vertex 40.8981448 -49.5700425 0.0405
    endloop
  endfacet
  facet normal 0 0 1
    outer loop
      vertex 40.8981448 -49.5700425 0.0405
      vertex 40.8799199 -49.4972847 0.0405
      vertex 40.596895 -49.5644987 0.0405
    endloop
  endfacet
  facet normal 0 0 1
    outer loop
      vertex 40.8981448 -49.5700425 0.0405
      vertex 40.596895 -49.5644987 0.0405
      vertex 40.6133288 -49.6376818 0.0405
    endloop
  endfacet
  facet normal 0 0 1
    outer loop
      vertex 40.6133288 -49.6376818 0.0405
      vertex 40.596895 -49.5644987 0.0405
      vertex 40.3269388 -49.6983111 0.0405
    endloop
  endfacet
  facet normal 0 -0 1
    outer loop
      vertex 40.3269388 -49.6983111 0.0405
      vertex 40.596895 -49.5644987 0.0405
      vertex 40.3123059 -49.6247466 0.0405
    endloop
  endfacet
  facet normal 0 0 1
    outer loop
      vertex 40.3269388 -49.6983111 0.0405
      vertex 40.3123059 -49.6247466 0.0405
      vertex 40.0263239 -49.6779923 0.0405
    endloop
  endfacet
  facet normal 0 0 1
    outer loop
      vertex 40.3269388 -49.6983111 0.0405
      vertex 40.0263239 -49.6779923 0.0405
      vertex 40.039147 -49.7518937 0.0405
    endloop
  endfacet
  facet normal 0 0 1
    outer loop
      vertex 40.039147 -49.7518937 0.0405
      vertex 40.0263239 -49.6779923 0.0405
      vertex 39.7501269 -49.7983974 0.0405
    endloop
  endfacet
  facet normal 0 -0 1
    outer loop
      vertex 39.7501269 -49.7983974 0.0405
      vertex 40.0263239 -49.6779923 0.0405
      vertex 39.7391213 -49.7242036 0.0405
    endloop
  endfacet
  facet normal 0 0 1
    outer loop
      vertex 39.7501269 -49.7983974 0.0405
      vertex 39.7391213 -49.7242036 0.0405
      vertex 39.4600527 -49.8377942 0.0405
    endloop
  endfacet
  facet normal 0 -0 1
    outer loop
      vertex 39.4600527 -49.8377942 0.0405
      vertex 39.7391213 -49.7242036 0.0405
      vertex 39.4508712 -49.7633527 0.0405
    endloop
  endfacet
  facet normal 0 0 1
    outer loop
      vertex 39.4600527 -49.8377942 0.0405
      vertex 39.4508712 -49.7633527 0.0405
      vertex 39.1617471 -49.7954159 0.0405
    endloop
  endfacet
  facet normal 0 0 1
    outer loop
      vertex 39.4600527 -49.8377942 0.0405
      vertex 39.1617471 -49.7954159 0.0405
      vertex 39.1690989 -49.8700604 0.0405
    endloop
  endfacet
  facet normal 0 0 1
    outer loop
      vertex 39.1690989 -49.8700604 0.0405
      vertex 39.1617471 -49.7954159 0.0405
      vertex 38.8774409 -49.8951765 0.0405
    endloop
  endfacet
  facet normal 0 -0 1
    outer loop
      vertex 38.8774409 -49.8951765 0.0405
      vertex 39.1617471 -49.7954159 0.0405
      vertex 38.8719232 -49.8203741 0.0405
    endloop
  endfacet
  facet normal 0 0 1
    outer loop
      vertex 38.8774409 -49.8951765 0.0405
      vertex 38.8719232 -49.8203741 0.0405
      vertex 38.5852544 -49.9131274 0.0405
    endloop
  endfacet
  facet normal 0 -0 1
    outer loop
      vertex 38.5852544 -49.9131274 0.0405
      vertex 38.8719232 -49.8203741 0.0405
      vertex 38.5815741 -49.8382121 0.0405
    endloop
  endfacet
  facet normal 0 0 1
    outer loop
      vertex 38.5852544 -49.9131274 0.0405
      vertex 38.5815741 -49.8382121 0.0405
      vertex 38.2927154 -49.9239022 0.0405
    endloop
  endfacet
  facet normal 0 -0 1
    outer loop
      vertex 38.2927154 -49.9239022 0.0405
      vertex 38.5815741 -49.8382121 0.0405
      vertex 38.2908746 -49.8489191 0.0405
    endloop
  endfacet
  facet normal 0 0 1
    outer loop
      vertex 38.2927154 -49.9239022 0.0405
      vertex 38.2908746 -49.8489191 0.0405
      vertex 37.9995551 -49.9275 0.0405
    endloop
  endfacet
  facet normal 0 -0 1
    outer loop
      vertex 37.9995551 -49.9275 0.0405
      vertex 38.2908746 -49.8489191 0.0405
      vertex 37.9990949 -49.8525 0.0405
    endloop
  endfacet
  facet normal 0 -0 1
    outer loop
      vertex 0.1475 -50 0.0405
      vertex 0.1475 -49.9275 0.0405
      vertex 0.0725 -50 0.0405
    endloop
  endfacet
  facet normal 0 0 1
    outer loop
      vertex 0.0725 -50 0.0405
      vertex 0.1475 -49.9275 0.0405
      vertex 0.0725 -49.9275 0.0405
    endloop
  endfacet
  facet normal 0 -0 1
    outer loop
      vertex -0.0725 -50 0.0405
      vertex -0.0725 -49.9275 0.0405
      vertex -0.1475 -50 0.0405
    endloop
  endfacet
  facet normal 0 0 1
    outer loop
      vertex -0.1475 -50 0.0405
      vertex -0.0725 -49.9275 0.0405
      vertex -0.1475 -49.9275 0.0405
    endloop
  endfacet
  facet normal 0 -0 1
    outer loop
      vertex -37.9995551 -49.9275 0.0405
      vertex -37.9990949 -49.8525 0.0405
      vertex -38.2908746 -49.8489191 0.0405
    endloop
  endfacet
  facet normal 0 0 1
    outer loop
      vertex -37.9995551 -49.9275 0.0405
      vertex -38.2908746 -49.8489191 0.0405
      vertex -38.2927154 -49.9239022 0.0405
    endloop
  endfacet
  facet normal 0 -0 1
    outer loop
      vertex -38.2927154 -49.9239022 0.0405
      vertex -38.2908746 -49.8489191 0.0405
      vertex -38.5815741 -49.8382121 0.0405
    endloop
  endfacet
  facet normal 0 0 1
    outer loop
      vertex -38.2927154 -49.9239022 0.0405
      vertex -38.5815741 -49.8382121 0.0405
      vertex -38.5852544 -49.9131274 0.0405
    endloop
  endfacet
  facet normal 0 -0 1
    outer loop
      vertex -38.5852544 -49.9131274 0.0405
      vertex -38.5815741 -49.8382121 0.0405
      vertex -38.8719232 -49.8203741 0.0405
    endloop
  endfacet
  facet normal 0 0 1
    outer loop
      vertex -38.5852544 -49.9131274 0.0405
      vertex -38.8719232 -49.8203741 0.0405
      vertex -38.8774409 -49.8951765 0.0405
    endloop
  endfacet
  facet normal 0 -0 1
    outer loop
      vertex -38.8774409 -49.8951765 0.0405
      vertex -38.8719232 -49.8203741 0.0405
      vertex -39.1617471 -49.7954159 0.0405
    endloop
  endfacet
  facet normal 0 0 1
    outer loop
      vertex -38.8774409 -49.8951765 0.0405
      vertex -39.1617471 -49.7954159 0.0405
      vertex -39.1690989 -49.8700604 0.0405
    endloop
  endfacet
  facet normal 0 -0 1
    outer loop
      vertex -39.1690989 -49.8700604 0.0405
      vertex -39.1617471 -49.7954159 0.0405
      vertex -39.4600527 -49.8377942 0.0405
    endloop
  endfacet
  facet normal 0 0 1
    outer loop
      vertex -39.4600527 -49.8377942 0.0405
      vertex -39.1617471 -49.7954159 0.0405
      vertex -39.4508712 -49.7633527 0.0405
    endloop
  endfacet
  facet normal 0 -0 1
    outer loop
      vertex -39.4600527 -49.8377942 0.0405
      vertex -39.4508712 -49.7633527 0.0405
      vertex -39.7391213 -49.7242036 0.0405
    endloop
  endfacet
  facet normal 0 0 1
    outer loop
      vertex -39.4600527 -49.8377942 0.0405
      vertex -39.7391213 -49.7242036 0.0405
      vertex -39.7501269 -49.7983974 0.0405
    endloop
  endfacet
  facet normal 0 -0 1
    outer loop
      vertex -39.7501269 -49.7983974 0.0405
      vertex -39.7391213 -49.7242036 0.0405
      vertex -40.0263239 -49.6779923 0.0405
    endloop
  endfacet
  facet normal 0 0 1
    outer loop
      vertex -39.7501269 -49.7983974 0.0405
      vertex -40.0263239 -49.6779923 0.0405
      vertex -40.039147 -49.7518937 0.0405
    endloop
  endfacet
  facet normal 0 -0 1
    outer loop
      vertex -40.039147 -49.7518937 0.0405
      vertex -40.0263239 -49.6779923 0.0405
      vertex -40.3269388 -49.6983111 0.0405
    endloop
  endfacet
  facet normal 0 0 1
    outer loop
      vertex -40.3269388 -49.6983111 0.0405
      vertex -40.0263239 -49.6779923 0.0405
      vertex -40.3123059 -49.6247466 0.0405
    endloop
  endfacet
  facet normal 0 -0 1
    outer loop
      vertex -40.3269388 -49.6983111 0.0405
      vertex -40.3123059 -49.6247466 0.0405
      vertex -40.596895 -49.5644987 0.0405
    endloop
  endfacet
  facet normal 0 0 1
    outer loop
      vertex -40.3269388 -49.6983111 0.0405
      vertex -40.596895 -49.5644987 0.0405
      vertex -40.6133288 -49.6376818 0.0405
    endloop
  endfacet
  facet normal 0 -0 1
    outer loop
      vertex -40.6133288 -49.6376818 0.0405
      vertex -40.596895 -49.5644987 0.0405
      vertex -40.8981448 -49.5700425 0.0405
    endloop
  endfacet
  facet normal 0 0 1
    outer loop
      vertex -40.8981448 -49.5700425 0.0405
      vertex -40.596895 -49.5644987 0.0405
      vertex -40.8799199 -49.4972847 0.0405
    endloop
  endfacet
  facet normal 0 -0 1
    outer loop
      vertex -40.8981448 -49.5700425 0.0405
      vertex -40.8799199 -49.4972847 0.0405
      vertex -41.181215 -49.4954338 0.0405
    endloop
  endfacet
  facet normal -0 0 1
    outer loop
      vertex -41.181215 -49.4954338 0.0405
      vertex -40.8799199 -49.4972847 0.0405
      vertex -41.16121 -49.4231451 0.0405
    endloop
  endfacet
  facet normal 0 -0 1
    outer loop
      vertex -41.181215 -49.4954338 0.0405
      vertex -41.16121 -49.4231451 0.0405
      vertex -41.4405959 -49.3421247 0.0405
    endloop
  endfacet
  facet normal 0 0 1
    outer loop
      vertex -41.181215 -49.4954338 0.0405
      vertex -41.4405959 -49.3421247 0.0405
      vertex -41.4623689 -49.4139006 0.0405
    endloop
  endfacet
  facet normal 0 -0 1
    outer loop
      vertex -41.4623689 -49.4139006 0.0405
      vertex -41.4405959 -49.3421247 0.0405
      vertex -41.7179093 -49.2542722 0.0405
    endloop
  endfacet
  facet normal 0 0 1
    outer loop
      vertex -41.4623689 -49.4139006 0.0405
      vertex -41.7179093 -49.2542722 0.0405
      vertex -41.7414372 -49.3254922 0.0405
    endloop
  endfacet
  facet normal 0 -0 1
    outer loop
      vertex -41.7414372 -49.3254922 0.0405
      vertex -41.7179093 -49.2542722 0.0405
      vertex -41.9929832 -49.1596406 0.0405
    endloop
  endfacet
  facet normal 0 0 1
    outer loop
      vertex -41.7414372 -49.3254922 0.0405
      vertex -41.9929832 -49.1596406 0.0405
      vertex -42.0182519 -49.2302617 0.0405
    endloop
  endfacet
  facet normal 0 -0 1
    outer loop
      vertex -42.0182519 -49.2302617 0.0405
      vertex -41.9929832 -49.1596406 0.0405
      vertex -42.2926461 -49.1282665 0.0405
    endloop
  endfacet
  facet normal -0 0 1
    outer loop
      vertex -42.2926461 -49.1282665 0.0405
      vertex -41.9929832 -49.1596406 0.0405
      vertex -42.2656519 -49.0582868 0.0405
    endloop
  endfacet
  facet normal 0 -0 1
    outer loop
      vertex -42.2926461 -49.1282665 0.0405
      vertex -42.2656519 -49.0582868 0.0405
      vertex -42.5644546 -49.0195681 0.0405
    endloop
  endfacet
  facet normal -0 0 1
    outer loop
      vertex -42.5644546 -49.0195681 0.0405
      vertex -42.2656519 -49.0582868 0.0405
      vertex -42.5357511 -48.9502719 0.0405
    endloop
  endfacet
  facet normal 0 -0 1
    outer loop
      vertex -42.5644546 -49.0195681 0.0405
      vertex -42.5357511 -48.9502719 0.0405
      vertex -42.8335136 -48.9042319 0.0405
    endloop
  endfacet
  facet normal -0 0 1
    outer loop
      vertex -42.8335136 -48.9042319 0.0405
      vertex -42.5357511 -48.9502719 0.0405
      vertex -42.8031182 -48.835661 0.0405
    endloop
  endfacet
  facet normal 0 -0 1
    outer loop
      vertex -42.8335136 -48.9042319 0.0405
      vertex -42.8031182 -48.835661 0.0405
      vertex -43.099661 -48.7823274 0.0405
    endloop
  endfacet
  facet normal -0 0 1
    outer loop
      vertex -43.099661 -48.7823274 0.0405
      vertex -42.8031182 -48.835661 0.0405
      vertex -43.067592 -48.7145231 0.0405
    endloop
  endfacet
  facet normal 0 -0 1
    outer loop
      vertex -43.099661 -48.7823274 0.0405
      vertex -43.067592 -48.7145231 0.0405
      vertex -43.3290133 -48.5869311 0.0405
    endloop
  endfacet
  facet normal 0 0 1
    outer loop
      vertex -43.099661 -48.7823274 0.0405
      vertex -43.3290133 -48.5869311 0.0405
      vertex -43.3627367 -48.653928 0.0405
    endloop
  endfacet
  facet normal 0 -0 1
    outer loop
      vertex -43.3627367 -48.653928 0.0405
      vertex -43.3290133 -48.5869311 0.0405
      vertex -43.622582 -48.5191111 0.0405
    endloop
  endfacet
  facet normal -0 0 1
    outer loop
      vertex -43.622582 -48.5191111 0.0405
      vertex -43.3290133 -48.5869311 0.0405
      vertex -43.5872246 -48.452962 0.0405
    endloop
  endfacet
  facet normal 0 -0 1
    outer loop
      vertex -43.622582 -48.5191111 0.0405
      vertex -43.5872246 -48.452962 0.0405
      vertex -43.8790405 -48.3779578 0.0405
    endloop
  endfacet
  facet normal -0 0 1
    outer loop
      vertex -43.8790405 -48.3779578 0.0405
      vertex -43.5872246 -48.452962 0.0405
      vertex -43.8420703 -48.3126964 0.0405
    endloop
  endfacet
  facet normal 0 -0 1
    outer loop
      vertex -43.8790405 -48.3779578 0.0405
      vertex -43.8420703 -48.3126964 0.0405
      vertex -44.0933971 -48.1662188 0.0405
    endloop
  endfacet
  facet normal 0 0 1
    outer loop
      vertex -43.8790405 -48.3779578 0.0405
      vertex -44.0933971 -48.1662188 0.0405
      vertex -44.1319577 -48.2305533 0.0405
    endloop
  endfacet
  facet normal 0 -0 1
    outer loop
      vertex -44.1319577 -48.2305533 0.0405
      vertex -44.0933971 -48.1662188 0.0405
      vertex -44.3410533 -48.0136175 0.0405
    endloop
  endfacet
  facet normal 0 0 1
    outer loop
      vertex -44.1319577 -48.2305533 0.0405
      vertex -44.3410533 -48.0136175 0.0405
      vertex -44.3811812 -48.0769863 0.0405
    endloop
  endfacet
  facet normal 0 -0 1
    outer loop
      vertex -44.3811812 -48.0769863 0.0405
      vertex -44.3410533 -48.0136175 0.0405
      vertex -44.58489 -47.8549843 0.0405
    endloop
  endfacet
  facet normal 0 0 1
    outer loop
      vertex -44.3811812 -48.0769863 0.0405
      vertex -44.58489 -47.8549843 0.0405
      vertex -44.6265609 -47.9173493 0.0405
    endloop
  endfacet
  facet normal 0 -0 1
    outer loop
      vertex -44.6265609 -47.9173493 0.0405
      vertex -44.58489 -47.8549843 0.0405
      vertex -44.8247602 -47.6904149 0.0405
    endloop
  endfacet
  facet normal 0 0 1
    outer loop
      vertex -44.6265609 -47.9173493 0.0405
      vertex -44.8247602 -47.6904149 0.0405
      vertex -44.8679491 -47.7517384 0.0405
    endloop
  endfacet
  facet normal 0 -0 1
    outer loop
      vertex -44.8679491 -47.7517384 0.0405
      vertex -44.8247602 -47.6904149 0.0405
      vertex -45.0605194 -47.5200083 0.0405
    endloop
  endfacet
  facet normal 0 0 1
    outer loop
      vertex -44.8679491 -47.7517384 0.0405
      vertex -45.0605194 -47.5200083 0.0405
      vertex -45.1052002 -47.5802534 0.0405
    endloop
  endfacet
  facet normal 0 -0 1
    outer loop
      vertex -45.1052002 -47.5802534 0.0405
      vertex -45.0605194 -47.5200083 0.0405
      vertex -45.2920256 -47.3438673 0.0405
    endloop
  endfacet
  facet normal 0 0 1
    outer loop
      vertex -45.1052002 -47.5802534 0.0405
      vertex -45.2920256 -47.3438673 0.0405
      vertex -45.3381714 -47.4029977 0.0405
    endloop
  endfacet
  facet normal 0 -0 1
    outer loop
      vertex -45.3381714 -47.4029977 0.0405
      vertex -45.2920256 -47.3438673 0.0405
      vertex -45.5667224 -47.220078 0.0405
    endloop
  endfacet
  facet normal -0 0 1
    outer loop
      vertex -45.5667224 -47.220078 0.0405
      vertex -45.2920256 -47.3438673 0.0405
      vertex -45.5191394 -47.1620978 0.0405
    endloop
  endfacet
  facet normal 0 -0 1
    outer loop
      vertex -45.5667224 -47.220078 0.0405
      vertex -45.5191394 -47.1620978 0.0405
      vertex -45.7907155 -47.0316044 0.0405
    endloop
  endfacet
  facet normal -0 0 1
    outer loop
      vertex -45.7907155 -47.0316044 0.0405
      vertex -45.5191394 -47.1620978 0.0405
      vertex -45.7417239 -46.9748094 0.0405
    endloop
  endfacet
  facet normal 0 -0 1
    outer loop
      vertex -45.7907155 -47.0316044 0.0405
      vertex -45.7417239 -46.9748094 0.0405
      vertex -45.9596451 -46.782115 0.0405
    endloop
  endfacet
  facet normal 0 0 1
    outer loop
      vertex -45.7907155 -47.0316044 0.0405
      vertex -45.9596451 -46.782115 0.0405
      vertex -46.0100158 -46.8376905 0.0405
    endloop
  endfacet
  facet normal 0 -0 1
    outer loop
      vertex -46.0100158 -46.8376905 0.0405
      vertex -45.9596451 -46.782115 0.0405
      vertex -46.2244911 -46.6384531 0.0405
    endloop
  endfacet
  facet normal -0 0 1
    outer loop
      vertex -46.2244911 -46.6384531 0.0405
      vertex -45.9596451 -46.782115 0.0405
      vertex -46.1727716 -46.5841305 0.0405
    endloop
  endfacet
  facet normal 0 -0 1
    outer loop
      vertex -46.2244911 -46.6384531 0.0405
      vertex -46.1727716 -46.5841305 0.0405
      vertex -46.4340123 -46.4340123 0.0405
    endloop
  endfacet
  facet normal -0 0 1
    outer loop
      vertex -46.4340123 -46.4340123 0.0405
      vertex -46.1727716 -46.5841305 0.0405
      vertex -46.3809753 -46.3809753 0.0405
    endloop
  endfacet
  facet normal 0 -0 1
    outer loop
      vertex -46.4340123 -46.4340123 0.0405
      vertex -46.3809753 -46.3809753 0.0405
      vertex -46.5841305 -46.1727716 0.0405
    endloop
  endfacet
  facet normal 0 0 1
    outer loop
      vertex -46.4340123 -46.4340123 0.0405
      vertex -46.5841305 -46.1727716 0.0405
      vertex -46.6384531 -46.2244911 0.0405
    endloop
  endfacet
  facet normal 0 -0 1
    outer loop
      vertex -46.6384531 -46.2244911 0.0405
      vertex -46.5841305 -46.1727716 0.0405
      vertex -46.782115 -45.9596451 0.0405
    endloop
  endfacet
  facet normal 0 0 1
    outer loop
      vertex -46.6384531 -46.2244911 0.0405
      vertex -46.782115 -45.9596451 0.0405
      vertex -46.8376905 -46.0100158 0.0405
    endloop
  endfacet
  facet normal 0 -0 1
    outer loop
      vertex -46.8376905 -46.0100158 0.0405
      vertex -46.782115 -45.9596451 0.0405
      vertex -47.0316044 -45.7907155 0.0405
    endloop
  endfacet
  facet normal -0 0 1
    outer loop
      vertex -47.0316044 -45.7907155 0.0405
      vertex -46.782115 -45.9596451 0.0405
      vertex -46.9748094 -45.7417239 0.0405
    endloop
  endfacet
  facet normal 0 -0 1
    outer loop
      vertex -47.0316044 -45.7907155 0.0405
      vertex -46.9748094 -45.7417239 0.0405
      vertex -47.1620978 -45.5191394 0.0405
    endloop
  endfacet
  facet normal 0 0 1
    outer loop
      vertex -47.0316044 -45.7907155 0.0405
      vertex -47.1620978 -45.5191394 0.0405
      vertex -47.220078 -45.5667224 0.0405
    endloop
  endfacet
  facet normal 0 -0 1
    outer loop
      vertex -47.220078 -45.5667224 0.0405
      vertex -47.1620978 -45.5191394 0.0405
      vertex -47.4029977 -45.3381714 0.0405
    endloop
  endfacet
  facet normal -0 0 1
    outer loop
      vertex -47.4029977 -45.3381714 0.0405
      vertex -47.1620978 -45.5191394 0.0405
      vertex -47.3438673 -45.2920256 0.0405
    endloop
  endfacet
  facet normal 0 -0 1
    outer loop
      vertex -47.4029977 -45.3381714 0.0405
      vertex -47.3438673 -45.2920256 0.0405
      vertex -47.5802534 -45.1052002 0.0405
    endloop
  endfacet
  facet normal -0 0 1
    outer loop
      vertex -47.5802534 -45.1052002 0.0405
      vertex -47.3438673 -45.2920256 0.0405
      vertex -47.5200083 -45.0605194 0.0405
    endloop
  endfacet
  facet normal 0 -0 1
    outer loop
      vertex -47.5802534 -45.1052002 0.0405
      vertex -47.5200083 -45.0605194 0.0405
      vertex -47.6904149 -44.8247602 0.0405
    endloop
  endfacet
  facet normal 0 0 1
    outer loop
      vertex -47.5802534 -45.1052002 0.0405
      vertex -47.6904149 -44.8247602 0.0405
      vertex -47.7517384 -44.8679491 0.0405
    endloop
  endfacet
  facet normal 0 -0 1
    outer loop
      vertex -47.7517384 -44.8679491 0.0405
      vertex -47.6904149 -44.8247602 0.0405
      vertex -47.9173493 -44.6265609 0.0405
    endloop
  endfacet
  facet normal -0 0 1
    outer loop
      vertex -47.9173493 -44.6265609 0.0405
      vertex -47.6904149 -44.8247602 0.0405
      vertex -47.8549843 -44.58489 0.0405
    endloop
  endfacet
  facet normal 0 -0 1
    outer loop
      vertex -47.9173493 -44.6265609 0.0405
      vertex -47.8549843 -44.58489 0.0405
      vertex -48.0769863 -44.3811812 0.0405
    endloop
  endfacet
  facet normal -0 0 1
    outer loop
      vertex -48.0769863 -44.3811812 0.0405
      vertex -47.8549843 -44.58489 0.0405
      vertex -48.0136175 -44.3410533 0.0405
    endloop
  endfacet
  facet normal 0 -0 1
    outer loop
      vertex -48.0769863 -44.3811812 0.0405
      vertex -48.0136175 -44.3410533 0.0405
      vertex -48.2305533 -44.1319577 0.0405
    endloop
  endfacet
  facet normal -0 0 1
    outer loop
      vertex -48.2305533 -44.1319577 0.0405
      vertex -48.0136175 -44.3410533 0.0405
      vertex -48.1662188 -44.0933971 0.0405
    endloop
  endfacet
  facet normal 0 -0 1
    outer loop
      vertex -48.2305533 -44.1319577 0.0405
      vertex -48.1662188 -44.0933971 0.0405
      vertex -48.3779578 -43.8790405 0.0405
    endloop
  endfacet
  facet normal -0 0 1
    outer loop
      vertex -48.3779578 -43.8790405 0.0405
      vertex -48.1662188 -44.0933971 0.0405
      vertex -48.3126964 -43.8420703 0.0405
    endloop
  endfacet
  facet normal 0 -0 1
    outer loop
      vertex -48.3779578 -43.8790405 0.0405
      vertex -48.3126964 -43.8420703 0.0405
      vertex -48.452962 -43.5872246 0.0405
    endloop
  endfacet
  facet normal 0 0 1
    outer loop
      vertex -48.3779578 -43.8790405 0.0405
      vertex -48.452962 -43.5872246 0.0405
      vertex -48.5191111 -43.622582 0.0405
    endloop
  endfacet
  facet normal 0 -0 1
    outer loop
      vertex -48.5191111 -43.622582 0.0405
      vertex -48.452962 -43.5872246 0.0405
      vertex -48.5869311 -43.3290133 0.0405
    endloop
  endfacet
  facet normal 0 0 1
    outer loop
      vertex -48.5191111 -43.622582 0.0405
      vertex -48.5869311 -43.3290133 0.0405
      vertex -48.653928 -43.3627367 0.0405
    endloop
  endfacet
  facet normal 0 -0 1
    outer loop
      vertex -48.653928 -43.3627367 0.0405
      vertex -48.5869311 -43.3290133 0.0405
      vertex -48.7823274 -43.099661 0.0405
    endloop
  endfacet
  facet normal -0 0 1
    outer loop
      vertex -48.7823274 -43.099661 0.0405
      vertex -48.5869311 -43.3290133 0.0405
      vertex -48.7145231 -43.067592 0.0405
    endloop
  endfacet
  facet normal 0 -0 1
    outer loop
      vertex -48.7823274 -43.099661 0.0405
      vertex -48.7145231 -43.067592 0.0405
      vertex -48.9042319 -42.8335136 0.0405
    endloop
  endfacet
  facet normal -0 0 1
    outer loop
      vertex -48.9042319 -42.8335136 0.0405
      vertex -48.7145231 -43.067592 0.0405
      vertex -48.835661 -42.8031182 0.0405
    endloop
  endfacet
  facet normal 0 -0 1
    outer loop
      vertex -48.9042319 -42.8335136 0.0405
      vertex -48.835661 -42.8031182 0.0405
      vertex -48.9502719 -42.5357511 0.0405
    endloop
  endfacet
  facet normal 0 0 1
    outer loop
      vertex -48.9042319 -42.8335136 0.0405
      vertex -48.9502719 -42.5357511 0.0405
      vertex -49.0195681 -42.5644546 0.0405
    endloop
  endfacet
  facet normal 0 -0 1
    outer loop
      vertex -49.0195681 -42.5644546 0.0405
      vertex -48.9502719 -42.5357511 0.0405
      vertex -49.0582868 -42.2656519 0.0405
    endloop
  endfacet
  facet normal 0 0 1
    outer loop
      vertex -49.0195681 -42.5644546 0.0405
      vertex -49.0582868 -42.2656519 0.0405
      vertex -49.1282665 -42.2926461 0.0405
    endloop
  endfacet
  facet normal 0 -0 1
    outer loop
      vertex -49.1282665 -42.2926461 0.0405
      vertex -49.0582868 -42.2656519 0.0405
      vertex -49.2302617 -42.0182519 0.0405
    endloop
  endfacet
  facet normal -0 0 1
    outer loop
      vertex -49.2302617 -42.0182519 0.0405
      vertex -49.0582868 -42.2656519 0.0405
      vertex -49.1596406 -41.9929832 0.0405
    endloop
  endfacet
  facet normal 0 -0 1
    outer loop
      vertex -49.2302617 -42.0182519 0.0405
      vertex -49.1596406 -41.9929832 0.0405
      vertex -49.3254922 -41.7414372 0.0405
    endloop
  endfacet
  facet normal -0 0 1
    outer loop
      vertex -49.3254922 -41.7414372 0.0405
      vertex -49.1596406 -41.9929832 0.0405
      vertex -49.2542722 -41.7179093 0.0405
    endloop
  endfacet
  facet normal 0 -0 1
    outer loop
      vertex -49.3254922 -41.7414372 0.0405
      vertex -49.2542722 -41.7179093 0.0405
      vertex -49.4139006 -41.4623689 0.0405
    endloop
  endfacet
  facet normal -0 0 1
    outer loop
      vertex -49.4139006 -41.4623689 0.0405
      vertex -49.2542722 -41.7179093 0.0405
      vertex -49.3421247 -41.4405959 0.0405
    endloop
  endfacet
  facet normal 0 -0 1
    outer loop
      vertex -49.4139006 -41.4623689 0.0405
      vertex -49.3421247 -41.4405959 0.0405
      vertex -49.4954338 -41.181215 0.0405
    endloop
  endfacet
  facet normal -0 0 1
    outer loop
      vertex -49.4954338 -41.181215 0.0405
      vertex -49.3421247 -41.4405959 0.0405
      vertex -49.4231451 -41.16121 0.0405
    endloop
  endfacet
  facet normal 0 -0 1
    outer loop
      vertex -49.4954338 -41.181215 0.0405
      vertex -49.4231451 -41.16121 0.0405
      vertex -49.4972847 -40.8799199 0.0405
    endloop
  endfacet
  facet normal 0 0 1
    outer loop
      vertex -49.4954338 -41.181215 0.0405
      vertex -49.4972847 -40.8799199 0.0405
      vertex -49.5700425 -40.8981448 0.0405
    endloop
  endfacet
  facet normal 0 0 1
    outer loop
      vertex -49.5700425 -40.8981448 0.0405
      vertex -49.4972847 -40.8799199 0.0405
      vertex -49.5644987 -40.596895 0.0405
    endloop
  endfacet
  facet normal 0 -0 1
    outer loop
      vertex -49.5700425 -40.8981448 0.0405
      vertex -49.5644987 -40.596895 0.0405
      vertex -49.6376818 -40.6133288 0.0405
    endloop
  endfacet
  facet normal 0 -0 1
    outer loop
      vertex -49.6376818 -40.6133288 0.0405
      vertex -49.5644987 -40.596895 0.0405
      vertex -49.6983111 -40.3269388 0.0405
    endloop
  endfacet
  facet normal -0 0 1
    outer loop
      vertex -49.6983111 -40.3269388 0.0405
      vertex -49.5644987 -40.596895 0.0405
      vertex -49.6247466 -40.3123059 0.0405
    endloop
  endfacet
  facet normal 0 0 1
    outer loop
      vertex -49.6983111 -40.3269388 0.0405
      vertex -49.6247466 -40.3123059 0.0405
      vertex -49.6779923 -40.0263239 0.0405
    endloop
  endfacet
  facet normal 0 -0 1
    outer loop
      vertex -49.6983111 -40.3269388 0.0405
      vertex -49.6779923 -40.0263239 0.0405
      vertex -49.7518937 -40.039147 0.0405
    endloop
  endfacet
  facet normal 0 -0 1
    outer loop
      vertex -49.7518937 -40.039147 0.0405
      vertex -49.6779923 -40.0263239 0.0405
      vertex -49.7983974 -39.7501269 0.0405
    endloop
  endfacet
  facet normal -0 0 1
    outer loop
      vertex -49.7983974 -39.7501269 0.0405
      vertex -49.6779923 -40.0263239 0.0405
      vertex -49.7242036 -39.7391213 0.0405
    endloop
  endfacet
  facet normal 0 -0 1
    outer loop
      vertex -49.7983974 -39.7501269 0.0405
      vertex -49.7242036 -39.7391213 0.0405
      vertex -49.8377942 -39.4600527 0.0405
    endloop
  endfacet
  facet normal -0 0 1
    outer loop
      vertex -49.8377942 -39.4600527 0.0405
      vertex -49.7242036 -39.7391213 0.0405
      vertex -49.7633527 -39.4508712 0.0405
    endloop
  endfacet
  facet normal 0 0 1
    outer loop
      vertex -49.8377942 -39.4600527 0.0405
      vertex -49.7633527 -39.4508712 0.0405
      vertex -49.7954159 -39.1617471 0.0405
    endloop
  endfacet
  facet normal 0 -0 1
    outer loop
      vertex -49.8377942 -39.4600527 0.0405
      vertex -49.7954159 -39.1617471 0.0405
      vertex -49.8700604 -39.1690989 0.0405
    endloop
  endfacet
  facet normal 0 -0 1
    outer loop
      vertex -49.8700604 -39.1690989 0.0405
      vertex -49.7954159 -39.1617471 0.0405
      vertex -49.8951765 -38.8774409 0.0405
    endloop
  endfacet
  facet normal -0 0 1
    outer loop
      vertex -49.8951765 -38.8774409 0.0405
      vertex -49.7954159 -39.1617471 0.0405
      vertex -49.8203741 -38.8719232 0.0405
    endloop
  endfacet
  facet normal 0 -0 1
    outer loop
      vertex -49.8951765 -38.8774409 0.0405
      vertex -49.8203741 -38.8719232 0.0405
      vertex -49.9131274 -38.5852544 0.0405
    endloop
  endfacet
  facet normal -0 0 1
    outer loop
      vertex -49.9131274 -38.5852544 0.0405
      vertex -49.8203741 -38.8719232 0.0405
      vertex -49.8382121 -38.5815741 0.0405
    endloop
  endfacet
  facet normal 0 -0 1
    outer loop
      vertex -49.9131274 -38.5852544 0.0405
      vertex -49.8382121 -38.5815741 0.0405
      vertex -49.9239022 -38.2927154 0.0405
    endloop
  endfacet
  facet normal -0 0 1
    outer loop
      vertex -49.9239022 -38.2927154 0.0405
      vertex -49.8382121 -38.5815741 0.0405
      vertex -49.8489191 -38.2908746 0.0405
    endloop
  endfacet
  facet normal 0 -0 1
    outer loop
      vertex -49.9239022 -38.2927154 0.0405
      vertex -49.8489191 -38.2908746 0.0405
      vertex -49.9275 -37.9995551 0.0405
    endloop
  endfacet
  facet normal -0 0 1
    outer loop
      vertex -49.9275 -37.9995551 0.0405
      vertex -49.8489191 -38.2908746 0.0405
      vertex -49.8525 -37.9990949 0.0405
    endloop
  endfacet
  facet normal 0 0 1
    outer loop
      vertex -50 -0.1475 0.0405
      vertex -49.9275 -0.1475 0.0405
      vertex -49.9275 -0.0725 0.0405
    endloop
  endfacet
  facet normal 0 0 1
    outer loop
      vertex -50 -0.1475 0.0405
      vertex -49.9275 -0.0725 0.0405
      vertex -50 -0.0725 0.0405
    endloop
  endfacet
  facet normal 0 0 1
    outer loop
      vertex -50 0.0725 0.0405
      vertex -49.9275 0.0725 0.0405
      vertex -49.9275 0.1475 0.0405
    endloop
  endfacet
  facet normal 0 0 1
    outer loop
      vertex -50 0.0725 0.0405
      vertex -49.9275 0.1475 0.0405
      vertex -50 0.1475 0.0405
    endloop
  endfacet
  facet normal -0 0 1
    outer loop
      vertex -49.9275 37.9995551 0.0405
      vertex -49.8525 37.9990949 0.0405
      vertex -49.8489191 38.2908746 0.0405
    endloop
  endfacet
  facet normal 0 0 1
    outer loop
      vertex -49.9275 37.9995551 0.0405
      vertex -49.8489191 38.2908746 0.0405
      vertex -49.9239022 38.2927154 0.0405
    endloop
  endfacet
  facet normal -0 0 1
    outer loop
      vertex -49.9239022 38.2927154 0.0405
      vertex -49.8489191 38.2908746 0.0405
      vertex -49.8382121 38.5815741 0.0405
    endloop
  endfacet
  facet normal 0 0 1
    outer loop
      vertex -49.9239022 38.2927154 0.0405
      vertex -49.8382121 38.5815741 0.0405
      vertex -49.9131274 38.5852544 0.0405
    endloop
  endfacet
  facet normal -0 0 1
    outer loop
      vertex -49.9131274 38.5852544 0.0405
      vertex -49.8382121 38.5815741 0.0405
      vertex -49.8203741 38.8719232 0.0405
    endloop
  endfacet
  facet normal 0 0 1
    outer loop
      vertex -49.9131274 38.5852544 0.0405
      vertex -49.8203741 38.8719232 0.0405
      vertex -49.8951765 38.8774409 0.0405
    endloop
  endfacet
  facet normal -0 0 1
    outer loop
      vertex -49.8951765 38.8774409 0.0405
      vertex -49.8203741 38.8719232 0.0405
      vertex -49.7954159 39.1617471 0.0405
    endloop
  endfacet
  facet normal 0 0 1
    outer loop
      vertex -49.8951765 38.8774409 0.0405
      vertex -49.7954159 39.1617471 0.0405
      vertex -49.8700604 39.1690989 0.0405
    endloop
  endfacet
  facet normal -0 0 1
    outer loop
      vertex -49.8700604 39.1690989 0.0405
      vertex -49.7954159 39.1617471 0.0405
      vertex -49.8377942 39.4600527 0.0405
    endloop
  endfacet
  facet normal 0 0 1
    outer loop
      vertex -49.8377942 39.4600527 0.0405
      vertex -49.7954159 39.1617471 0.0405
      vertex -49.7633527 39.4508712 0.0405
    endloop
  endfacet
  facet normal -0 0 1
    outer loop
      vertex -49.8377942 39.4600527 0.0405
      vertex -49.7633527 39.4508712 0.0405
      vertex -49.7242036 39.7391213 0.0405
    endloop
  endfacet
  facet normal 0 0 1
    outer loop
      vertex -49.8377942 39.4600527 0.0405
      vertex -49.7242036 39.7391213 0.0405
      vertex -49.7983974 39.7501269 0.0405
    endloop
  endfacet
  facet normal -0 0 1
    outer loop
      vertex -49.7983974 39.7501269 0.0405
      vertex -49.7242036 39.7391213 0.0405
      vertex -49.6779923 40.0263239 0.0405
    endloop
  endfacet
  facet normal 0 0 1
    outer loop
      vertex -49.7983974 39.7501269 0.0405
      vertex -49.6779923 40.0263239 0.0405
      vertex -49.7518937 40.039147 0.0405
    endloop
  endfacet
  facet normal -0 0 1
    outer loop
      vertex -49.7518937 40.039147 0.0405
      vertex -49.6779923 40.0263239 0.0405
      vertex -49.6983111 40.3269388 0.0405
    endloop
  endfacet
  facet normal 0 0 1
    outer loop
      vertex -49.6983111 40.3269388 0.0405
      vertex -49.6779923 40.0263239 0.0405
      vertex -49.6247466 40.3123059 0.0405
    endloop
  endfacet
  facet normal -0 0 1
    outer loop
      vertex -49.6983111 40.3269388 0.0405
      vertex -49.6247466 40.3123059 0.0405
      vertex -49.5644987 40.596895 0.0405
    endloop
  endfacet
  facet normal 0 0 1
    outer loop
      vertex -49.6983111 40.3269388 0.0405
      vertex -49.5644987 40.596895 0.0405
      vertex -49.6376818 40.6133288 0.0405
    endloop
  endfacet
  facet normal -0 0 1
    outer loop
      vertex -49.6376818 40.6133288 0.0405
      vertex -49.5644987 40.596895 0.0405
      vertex -49.5700425 40.8981448 0.0405
    endloop
  endfacet
  facet normal 0 0 1
    outer loop
      vertex -49.5700425 40.8981448 0.0405
      vertex -49.5644987 40.596895 0.0405
      vertex -49.4972847 40.8799199 0.0405
    endloop
  endfacet
  facet normal -0 0 1
    outer loop
      vertex -49.5700425 40.8981448 0.0405
      vertex -49.4972847 40.8799199 0.0405
      vertex -49.4954338 41.181215 0.0405
    endloop
  endfacet
  facet normal 0 0 1
    outer loop
      vertex -49.4954338 41.181215 0.0405
      vertex -49.4972847 40.8799199 0.0405
      vertex -49.4231451 41.16121 0.0405
    endloop
  endfacet
  facet normal -0 0 1
    outer loop
      vertex -49.4954338 41.181215 0.0405
      vertex -49.4231451 41.16121 0.0405
      vertex -49.3421247 41.4405959 0.0405
    endloop
  endfacet
  facet normal 0 0 1
    outer loop
      vertex -49.4954338 41.181215 0.0405
      vertex -49.3421247 41.4405959 0.0405
      vertex -49.4139006 41.4623689 0.0405
    endloop
  endfacet
  facet normal -0 0 1
    outer loop
      vertex -49.4139006 41.4623689 0.0405
      vertex -49.3421247 41.4405959 0.0405
      vertex -49.2542722 41.7179093 0.0405
    endloop
  endfacet
  facet normal 0 0 1
    outer loop
      vertex -49.4139006 41.4623689 0.0405
      vertex -49.2542722 41.7179093 0.0405
      vertex -49.3254922 41.7414372 0.0405
    endloop
  endfacet
  facet normal -0 0 1
    outer loop
      vertex -49.3254922 41.7414372 0.0405
      vertex -49.2542722 41.7179093 0.0405
      vertex -49.1596406 41.9929832 0.0405
    endloop
  endfacet
  facet normal 0 0 1
    outer loop
      vertex -49.3254922 41.7414372 0.0405
      vertex -49.1596406 41.9929832 0.0405
      vertex -49.2302617 42.0182519 0.0405
    endloop
  endfacet
  facet normal -0 0 1
    outer loop
      vertex -49.2302617 42.0182519 0.0405
      vertex -49.1596406 41.9929832 0.0405
      vertex -49.1282665 42.2926461 0.0405
    endloop
  endfacet
  facet normal 0 0 1
    outer loop
      vertex -49.1282665 42.2926461 0.0405
      vertex -49.1596406 41.9929832 0.0405
      vertex -49.0582868 42.2656519 0.0405
    endloop
  endfacet
  facet normal -0 0 1
    outer loop
      vertex -49.1282665 42.2926461 0.0405
      vertex -49.0582868 42.2656519 0.0405
      vertex -49.0195681 42.5644546 0.0405
    endloop
  endfacet
  facet normal 0 0 1
    outer loop
      vertex -49.0195681 42.5644546 0.0405
      vertex -49.0582868 42.2656519 0.0405
      vertex -48.9502719 42.5357511 0.0405
    endloop
  endfacet
  facet normal -0 0 1
    outer loop
      vertex -49.0195681 42.5644546 0.0405
      vertex -48.9502719 42.5357511 0.0405
      vertex -48.9042319 42.8335136 0.0405
    endloop
  endfacet
  facet normal 0 0 1
    outer loop
      vertex -48.9042319 42.8335136 0.0405
      vertex -48.9502719 42.5357511 0.0405
      vertex -48.835661 42.8031182 0.0405
    endloop
  endfacet
  facet normal -0 0 1
    outer loop
      vertex -48.9042319 42.8335136 0.0405
      vertex -48.835661 42.8031182 0.0405
      vertex -48.7145231 43.067592 0.0405
    endloop
  endfacet
  facet normal 0 0 1
    outer loop
      vertex -48.9042319 42.8335136 0.0405
      vertex -48.7145231 43.067592 0.0405
      vertex -48.7823274 43.099661 0.0405
    endloop
  endfacet
  facet normal -0 0 1
    outer loop
      vertex -48.7823274 43.099661 0.0405
      vertex -48.7145231 43.067592 0.0405
      vertex -48.5869311 43.3290133 0.0405
    endloop
  endfacet
  facet normal 0 0 1
    outer loop
      vertex -48.7823274 43.099661 0.0405
      vertex -48.5869311 43.3290133 0.0405
      vertex -48.653928 43.3627367 0.0405
    endloop
  endfacet
  facet normal -0 0 1
    outer loop
      vertex -48.653928 43.3627367 0.0405
      vertex -48.5869311 43.3290133 0.0405
      vertex -48.5191111 43.622582 0.0405
    endloop
  endfacet
  facet normal 0 0 1
    outer loop
      vertex -48.5191111 43.622582 0.0405
      vertex -48.5869311 43.3290133 0.0405
      vertex -48.452962 43.5872246 0.0405
    endloop
  endfacet
  facet normal -0 0 1
    outer loop
      vertex -48.5191111 43.622582 0.0405
      vertex -48.452962 43.5872246 0.0405
      vertex -48.3779578 43.8790405 0.0405
    endloop
  endfacet
  facet normal 0 0 1
    outer loop
      vertex -48.3779578 43.8790405 0.0405
      vertex -48.452962 43.5872246 0.0405
      vertex -48.3126964 43.8420703 0.0405
    endloop
  endfacet
  facet normal -0 0 1
    outer loop
      vertex -48.3779578 43.8790405 0.0405
      vertex -48.3126964 43.8420703 0.0405
      vertex -48.1662188 44.0933971 0.0405
    endloop
  endfacet
  facet normal 0 0 1
    outer loop
      vertex -48.3779578 43.8790405 0.0405
      vertex -48.1662188 44.0933971 0.0405
      vertex -48.2305533 44.1319577 0.0405
    endloop
  endfacet
  facet normal -0 0 1
    outer loop
      vertex -48.2305533 44.1319577 0.0405
      vertex -48.1662188 44.0933971 0.0405
      vertex -48.0136175 44.3410533 0.0405
    endloop
  endfacet
  facet normal 0 0 1
    outer loop
      vertex -48.2305533 44.1319577 0.0405
      vertex -48.0136175 44.3410533 0.0405
      vertex -48.0769863 44.3811812 0.0405
    endloop
  endfacet
  facet normal -0 0 1
    outer loop
      vertex -48.0769863 44.3811812 0.0405
      vertex -48.0136175 44.3410533 0.0405
      vertex -47.8549843 44.58489 0.0405
    endloop
  endfacet
  facet normal 0 0 1
    outer loop
      vertex -48.0769863 44.3811812 0.0405
      vertex -47.8549843 44.58489 0.0405
      vertex -47.9173493 44.6265609 0.0405
    endloop
  endfacet
  facet normal -0 0 1
    outer loop
      vertex -47.9173493 44.6265609 0.0405
      vertex -47.8549843 44.58489 0.0405
      vertex -47.6904149 44.8247602 0.0405
    endloop
  endfacet
  facet normal 0 0 1
    outer loop
      vertex -47.9173493 44.6265609 0.0405
      vertex -47.6904149 44.8247602 0.0405
      vertex -47.7517384 44.8679491 0.0405
    endloop
  endfacet
  facet normal -0 0 1
    outer loop
      vertex -47.7517384 44.8679491 0.0405
      vertex -47.6904149 44.8247602 0.0405
      vertex -47.5200083 45.0605194 0.0405
    endloop
  endfacet
  facet normal 0 0 1
    outer loop
      vertex -47.7517384 44.8679491 0.0405
      vertex -47.5200083 45.0605194 0.0405
      vertex -47.5802534 45.1052002 0.0405
    endloop
  endfacet
  facet normal -0 0 1
    outer loop
      vertex -47.5802534 45.1052002 0.0405
      vertex -47.5200083 45.0605194 0.0405
      vertex -47.3438673 45.2920256 0.0405
    endloop
  endfacet
  facet normal 0 0 1
    outer loop
      vertex -47.5802534 45.1052002 0.0405
      vertex -47.3438673 45.2920256 0.0405
      vertex -47.4029977 45.3381714 0.0405
    endloop
  endfacet
  facet normal -0 0 1
    outer loop
      vertex -47.4029977 45.3381714 0.0405
      vertex -47.3438673 45.2920256 0.0405
      vertex -47.220078 45.5667224 0.0405
    endloop
  endfacet
  facet normal 0 0 1
    outer loop
      vertex -47.220078 45.5667224 0.0405
      vertex -47.3438673 45.2920256 0.0405
      vertex -47.1620978 45.5191394 0.0405
    endloop
  endfacet
  facet normal -0 0 1
    outer loop
      vertex -47.220078 45.5667224 0.0405
      vertex -47.1620978 45.5191394 0.0405
      vertex -47.0316044 45.7907155 0.0405
    endloop
  endfacet
  facet normal 0 0 1
    outer loop
      vertex -47.0316044 45.7907155 0.0405
      vertex -47.1620978 45.5191394 0.0405
      vertex -46.9748094 45.7417239 0.0405
    endloop
  endfacet
  facet normal -0 0 1
    outer loop
      vertex -47.0316044 45.7907155 0.0405
      vertex -46.9748094 45.7417239 0.0405
      vertex -46.782115 45.9596451 0.0405
    endloop
  endfacet
  facet normal 0 0 1
    outer loop
      vertex -37.9990949 49.8525 0.0405
      vertex -0.1475 49.8525 0.0405
      vertex -0.1475 49.9275 0.0405
    endloop
  endfacet
  facet normal 0 0 1
    outer loop
      vertex -0.1475 49.9275 0.0405
      vertex -0.1475 49.8525 0.0405
      vertex -0.0725 49.8525 0.0405
    endloop
  endfacet
  facet normal -0 0 1
    outer loop
      vertex -0.1475 49.9275 0.0405
      vertex -0.0725 49.8525 0.0405
      vertex -0.0725 49.9275 0.0405
    endloop
  endfacet
  facet normal 0 0 1
    outer loop
      vertex -0.0725 49.9275 0.0405
      vertex -0.0725 49.8525 0.0405
      vertex 0.0725 49.8525 0.0405
    endloop
  endfacet
  facet normal -0 0 1
    outer loop
      vertex -0.0725 49.9275 0.0405
      vertex 0.0725 49.8525 0.0405
      vertex 0.0725 49.9275 0.0405
    endloop
  endfacet
  facet normal 0 0 1
    outer loop
      vertex 0.0725 49.9275 0.0405
      vertex 0.0725 49.8525 0.0405
      vertex 0.1475 49.8525 0.0405
    endloop
  endfacet
  facet normal -0 0 1
    outer loop
      vertex 0.0725 49.9275 0.0405
      vertex 0.1475 49.8525 0.0405
      vertex 0.1475 49.9275 0.0405
    endloop
  endfacet
  facet normal 0 0 1
    outer loop
      vertex 0.1475 49.9275 0.0405
      vertex 0.1475 49.8525 0.0405
      vertex 37.9990949 49.8525 0.0405
    endloop
  endfacet
  facet normal 0 0 1
    outer loop
      vertex 49.8382121 38.5815741 0.0405
      vertex 49.8489191 38.2908746 0.0405
      vertex 49.9239022 38.2927154 0.0405
    endloop
  endfacet
  facet normal 0 0 1
    outer loop
      vertex 49.9239022 38.2927154 0.0405
      vertex 49.8489191 38.2908746 0.0405
      vertex 49.9275 37.9995551 0.0405
    endloop
  endfacet
  facet normal 0 0 1
    outer loop
      vertex 49.9275 37.9995551 0.0405
      vertex 49.8489191 38.2908746 0.0405
      vertex 49.8525 37.9990949 0.0405
    endloop
  endfacet
  facet normal 0 0 1
    outer loop
      vertex 50 0.1475 0.0405
      vertex 49.9275 0.1475 0.0405
      vertex 49.9275 0.0725 0.0405
    endloop
  endfacet
  facet normal 0 0 1
    outer loop
      vertex 50 0.1475 0.0405
      vertex 49.9275 0.0725 0.0405
      vertex 50 0.0725 0.0405
    endloop
  endfacet
  facet normal 0 0 1
    outer loop
      vertex 50 -0.0725 0.0405
      vertex 49.9275 -0.0725 0.0405
      vertex 49.9275 -0.1475 0.0405
    endloop
  endfacet
  facet normal 0 0 1
    outer loop
      vertex 50 -0.0725 0.0405
      vertex 49.9275 -0.1475 0.0405
      vertex 50 -0.1475 0.0405
    endloop
  endfacet
  facet normal 0 0 1
    outer loop
      vertex 49.9275 -37.9995551 0.0405
      vertex 49.8525 -37.9990949 0.0405
      vertex 49.8489191 -38.2908746 0.0405
    endloop
  endfacet
  facet normal 0 0 1
    outer loop
      vertex 49.9275 -37.9995551 0.0405
      vertex 49.8489191 -38.2908746 0.0405
      vertex 49.9239022 -38.2927154 0.0405
    endloop
  endfacet
  facet normal 0 0 1
    outer loop
      vertex 49.9239022 -38.2927154 0.0405
      vertex 49.8489191 -38.2908746 0.0405
      vertex 49.8382121 -38.5815741 0.0405
    endloop
  endfacet
  facet normal 0 0 1
    outer loop
      vertex 49.9239022 -38.2927154 0.0405
      vertex 49.8382121 -38.5815741 0.0405
      vertex 49.9131274 -38.5852544 0.0405
    endloop
  endfacet
  facet normal 0 0 1
    outer loop
      vertex 49.9131274 -38.5852544 0.0405
      vertex 49.8382121 -38.5815741 0.0405
      vertex 49.8203741 -38.8719232 0.0405
    endloop
  endfacet
  facet normal 0 0 1
    outer loop
      vertex 49.9131274 -38.5852544 0.0405
      vertex 49.8203741 -38.8719232 0.0405
      vertex 49.8951765 -38.8774409 0.0405
    endloop
  endfacet
  facet normal 0 0 1
    outer loop
      vertex 49.8951765 -38.8774409 0.0405
      vertex 49.8203741 -38.8719232 0.0405
      vertex 49.7954159 -39.1617471 0.0405
    endloop
  endfacet
  facet normal 0 0 1
    outer loop
      vertex 49.8951765 -38.8774409 0.0405
      vertex 49.7954159 -39.1617471 0.0405
      vertex 49.8700604 -39.1690989 0.0405
    endloop
  endfacet
  facet normal 0 0 1
    outer loop
      vertex 49.8700604 -39.1690989 0.0405
      vertex 49.7954159 -39.1617471 0.0405
      vertex 49.8377942 -39.4600527 0.0405
    endloop
  endfacet
  facet normal 0 0 1
    outer loop
      vertex 49.8377942 -39.4600527 0.0405
      vertex 49.7954159 -39.1617471 0.0405
      vertex 49.7633527 -39.4508712 0.0405
    endloop
  endfacet
  facet normal 0 0 1
    outer loop
      vertex 49.8377942 -39.4600527 0.0405
      vertex 49.7633527 -39.4508712 0.0405
      vertex 49.7242036 -39.7391213 0.0405
    endloop
  endfacet
  facet normal 0 0 1
    outer loop
      vertex 49.8377942 -39.4600527 0.0405
      vertex 49.7242036 -39.7391213 0.0405
      vertex 49.7983974 -39.7501269 0.0405
    endloop
  endfacet
  facet normal 0 0 1
    outer loop
      vertex 49.7983974 -39.7501269 0.0405
      vertex 49.7242036 -39.7391213 0.0405
      vertex 49.6779923 -40.0263239 0.0405
    endloop
  endfacet
  facet normal 0 0 1
    outer loop
      vertex 49.7983974 -39.7501269 0.0405
      vertex 49.6779923 -40.0263239 0.0405
      vertex 49.7518937 -40.039147 0.0405
    endloop
  endfacet
  facet normal 0 0 1
    outer loop
      vertex 49.7518937 -40.039147 0.0405
      vertex 49.6779923 -40.0263239 0.0405
      vertex 49.6983111 -40.3269388 0.0405
    endloop
  endfacet
  facet normal 0 0 1
    outer loop
      vertex 49.6983111 -40.3269388 0.0405
      vertex 49.6779923 -40.0263239 0.0405
      vertex 49.6247466 -40.3123059 0.0405
    endloop
  endfacet
  facet normal 0 0 1
    outer loop
      vertex 49.6983111 -40.3269388 0.0405
      vertex 49.6247466 -40.3123059 0.0405
      vertex 49.5644987 -40.596895 0.0405
    endloop
  endfacet
  facet normal 0 0 1
    outer loop
      vertex 49.6983111 -40.3269388 0.0405
      vertex 49.5644987 -40.596895 0.0405
      vertex 49.6376818 -40.6133288 0.0405
    endloop
  endfacet
  facet normal 0 0 1
    outer loop
      vertex 49.6376818 -40.6133288 0.0405
      vertex 49.5644987 -40.596895 0.0405
      vertex 49.5700425 -40.8981448 0.0405
    endloop
  endfacet
  facet normal 0 0 1
    outer loop
      vertex 49.5700425 -40.8981448 0.0405
      vertex 49.5644987 -40.596895 0.0405
      vertex 49.4972847 -40.8799199 0.0405
    endloop
  endfacet
  facet normal 0 0 1
    outer loop
      vertex 49.5700425 -40.8981448 0.0405
      vertex 49.4972847 -40.8799199 0.0405
      vertex 49.4954338 -41.181215 0.0405
    endloop
  endfacet
  facet normal 0 -0 1
    outer loop
      vertex 49.4954338 -41.181215 0.0405
      vertex 49.4972847 -40.8799199 0.0405
      vertex 49.4231451 -41.16121 0.0405
    endloop
  endfacet
  facet normal 0 0 1
    outer loop
      vertex 49.4954338 -41.181215 0.0405
      vertex 49.4231451 -41.16121 0.0405
      vertex 49.3421247 -41.4405959 0.0405
    endloop
  endfacet
  facet normal 0 0 1
    outer loop
      vertex 49.4954338 -41.181215 0.0405
      vertex 49.3421247 -41.4405959 0.0405
      vertex 49.4139006 -41.4623689 0.0405
    endloop
  endfacet
  facet normal 0 0 1
    outer loop
      vertex 49.4139006 -41.4623689 0.0405
      vertex 49.3421247 -41.4405959 0.0405
      vertex 49.2542722 -41.7179093 0.0405
    endloop
  endfacet
  facet normal 0 0 1
    outer loop
      vertex 49.4139006 -41.4623689 0.0405
      vertex 49.2542722 -41.7179093 0.0405
      vertex 49.3254922 -41.7414372 0.0405
    endloop
  endfacet
  facet normal 0 0 1
    outer loop
      vertex 49.3254922 -41.7414372 0.0405
      vertex 49.2542722 -41.7179093 0.0405
      vertex 49.1596406 -41.9929832 0.0405
    endloop
  endfacet
  facet normal 0 0 1
    outer loop
      vertex 49.3254922 -41.7414372 0.0405
      vertex 49.1596406 -41.9929832 0.0405
      vertex 49.2302617 -42.0182519 0.0405
    endloop
  endfacet
  facet normal 0 0 1
    outer loop
      vertex 49.2302617 -42.0182519 0.0405
      vertex 49.1596406 -41.9929832 0.0405
      vertex 49.1282665 -42.2926461 0.0405
    endloop
  endfacet
  facet normal 0 -0 1
    outer loop
      vertex 49.1282665 -42.2926461 0.0405
      vertex 49.1596406 -41.9929832 0.0405
      vertex 49.0582868 -42.2656519 0.0405
    endloop
  endfacet
  facet normal 0 0 1
    outer loop
      vertex 49.1282665 -42.2926461 0.0405
      vertex 49.0582868 -42.2656519 0.0405
      vertex 49.0195681 -42.5644546 0.0405
    endloop
  endfacet
  facet normal 0 -0 1
    outer loop
      vertex 49.0195681 -42.5644546 0.0405
      vertex 49.0582868 -42.2656519 0.0405
      vertex 48.9502719 -42.5357511 0.0405
    endloop
  endfacet
  facet normal 0 0 1
    outer loop
      vertex 49.0195681 -42.5644546 0.0405
      vertex 48.9502719 -42.5357511 0.0405
      vertex 48.9042319 -42.8335136 0.0405
    endloop
  endfacet
  facet normal 0 -0 1
    outer loop
      vertex 48.9042319 -42.8335136 0.0405
      vertex 48.9502719 -42.5357511 0.0405
      vertex 48.835661 -42.8031182 0.0405
    endloop
  endfacet
  facet normal 0 0 1
    outer loop
      vertex 48.9042319 -42.8335136 0.0405
      vertex 48.835661 -42.8031182 0.0405
      vertex 48.7145231 -43.067592 0.0405
    endloop
  endfacet
  facet normal 0 0 1
    outer loop
      vertex 48.9042319 -42.8335136 0.0405
      vertex 48.7145231 -43.067592 0.0405
      vertex 48.7823274 -43.099661 0.0405
    endloop
  endfacet
  facet normal 0 0 1
    outer loop
      vertex 48.7823274 -43.099661 0.0405
      vertex 48.7145231 -43.067592 0.0405
      vertex 48.5869311 -43.3290133 0.0405
    endloop
  endfacet
  facet normal 0 0 1
    outer loop
      vertex 48.7823274 -43.099661 0.0405
      vertex 48.5869311 -43.3290133 0.0405
      vertex 48.653928 -43.3627367 0.0405
    endloop
  endfacet
  facet normal 0 0 1
    outer loop
      vertex 48.653928 -43.3627367 0.0405
      vertex 48.5869311 -43.3290133 0.0405
      vertex 48.5191111 -43.622582 0.0405
    endloop
  endfacet
  facet normal 0 -0 1
    outer loop
      vertex 48.5191111 -43.622582 0.0405
      vertex 48.5869311 -43.3290133 0.0405
      vertex 48.452962 -43.5872246 0.0405
    endloop
  endfacet
  facet normal 0 0 1
    outer loop
      vertex 48.5191111 -43.622582 0.0405
      vertex 48.452962 -43.5872246 0.0405
      vertex 48.3779578 -43.8790405 0.0405
    endloop
  endfacet
  facet normal 0 -0 1
    outer loop
      vertex 48.3779578 -43.8790405 0.0405
      vertex 48.452962 -43.5872246 0.0405
      vertex 48.3126964 -43.8420703 0.0405
    endloop
  endfacet
  facet normal 0 0 1
    outer loop
      vertex 48.3779578 -43.8790405 0.0405
      vertex 48.3126964 -43.8420703 0.0405
      vertex 48.1662188 -44.0933971 0.0405
    endloop
  endfacet
  facet normal 0 0 1
    outer loop
      vertex 48.3779578 -43.8790405 0.0405
      vertex 48.1662188 -44.0933971 0.0405
      vertex 48.2305533 -44.1319577 0.0405
    endloop
  endfacet
  facet normal 0 0 1
    outer loop
      vertex 48.2305533 -44.1319577 0.0405
      vertex 48.1662188 -44.0933971 0.0405
      vertex 48.0136175 -44.3410533 0.0405
    endloop
  endfacet
  facet normal 0 0 1
    outer loop
      vertex 48.2305533 -44.1319577 0.0405
      vertex 48.0136175 -44.3410533 0.0405
      vertex 48.0769863 -44.3811812 0.0405
    endloop
  endfacet
  facet normal 0 0 1
    outer loop
      vertex 48.0769863 -44.3811812 0.0405
      vertex 48.0136175 -44.3410533 0.0405
      vertex 47.8549843 -44.58489 0.0405
    endloop
  endfacet
  facet normal 0 0 1
    outer loop
      vertex 48.0769863 -44.3811812 0.0405
      vertex 47.8549843 -44.58489 0.0405
      vertex 47.9173493 -44.6265609 0.0405
    endloop
  endfacet
  facet normal 0 0 1
    outer loop
      vertex 47.9173493 -44.6265609 0.0405
      vertex 47.8549843 -44.58489 0.0405
      vertex 47.6904149 -44.8247602 0.0405
    endloop
  endfacet
  facet normal 0 0 1
    outer loop
      vertex 47.9173493 -44.6265609 0.0405
      vertex 47.6904149 -44.8247602 0.0405
      vertex 47.7517384 -44.8679491 0.0405
    endloop
  endfacet
  facet normal 0 0 1
    outer loop
      vertex 47.7517384 -44.8679491 0.0405
      vertex 47.6904149 -44.8247602 0.0405
      vertex 47.5200083 -45.0605194 0.0405
    endloop
  endfacet
  facet normal 0 0 1
    outer loop
      vertex 47.7517384 -44.8679491 0.0405
      vertex 47.5200083 -45.0605194 0.0405
      vertex 47.5802534 -45.1052002 0.0405
    endloop
  endfacet
  facet normal 0 0 1
    outer loop
      vertex 47.5802534 -45.1052002 0.0405
      vertex 47.5200083 -45.0605194 0.0405
      vertex 47.3438673 -45.2920256 0.0405
    endloop
  endfacet
  facet normal 0 0 1
    outer loop
      vertex 47.5802534 -45.1052002 0.0405
      vertex 47.3438673 -45.2920256 0.0405
      vertex 47.4029977 -45.3381714 0.0405
    endloop
  endfacet
  facet normal 0 0 1
    outer loop
      vertex 47.4029977 -45.3381714 0.0405
      vertex 47.3438673 -45.2920256 0.0405
      vertex 47.220078 -45.5667224 0.0405
    endloop
  endfacet
  facet normal 0 -0 1
    outer loop
      vertex 47.220078 -45.5667224 0.0405
      vertex 47.3438673 -45.2920256 0.0405
      vertex 47.1620978 -45.5191394 0.0405
    endloop
  endfacet
  facet normal 0 0 1
    outer loop
      vertex 47.220078 -45.5667224 0.0405
      vertex 47.1620978 -45.5191394 0.0405
      vertex 47.0316044 -45.7907155 0.0405
    endloop
  endfacet
  facet normal 0 -0 1
    outer loop
      vertex 47.0316044 -45.7907155 0.0405
      vertex 47.1620978 -45.5191394 0.0405
      vertex 46.9748094 -45.7417239 0.0405
    endloop
  endfacet
  facet normal 0 0 1
    outer loop
      vertex 47.0316044 -45.7907155 0.0405
      vertex 46.9748094 -45.7417239 0.0405
      vertex 46.782115 -45.9596451 0.0405
    endloop
  endfacet
  facet normal 0 0 1
    outer loop
      vertex 47.0316044 -45.7907155 0.0405
      vertex 46.782115 -45.9596451 0.0405
      vertex 46.8376905 -46.0100158 0.0405
    endloop
  endfacet
  facet normal 0 0 1
    outer loop
      vertex 46.8376905 -46.0100158 0.0405
      vertex 46.782115 -45.9596451 0.0405
      vertex 46.6384531 -46.2244911 0.0405
    endloop
  endfacet
  facet normal 0 -0 1
    outer loop
      vertex 46.6384531 -46.2244911 0.0405
      vertex 46.782115 -45.9596451 0.0405
      vertex 46.5841305 -46.1727716 0.0405
    endloop
  endfacet
  facet normal 0 0 1
    outer loop
      vertex 46.6384531 -46.2244911 0.0405
      vertex 46.5841305 -46.1727716 0.0405
      vertex 46.4340123 -46.4340123 0.0405
    endloop
  endfacet
  facet normal 0 -0 1
    outer loop
      vertex 46.4340123 -46.4340123 0.0405
      vertex 46.5841305 -46.1727716 0.0405
      vertex 46.3809753 -46.3809753 0.0405
    endloop
  endfacet
  facet normal 0 0 1
    outer loop
      vertex 46.4340123 -46.4340123 0.0405
      vertex 46.3809753 -46.3809753 0.0405
      vertex 46.1727716 -46.5841305 0.0405
    endloop
  endfacet
  facet normal 0 0 1
    outer loop
      vertex 46.4340123 -46.4340123 0.0405
      vertex 46.1727716 -46.5841305 0.0405
      vertex 46.2244911 -46.6384531 0.0405
    endloop
  endfacet
  facet normal 0 0 1
    outer loop
      vertex 46.2244911 -46.6384531 0.0405
      vertex 46.1727716 -46.5841305 0.0405
      vertex 45.9596451 -46.782115 0.0405
    endloop
  endfacet
  facet normal 0 0 1
    outer loop
      vertex 37.9990949 -49.8525 0.0405
      vertex 0.1475 -49.8525 0.0405
      vertex 0.1475 -49.9275 0.0405
    endloop
  endfacet
  facet normal 0 -0 1
    outer loop
      vertex 0.1475 -49.9275 0.0405
      vertex 0.1475 -49.8525 0.0405
      vertex 0.0725 -49.8525 0.0405
    endloop
  endfacet
  facet normal 0 0 1
    outer loop
      vertex 0.1475 -49.9275 0.0405
      vertex 0.0725 -49.8525 0.0405
      vertex 0.0725 -49.9275 0.0405
    endloop
  endfacet
  facet normal 0 -0 1
    outer loop
      vertex 0.0725 -49.9275 0.0405
      vertex 0.0725 -49.8525 0.0405
      vertex -0.0725 -49.8525 0.0405
    endloop
  endfacet
  facet normal 0 0 1
    outer loop
      vertex 0.0725 -49.9275 0.0405
      vertex -0.0725 -49.8525 0.0405
      vertex -0.0725 -49.9275 0.0405
    endloop
  endfacet
  facet normal 0 -0 1
    outer loop
      vertex -0.0725 -49.9275 0.0405
      vertex -0.0725 -49.8525 0.0405
      vertex -0.1475 -49.8525 0.0405
    endloop
  endfacet
  facet normal 0 0 1
    outer loop
      vertex -0.0725 -49.9275 0.0405
      vertex -0.1475 -49.8525 0.0405
      vertex -0.1475 -49.9275 0.0405
    endloop
  endfacet
  facet normal 0 -0 1
    outer loop
      vertex -0.1475 -49.9275 0.0405
      vertex -0.1475 -49.8525 0.0405
      vertex -37.9990949 -49.8525 0.0405
    endloop
  endfacet
  facet normal 0 -0 1
    outer loop
      vertex -49.8525 -37.9990949 0.0405
      vertex -49.8525 -0.1475 0.0405
      vertex -49.9275 -0.1475 0.0405
    endloop
  endfacet
  facet normal 0 0 1
    outer loop
      vertex -49.9275 -0.1475 0.0405
      vertex -49.8525 -0.1475 0.0405
      vertex -49.9275 -0.0725 0.0405
    endloop
  endfacet
  facet normal -0 0 1
    outer loop
      vertex -49.9275 -0.0725 0.0405
      vertex -49.8525 -0.1475 0.0405
      vertex -49.8525 -0.0725 0.0405
    endloop
  endfacet
  facet normal 0 0 1
    outer loop
      vertex -49.9275 -0.0725 0.0405
      vertex -49.8525 -0.0725 0.0405
      vertex -49.9275 0.0725 0.0405
    endloop
  endfacet
  facet normal -0 0 1
    outer loop
      vertex -49.9275 0.0725 0.0405
      vertex -49.8525 -0.0725 0.0405
      vertex -49.8525 0.0725 0.0405
    endloop
  endfacet
  facet normal 0 0 1
    outer loop
      vertex -49.9275 0.0725 0.0405
      vertex -49.8525 0.0725 0.0405
      vertex -49.9275 0.1475 0.0405
    endloop
  endfacet
  facet normal -0 0 1
    outer loop
      vertex -49.9275 0.1475 0.0405
      vertex -49.8525 0.0725 0.0405
      vertex -49.8525 0.1475 0.0405
    endloop
  endfacet
  facet normal 0 0 1
    outer loop
      vertex -49.9275 0.1475 0.0405
      vertex -49.8525 0.1475 0.0405
      vertex -49.8525 37.9990949 0.0405
    endloop
  endfacet
  facet normal 0 0 1
    outer loop
      vertex -0.1475 0.1475 0.0405
      vertex -49.8525 0.1475 0.0405
      vertex -49.8525 0.0725 0.0405
    endloop
  endfacet
  facet normal 0 0 1
    outer loop
      vertex -0.1475 0.1475 0.0405
      vertex -49.8525 0.0725 0.0405
      vertex -0.1475 0.0725 0.0405
    endloop
  endfacet
  facet normal 0 0 1
    outer loop
      vertex -0.1475 0.1475 0.0405
      vertex -0.1475 0.0725 0.0405
      vertex -0.0725 0.0725 0.0405
    endloop
  endfacet
  facet normal -0 0 1
    outer loop
      vertex -0.1475 0.1475 0.0405
      vertex -0.0725 0.0725 0.0405
      vertex -0.0725 0.1475 0.0405
    endloop
  endfacet
  facet normal 0 0 1
    outer loop
      vertex -0.1475 0.1475 0.0405
      vertex -0.0725 0.1475 0.0405
      vertex -0.0725 49.8525 0.0405
    endloop
  endfacet
  facet normal 0 0 1
    outer loop
      vertex -0.1475 0.1475 0.0405
      vertex -0.0725 49.8525 0.0405
      vertex -0.1475 49.8525 0.0405
    endloop
  endfacet
  facet normal -0 0 1
    outer loop
      vertex 0.0725 49.8525 0.0405
      vertex 0.0725 0.1475 0.0405
      vertex 0.1475 49.8525 0.0405
    endloop
  endfacet
  facet normal 0 0 1
    outer loop
      vertex 0.1475 49.8525 0.0405
      vertex 0.0725 0.1475 0.0405
      vertex 0.1475 0.1475 0.0405
    endloop
  endfacet
  facet normal 0 0 1
    outer loop
      vertex 0.1475 0.1475 0.0405
      vertex 0.0725 0.1475 0.0405
      vertex 0.1475 0.0725 0.0405
    endloop
  endfacet
  facet normal -0 0 1
    outer loop
      vertex 0.1475 0.1475 0.0405
      vertex 0.1475 0.0725 0.0405
      vertex 49.8525 0.1475 0.0405
    endloop
  endfacet
  facet normal 0 0 1
    outer loop
      vertex 49.8525 37.9990949 0.0405
      vertex 49.8525 0.1475 0.0405
      vertex 49.9275 0.1475 0.0405
    endloop
  endfacet
  facet normal 0 0 1
    outer loop
      vertex 49.9275 0.1475 0.0405
      vertex 49.8525 0.1475 0.0405
      vertex 49.9275 0.0725 0.0405
    endloop
  endfacet
  facet normal 0 0 1
    outer loop
      vertex 49.9275 0.0725 0.0405
      vertex 49.8525 0.1475 0.0405
      vertex 49.8525 0.0725 0.0405
    endloop
  endfacet
  facet normal 0 0 1
    outer loop
      vertex 49.9275 0.0725 0.0405
      vertex 49.8525 0.0725 0.0405
      vertex 49.9275 -0.0725 0.0405
    endloop
  endfacet
  facet normal 0 0 1
    outer loop
      vertex 49.9275 -0.0725 0.0405
      vertex 49.8525 0.0725 0.0405
      vertex 49.8525 -0.0725 0.0405
    endloop
  endfacet
  facet normal 0 0 1
    outer loop
      vertex 49.9275 -0.0725 0.0405
      vertex 49.8525 -0.0725 0.0405
      vertex 49.9275 -0.1475 0.0405
    endloop
  endfacet
  facet normal 0 0 1
    outer loop
      vertex 49.9275 -0.1475 0.0405
      vertex 49.8525 -0.0725 0.0405
      vertex 49.8525 -0.1475 0.0405
    endloop
  endfacet
  facet normal 0 0 1
    outer loop
      vertex 49.9275 -0.1475 0.0405
      vertex 49.8525 -0.1475 0.0405
      vertex 49.8525 -37.9990949 0.0405
    endloop
  endfacet
  facet normal 0 0 1
    outer loop
      vertex 0.1475 -0.1475 0.0405
      vertex 49.8525 -0.1475 0.0405
      vertex 49.8525 -0.0725 0.0405
    endloop
  endfacet
  facet normal 0 0 1
    outer loop
      vertex 0.1475 -0.1475 0.0405
      vertex 49.8525 -0.0725 0.0405
      vertex 0.1475 -0.0725 0.0405
    endloop
  endfacet
  facet normal 0 -0 1
    outer loop
      vertex 0.1475 -0.1475 0.0405
      vertex 0.1475 -0.0725 0.0405
      vertex 0.0725 -0.0725 0.0405
    endloop
  endfacet
  facet normal 0 0 1
    outer loop
      vertex 0.1475 -0.1475 0.0405
      vertex 0.0725 -0.0725 0.0405
      vertex 0.0725 -0.1475 0.0405
    endloop
  endfacet
  facet normal 0 0 1
    outer loop
      vertex 0.1475 -0.1475 0.0405
      vertex 0.0725 -0.1475 0.0405
      vertex 0.0725 -49.8525 0.0405
    endloop
  endfacet
  facet normal 0 0 1
    outer loop
      vertex 0.1475 -0.1475 0.0405
      vertex 0.0725 -49.8525 0.0405
      vertex 0.1475 -49.8525 0.0405
    endloop
  endfacet
  facet normal 0 -0 1
    outer loop
      vertex -0.0725 -49.8525 0.0405
      vertex -0.0725 -0.1475 0.0405
      vertex -0.1475 -49.8525 0.0405
    endloop
  endfacet
  facet normal 0 0 1
    outer loop
      vertex -0.1475 -49.8525 0.0405
      vertex -0.0725 -0.1475 0.0405
      vertex -0.1475 -0.1475 0.0405
    endloop
  endfacet
  facet normal 0 0 1
    outer loop
      vertex -0.1475 -0.1475 0.0405
      vertex -0.0725 -0.1475 0.0405
      vertex -0.1475 -0.0725 0.0405
    endloop
  endfacet
  facet normal 0 -0 1
    outer loop
      vertex -0.1475 -0.1475 0.0405
      vertex -0.1475 -0.0725 0.0405
      vertex -49.8525 -0.1475 0.0405
    endloop
  endfacet
  facet normal 0 0 1
    outer loop
      vertex -49.8525 -0.1475 0.0405
      vertex -0.1475 -0.0725 0.0405
      vertex -49.8525 -0.0725 0.0405
    endloop
  endfacet
  facet normal 0 0 1
    outer loop
      vertex -0.1475 0.0725 0.0405
      vertex -0.1475 -0.0725 0.0405
      vertex -0.0725 -0.0725 0.0405
    endloop
  endfacet
  facet normal -0 0 1
    outer loop
      vertex -0.1475 0.0725 0.0405
      vertex -0.0725 -0.0725 0.0405
      vertex -0.0725 0.0725 0.0405
    endloop
  endfacet
  facet normal 0 0 1
    outer loop
      vertex -0.0725 0.0725 0.0405
      vertex 0.0725 0.0725 0.0405
      vertex -0.0725 0.1475 0.0405
    endloop
  endfacet
  facet normal -0 0 1
    outer loop
      vertex -0.0725 0.1475 0.0405
      vertex 0.0725 0.0725 0.0405
      vertex 0.0725 0.1475 0.0405
    endloop
  endfacet
  facet normal 0 0 1
    outer loop
      vertex 0.0725 0.1475 0.0405
      vertex 0.0725 0.0725 0.0405
      vertex 0.1475 0.0725 0.0405
    endloop
  endfacet
  facet normal 0 0 1
    outer loop
      vertex 0.1475 0.0725 0.0405
      vertex 0.0725 0.0725 0.0405
      vertex 0.1475 -0.0725 0.0405
    endloop
  endfacet
  facet normal 0 0 1
    outer loop
      vertex 0.1475 0.0725 0.0405
      vertex 49.8525 0.0725 0.0405
      vertex 49.8525 0.1475 0.0405
    endloop
  endfacet
  facet normal 0 0 1
    outer loop
      vertex 0.1475 -0.0725 0.0405
      vertex 0.0725 0.0725 0.0405
      vertex 0.0725 -0.0725 0.0405
    endloop
  endfacet
  facet normal 0 0 1
    outer loop
      vertex 0.0725 -0.0725 0.0405
      vertex -0.0725 -0.0725 0.0405
      vertex 0.0725 -0.1475 0.0405
    endloop
  endfacet
  facet normal 0 0 1
    outer loop
      vertex 0.0725 -0.1475 0.0405
      vertex -0.0725 -0.0725 0.0405
      vertex -0.0725 -0.1475 0.0405
    endloop
  endfacet
  facet normal 0 -0 1
    outer loop
      vertex -0.0725 -0.1475 0.0405
      vertex -0.0725 -0.0725 0.0405
      vertex -0.1475 -0.0725 0.0405
    endloop
  endfacet
endsolid yellow_centerlines
